YEAR,MONTH,DAY,DAY_OF_WEEK,AIRLINE,FLIGHT_NUMBER,TAIL_NUMBER,ORIGIN_AIRPORT,DESTINATION_AIRPORT,SCHEDULED_DEPARTURE,DEPARTURE_TIME,DEPARTURE_DELAY,TAXI_OUT,WHEELS_OFF,SCHEDULED_TIME,ELAPSED_TIME,AIR_TIME,DISTANCE,WHEELS_ON,TAXI_IN,SCHEDULED_ARRIVAL,ARRIVAL_TIME,ARRIVAL_DELAY,DIVERTED,CANCELLED,CANCELLATION_REASON,AIR_SYSTEM_DELAY,SECURITY_DELAY,AIRLINE_DELAY,LATE_AIRCRAFT_DELAY,WEATHER_DELAY
2015,4,11,6,WN,3777,N378SW,HOU,GSP,805,805,0,10,815,125,122,108,845,1103,4,1110,1107,-3,0,0,,,,,,
2015,8,24,1,DL,1427,N951AT,ATL,SAV,2205,2207,2,13,2220,64,56,38,214,2258,5,2309,2303,-6,0,0,,,,,,
2015,4,22,3,AS,2,N586AS,SEA,DCA,1355,1348,-7,14,1402,302,276,259,2329,2121,3,2157,2124,-33,0,0,,,,,,
2015,3,28,6,VX,905,N528VA,LAS,SFO,1115,1110,-5,14,1124,95,83,63,414,1227,6,1250,1233,-17,0,0,,,,,,
2015,6,13,6,US,622,N586UW,PHX,JFK,1530,1529,-1,15,1544,296,278,256,2153,2300,7,2326,2307,-19,0,0,,,,,,
2015,12,1,2,EV,4571,N13566,EWR,BWI,1140,1139,-1,30,1209,70,81,40,169,1249,11,1250,1300,10,0,0,,,,,,
2015,8,23,7,AS,592,N514AS,PDX,SNA,1535,1546,11,10,1556,140,139,125,859,1801,4,1755,1805,10,0,0,,,,,,
2015,10,1,4,EV,5281,N730EV,10721,14524,840,837,-3,18,855,107,105,83,474,1018,4,1027,1022,-5,0,0,,,,,,
2015,4,6,1,WN,3745,N637SW,MCO,DEN,850,848,-2,7,855,255,228,215,1546,1030,6,1105,1036,-29,0,0,,,,,,
2015,12,28,1,WN,314,N7723E,ATL,MDW,645,,,,,115,,,591,,,740,,,0,1,B,,,,,
2015,12,4,5,F9,1232,N910FR,LAS,MIA,2315,2307,-8,18,2325,270,261,236,2174,621,7,645,628,-17,0,0,,,,,,
2015,3,25,3,EV,4714,N12563,BDL,EWR,530,522,-8,18,540,54,59,33,116,613,8,624,621,-3,0,0,,,,,,
2015,11,25,3,AA,456,N662AW,IAH,PHX,1500,1455,-5,15,1510,172,164,144,1009,1634,5,1652,1639,-13,0,0,,,,,,
2015,9,4,5,WN,2839,N207WN,PVD,MCO,610,608,-2,9,617,175,153,138,1072,835,6,905,841,-24,0,0,,,,,,
2015,6,30,2,MQ,3441,N650MQ,ABI,DFW,1827,1819,-8,4,1823,58,58,49,158,1912,5,1925,1917,-8,0,0,,,,,,
2015,8,19,3,WN,746,N7825A,LAX,TUS,1005,1002,-3,17,1019,80,82,61,451,1120,4,1125,1124,-1,0,0,,,,,,
2015,6,14,7,OO,5357,N495CA,DEN,MAF,2215,2218,3,15,2233,100,95,76,563,49,4,55,53,-2,0,0,,,,,,
2015,7,7,2,WN,1544,N8616C,MCO,SAN,1040,1040,0,9,1049,295,275,262,2149,1211,4,1235,1215,-20,0,0,,,,,,
2015,2,13,5,WN,4453,N270WN,HOU,STL,915,910,-5,11,921,115,115,101,687,1102,3,1110,1105,-5,0,0,,,,,,
2015,5,11,1,EV,4592,N16541,BHM,IAH,926,1206,160,20,1226,117,,,562,1703,8,1123,1711,,1,0,,,,,,
2015,5,5,2,DL,1626,N971DL,BHM,ATL,1606,1602,-4,11,1613,69,48,29,134,1742,8,1815,1750,-25,0,0,,,,,,
2015,6,4,4,WN,3482,N604SW,RDU,HOU,955,1009,14,7,1016,175,145,134,1050,1130,4,1150,1134,-16,0,0,,,,,,
2015,1,14,3,EV,4334,N13968,EWR,CMH,607,600,-7,14,614,116,100,74,463,728,12,803,740,-23,0,0,,,,,,
2015,3,13,5,WN,2616,N7736A,OAK,SEA,900,901,1,12,913,125,121,100,671,1053,9,1105,1102,-3,0,0,,,,,,
2015,11,22,7,AA,1729,N537UW,CLT,MCO,1120,1117,-3,21,1138,99,110,77,468,1255,12,1259,1307,8,0,0,,,,,,
2015,5,4,1,WN,529,N759GS,SJC,AUS,935,936,1,8,944,200,186,171,1476,1435,7,1455,1442,-13,0,0,,,,,,
2015,10,28,3,AA,1577,N3CFAA,11057,11298,1305,1322,17,24,1346,175,187,150,936,1516,13,1500,1529,29,0,0,,12,0,17,0,0
2015,6,14,7,AA,1358,N3JGAA,ORD,LAX,1510,1509,-1,10,1519,274,244,226,1744,1705,8,1744,1713,-31,0,0,,,,,,
2015,11,1,7,OO,2869,N868CA,ABQ,LAX,1526,1518,-8,13,1531,131,124,102,677,1613,9,1637,1622,-15,0,0,,,,,,
2015,5,11,1,US,1936,N539UW,CLT,EWR,1210,1205,-5,17,1222,112,107,85,529,1347,5,1402,1352,-10,0,0,,,,,,
2015,5,11,1,WN,1898,N7751A,SJU,FLL,645,641,-4,14,655,175,156,139,1046,914,3,940,917,-23,0,0,,,,,,
2015,2,26,4,DL,2206,N966DL,ATL,ORF,1400,1428,28,19,1447,96,84,61,516,1548,4,1536,1552,16,0,0,,0,0,4,12,0
2015,7,3,5,AA,1995,N103US,PHL,ORD,1410,1406,-4,14,1420,142,119,98,678,1458,7,1532,1505,-27,0,0,,,,,,
2015,3,24,2,AS,696,N531AS,SEA,GEG,1605,1629,24,9,1638,55,51,39,224,1717,3,1700,1720,20,0,0,,0,0,20,0,0
2015,2,10,2,WN,437,N904WN,SNA,LAS,1610,1733,83,3,1736,65,51,43,226,1819,5,1715,1824,69,0,0,,0,0,66,3,0
2015,12,14,1,AA,1270,N3FVAA,RSW,DFW,1839,1824,-15,17,1841,181,170,142,1017,2003,11,2040,2014,-26,0,0,,,,,,
2015,6,26,5,B6,624,N946JB,LAX,JFK,2110,2109,-1,10,2119,317,314,300,2475,519,4,527,523,-4,0,0,,,,,,
2015,8,13,4,OO,5465,N934SW,DEN,JMS,2026,2055,29,17,2112,110,104,82,573,2334,5,2316,2339,23,0,0,,0,0,0,23,0
2015,11,8,7,EV,5130,N855AS,DSM,DTW,1730,1950,140,12,2002,105,97,83,534,2225,2,2015,2227,132,0,0,,0,0,120,12,0
2015,11,18,3,WN,2775,N215WN,LAS,RNO,600,636,36,9,645,80,73,60,345,745,4,720,749,29,0,0,,0,0,29,0,0
2015,2,21,6,DL,2287,N952DN,DTW,ATL,1730,1753,23,12,1805,129,111,87,594,1932,12,1939,1944,5,0,0,,,,,,
2015,4,29,3,MQ,3031,N683MQ,ORD,BMI,1520,1517,-3,9,1526,59,36,25,116,1551,2,1619,1553,-26,0,0,,,,,,
2015,10,30,5,F9,242,N218FR,11292,12266,1505,1553,48,13,1606,139,181,141,862,1927,27,1824,1954,90,0,0,,54,0,25,11,0
2015,7,19,7,AA,1605,N850AA,MIA,DFW,1525,1529,4,14,1543,186,171,145,1121,1708,12,1731,1720,-11,0,0,,,,,,
2015,12,2,3,NK,431,N526NK,RSW,DFW,1958,2003,5,9,2012,169,163,147,1017,2139,7,2147,2146,-1,0,0,,,,,,
2015,12,23,3,WN,1843,N7701B,MDW,OAK,1150,1211,21,10,1221,280,285,269,1844,1450,6,1430,1456,26,0,0,,5,0,0,0,21
2015,4,9,4,EV,3269,N14204,LFT,IAH,1451,1442,-9,7,1449,63,50,38,201,1527,5,1554,1532,-22,0,0,,,,,,
2015,7,16,4,AA,1423,N3BKAA,PBI,DFW,600,553,-7,14,607,178,,,1102,955,6,758,1001,,1,0,,,,,,
2015,4,19,7,DL,2164,N924DN,LGA,ATL,900,857,-3,24,921,160,150,115,762,1116,11,1140,1127,-13,0,0,,,,,,
2015,1,13,2,US,1917,N171US,BOS,PHL,700,658,-2,31,729,105,106,71,280,840,4,845,844,-1,0,0,,,,,,
2015,11,29,7,WN,2518,N209WN,BNA,HOU,2005,2012,7,7,2019,130,114,99,670,2158,8,2215,2206,-9,0,0,,,,,,
2015,11,3,2,WN,2603,N554WN,RSW,BWI,1400,1401,1,14,1415,140,142,122,919,1617,6,1620,1623,3,0,0,,,,,,
2015,12,29,2,DL,951,N957AT,FLL,LGA,1100,1056,-4,17,1113,177,156,133,1076,1326,6,1357,1332,-25,0,0,,,,,,
2015,2,12,4,MQ,3204,N515MQ,XNA,ORD,600,551,-9,23,614,105,144,99,522,753,22,745,815,30,0,0,,30,0,0,0,0
2015,4,22,3,EV,4148,N14203,CVG,EWR,602,553,-9,14,607,117,109,83,569,730,12,759,742,-17,0,0,,,,,,
2015,9,27,7,WN,2202,N260WN,FLL,MDW,1840,1914,34,11,1925,195,192,152,1167,2057,29,2055,2126,31,0,0,,0,0,3,28,0
2015,11,17,2,DL,1564,N6707A,ATL,RDU,1232,1241,9,11,1252,78,66,51,356,1343,4,1350,1347,-3,0,0,,,,,,
2015,5,4,1,UA,368,N810UA,MDT,ORD,1718,1704,-14,17,1721,124,122,95,594,1756,10,1822,1806,-16,0,0,,,,,,
2015,6,23,2,UA,1272,N14731,MIA,IAH,1143,1138,-5,13,1151,170,142,124,964,1255,5,1333,1300,-33,0,0,,,,,,
2015,5,11,1,WN,128,N787SA,ECP,BNA,800,755,-5,9,804,80,78,64,401,908,5,920,913,-7,0,0,,,,,,
2015,3,9,1,EV,5782,N14570,LIT,IAH,630,630,0,17,647,95,115,85,374,812,13,805,825,20,0,0,,20,0,0,0,0
2015,12,30,3,EV,4532,N14174,GRR,ORD,1725,1722,-3,24,1746,65,69,34,137,1720,11,1730,1731,1,0,0,,,,,,
2015,3,27,5,AS,479,N461AS,LAX,SEA,1900,1859,-1,18,1917,165,155,127,954,2124,10,2145,2134,-11,0,0,,,,,,
2015,4,29,3,UA,336,N676UA,IAH,EWR,1150,1144,-6,18,1202,210,210,181,1400,1603,11,1620,1614,-6,0,0,,,,,,
2015,8,11,2,DL,462,N3740C,JFK,SAN,845,935,50,55,1030,359,381,323,2446,1253,3,1144,1256,72,0,0,,22,0,10,0,40
2015,9,23,3,B6,1445,N375JB,BOS,CLT,1554,1547,-7,13,1600,139,128,112,728,1752,3,1813,1755,-18,0,0,,,,,,
2015,10,9,5,OO,6395,N763SK,10693,13930,1309,1325,16,19,1344,101,107,80,409,1504,8,1450,1512,22,0,0,,6,0,8,8,0
2015,8,11,2,OO,5311,N758SK,MKE,ORD,1025,1028,3,15,1043,49,56,27,67,1110,14,1114,1124,10,0,0,,,,,,
2015,5,28,4,WN,2048,N355SW,TUS,DEN,1635,1643,8,11,1654,110,103,87,639,1921,5,1925,1926,1,0,0,,,,,,
2015,9,10,4,B6,678,N637JB,JAX,JFK,1058,1124,26,14,1138,135,185,165,828,1423,6,1313,1429,76,0,0,,50,0,13,13,0
2015,8,20,4,DL,661,N6713Y,ATL,STT,1056,1053,-3,20,1113,224,212,188,1599,1421,4,1440,1425,-15,0,0,,,,,,
2015,8,2,7,WN,4462,N528SW,MSY,DAL,2105,2059,-6,10,2109,80,86,67,436,2216,9,2225,2225,0,0,0,,,,,,
2015,3,11,3,EV,6083,N14905,CRW,ORD,601,552,-9,10,602,99,88,70,416,612,8,640,620,-20,0,0,,,,,,
2015,9,7,1,AA,2418,N482AA,DFW,JAX,2015,2010,-5,10,2020,153,132,116,918,2316,6,2348,2322,-26,0,0,,,,,,
2015,5,22,5,DL,1959,N377NW,TPA,DTW,1155,1149,-6,12,1201,160,142,125,983,1406,5,1435,1411,-24,0,0,,,,,,
2015,10,10,6,AA,673,N710UW,11057,12266,2020,2019,-1,13,2032,157,134,113,912,2125,8,2157,2133,-24,0,0,,,,,,
2015,5,12,2,OO,2841,N498CA,ORD,CHO,1149,1153,4,15,1208,113,97,78,567,1426,4,1442,1430,-12,0,0,,,,,,
2015,2,3,2,US,720,N584UW,PHX,CLT,1105,1105,0,24,1129,233,240,197,1773,1646,19,1658,1705,7,0,0,,,,,,
2015,11,2,1,OO,5499,N703SK,MFE,IAH,907,906,-1,25,931,76,82,52,316,1023,5,1023,1028,5,0,0,,,,,,
2015,11,10,2,UA,554,N446UA,SAN,IAD,1334,1347,13,11,1358,283,244,228,2253,2046,5,2117,2051,-26,0,0,,,,,,
2015,1,8,4,EV,2549,N903EV,BPT,DFW,703,1148,285,26,1214,77,82,49,270,1303,7,820,1310,290,0,0,,5,0,285,0,0
2015,9,14,1,EV,5496,N924EV,ATL,CHO,1454,1458,4,47,1545,90,119,69,457,1654,3,1624,1657,33,0,0,,29,0,4,0,0
2015,9,15,2,OO,6374,N910SW,LNK,DEN,1736,1730,-6,18,1748,95,94,67,423,1755,9,1811,1804,-7,0,0,,,,,,
2015,10,3,6,AA,1736,N834AW,12264,12892,750,745,-5,13,758,354,328,304,2288,1002,11,1044,1013,-31,0,0,,,,,,
2015,1,28,3,WN,1837,N961WN,DEN,RNO,1425,1421,-4,8,1429,145,128,116,804,1525,4,1550,1529,-21,0,0,,,,,,
2015,7,9,4,WN,5257,N458WN,SNA,MDW,935,935,0,9,944,245,216,201,1731,1505,6,1540,1511,-29,0,0,,,,,,
2015,2,24,2,WN,1166,N8643A,MCO,PHX,1650,1652,2,9,1701,305,299,285,1849,1946,5,1955,1951,-4,0,0,,,,,,
2015,5,3,7,EV,5091,N710EV,DTW,BNA,1220,1210,-10,15,1225,96,84,64,456,1229,5,1256,1234,-22,0,0,,,,,,
2015,10,15,4,EV,4914,N713EV,10397,11778,1339,1333,-6,10,1343,112,98,84,579,1407,4,1431,1411,-20,0,0,,,,,,
2015,6,9,2,AA,2272,N4YPAA,SAT,DFW,600,553,-7,13,606,72,62,44,247,650,5,712,655,-17,0,0,,,,,,
2015,3,27,5,EV,3953,N14920,ORD,FSD,851,850,-1,15,905,102,92,73,462,1018,4,1033,1022,-11,0,0,,,,,,
2015,9,22,2,DL,2506,N364NB,ECP,ATL,1441,1527,46,12,1539,76,65,44,240,1723,9,1657,1732,35,0,0,,0,0,35,0,0
2015,10,5,1,DL,807,N956AT,11618,10397,730,730,0,12,742,146,127,109,746,931,6,956,937,-19,0,0,,,,,,
2015,12,17,4,EV,4177,N14542,MCI,ORD,1401,1359,-2,14,1413,95,81,62,403,1515,5,1536,1520,-16,0,0,,,,,,
2015,1,14,3,WN,1116,N366SW,DAL,MSY,1240,1249,9,7,1256,80,66,56,436,1352,3,1400,1355,-5,0,0,,,,,,
2015,8,18,2,EV,4948,N538CA,MSP,IAH,1729,1847,78,15,1902,168,170,151,1034,2133,4,2017,2137,80,0,0,,2,0,0,78,0
2015,5,25,1,MQ,3163,N523MQ,SAT,ORD,1425,1420,-5,17,1437,157,157,128,1041,1645,12,1702,1657,-5,0,0,,,,,,
2015,2,16,1,WN,4468,N8307K,LAS,MDW,1045,1049,4,12,1101,205,200,182,1521,1603,6,1610,1609,-1,0,0,,,,,,
2015,9,7,1,WN,448,N728SW,PHX,SLC,1510,1510,0,7,1517,90,76,67,507,1724,2,1740,1726,-14,0,0,,,,,,
2015,7,5,7,AA,1749,N838AW,EWR,CLT,1025,1017,-8,12,1029,107,94,75,529,1144,7,1212,1151,-21,0,0,,,,,,
2015,2,21,6,DL,1213,N321US,MSP,DFW,1550,1810,140,16,1826,152,155,124,852,2030,15,1822,2045,143,0,0,,3,0,140,0,0
2015,10,19,1,OO,4794,N897SK,12892,14107,1020,1014,-6,20,1034,91,82,55,370,1129,7,1151,1136,-15,0,0,,,,,,
2015,5,3,7,WN,2700,N718SW,TPA,ATL,1650,1654,4,7,1701,95,82,64,406,1805,11,1825,1816,-9,0,0,,,,,,
2015,8,15,6,UA,522,N495UA,SFO,PDX,2259,2254,-5,23,2317,106,98,73,550,30,2,45,32,-13,0,0,,,,,,
2015,6,25,4,UA,1220,N25705,EWR,ORD,704,708,4,19,727,151,159,128,719,835,12,835,847,12,0,0,,,,,,
2015,10,22,4,AA,1830,N752US,11697,11057,620,614,-6,13,627,117,128,109,632,816,6,817,822,5,0,0,,,,,,
2015,3,18,3,DL,1943,N556NW,ATL,MCO,1555,1605,10,13,1618,91,82,59,404,1717,10,1726,1727,1,0,0,,,,,,
2015,10,2,5,UA,643,N482UA,13930,15304,907,929,22,24,953,162,171,143,1012,1316,4,1249,1320,31,0,0,,31,0,0,0,0
2015,7,28,2,NK,261,N517NK,PHL,ORD,610,652,42,18,710,134,132,107,678,757,7,724,804,40,0,0,,0,0,40,0,0
2015,8,24,1,DL,1603,N953AT,JAN,ATL,1720,1716,-4,15,1731,97,84,54,341,1925,15,1957,1940,-17,0,0,,,,,,
2015,8,11,2,WN,3190,N225WN,RSW,MDW,1905,1859,-6,10,1909,175,173,160,1105,2049,3,2100,2052,-8,0,0,,,,,,
2015,11,20,5,EV,5084,N608QX,TUL,ATL,1010,1000,-10,16,1016,106,105,84,674,1240,5,1256,1245,-11,0,0,,,,,,
2015,9,22,2,B6,1118,N266JB,CLT,JFK,1955,1948,-7,14,2002,109,100,83,541,2125,3,2144,2128,-16,0,0,,,,,,
2015,9,20,7,WN,3199,N7814B,OKC,HOU,820,816,-4,16,832,85,90,64,419,936,10,945,946,1,0,0,,,,,,
2015,2,20,5,AA,1561,N4WKAA,DFW,EWR,1920,1927,7,13,1940,184,182,165,1372,2325,4,2324,2329,5,0,0,,,,,,
2015,5,10,7,EV,4225,N13118,CHS,EWR,900,854,-6,12,906,118,111,92,628,1038,7,1058,1045,-13,0,0,,,,,,
2015,4,9,4,OO,5510,N136SY,DCA,ORD,1242,1512,150,12,1524,129,140,117,612,1621,11,1351,1632,161,0,0,,97,0,0,64,0
2015,5,8,5,OO,6461,N760SK,RAP,DEN,600,555,-5,9,604,78,74,60,300,704,5,718,709,-9,0,0,,,,,,
2015,11,12,4,WN,899,N500WR,LAS,DAL,1220,1216,-4,13,1229,160,144,126,1067,1635,5,1700,1640,-20,0,0,,,,,,
2015,8,17,1,UA,1479,N35260,DCA,ORD,745,745,0,10,755,120,114,82,612,817,22,845,839,-6,0,0,,,,,,
2015,3,18,3,US,2125,N958UW,LGA,DCA,1000,954,-6,60,1054,83,107,45,214,1139,2,1123,1141,18,0,0,,18,0,0,0,0
2015,7,3,5,WN,4821,N927WN,IAD,MDW,600,556,-4,10,606,110,100,84,577,630,6,650,636,-14,0,0,,,,,,
2015,8,29,6,UA,1547,N37274,IAH,LAX,1756,1855,59,22,1917,214,206,176,1379,2013,8,1930,2021,51,0,0,,0,0,19,32,0
2015,9,1,2,B6,115,N337JB,SYR,JFK,535,521,-14,12,533,75,58,41,209,614,5,650,619,-31,0,0,,,,,,
2015,6,29,1,WN,667,N7817J,LIT,DAL,545,544,-1,10,554,65,65,51,296,645,4,650,649,-1,0,0,,,,,,
2015,7,14,2,EV,5477,N755EV,DTW,ELM,1008,1006,-2,16,1022,72,70,52,332,1114,2,1120,1116,-4,0,0,,,,,,
2015,9,2,3,AA,2299,N496AA,DFW,TPA,1820,1818,-2,16,1834,153,141,122,929,2136,3,2153,2139,-14,0,0,,,,,,
2015,11,29,7,DL,2417,N908DL,TLH,ATL,545,542,-3,9,551,63,57,42,223,633,6,648,639,-9,0,0,,,,,,
2015,12,27,7,UA,312,N73275,MCO,EWR,550,552,2,12,604,155,145,125,937,809,8,825,817,-8,0,0,,,,,,
2015,6,9,2,WN,2152,N463WN,BWI,GRR,755,752,-3,10,802,105,94,79,528,921,5,940,926,-14,0,0,,,,,,
2015,5,2,6,WN,2780,N404WN,ECP,BWI,1520,1534,14,8,1542,130,119,108,798,1830,3,1830,1833,3,0,0,,,,,,
2015,9,27,7,B6,939,N586JB,JFK,BQN,532,521,-11,16,537,225,216,193,1576,850,7,917,857,-20,0,0,,,,,,
2015,10,11,7,MQ,3592,N845MQ,11298,12191,1900,1856,-4,20,1916,75,73,45,247,2001,8,2015,2009,-6,0,0,,,,,,
2015,11,21,6,NK,220,N604NK,RSW,ORD,1545,2111,326,22,2133,185,299,147,1120,2300,130,1750,110,440,0,0,,212,0,45,0,183
2015,3,23,1,UA,1725,N16234,DEN,SFO,600,559,-1,10,609,166,158,141,967,730,7,746,737,-9,0,0,,,,,,
2015,12,11,5,OO,4609,N187PQ,IAH,SLC,1150,1148,-2,15,1203,204,178,159,1195,1342,4,1414,1346,-28,0,0,,,,,,
2015,8,4,2,B6,1416,N536JB,LGB,AUS,919,915,-4,11,926,174,165,150,1226,1356,4,1413,1400,-13,0,0,,,,,,
2015,2,7,6,AA,179,N788AA,JFK,SFO,1030,1031,1,17,1048,397,383,362,2586,1350,4,1407,1354,-13,0,0,,,,,,
2015,1,9,5,DL,1251,N618DL,ATL,SNA,1641,1639,-2,15,1654,299,268,247,1919,1801,6,1840,1807,-33,0,0,,,,,,
2015,10,2,5,WN,2857,N8632A,10140,14679,1815,1809,-6,8,1817,110,107,93,628,1850,6,1905,1856,-9,0,0,,,,,,
2015,8,12,3,MQ,3479,N831MQ,ORD,MLI,835,841,6,13,854,58,45,28,139,922,4,933,926,-7,0,0,,,,,,
2015,3,16,1,OO,5321,N929EV,ORD,DLH,2200,2154,-6,17,2211,95,88,67,397,2318,4,2335,2322,-13,0,0,,,,,,
2015,4,23,4,DL,936,N365NB,STL,MSP,910,905,-5,12,917,89,93,73,448,1030,8,1039,1038,-1,0,0,,,,,,
2015,4,23,4,B6,1639,N706JB,LGA,RSW,955,1011,16,25,1036,200,183,155,1080,1311,3,1315,1314,-1,0,0,,,,,,
2015,12,17,4,B6,2275,N662JB,BDL,SJU,2155,2140,-15,14,2154,228,223,205,1666,219,4,243,223,-20,0,0,,,,,,
2015,10,25,7,WN,2554,N600WN,10994,12191,1825,1820,-5,13,1833,165,160,142,928,1955,5,2010,2000,-10,0,0,,,,,,
2015,9,5,6,WN,6480,N414WN,MSY,HOU,935,929,-6,8,937,70,64,49,302,1026,7,1045,1033,-12,0,0,,,,,,
2015,7,31,5,WN,3920,N401WN,OAK,BUR,1955,2001,6,8,2009,65,64,53,325,2102,3,2100,2105,5,0,0,,,,,,
2015,6,11,4,UA,444,N514UA,SFO,BOS,1606,1626,20,13,1639,339,324,307,2704,46,4,45,50,5,0,0,,,,,,
2015,3,23,1,OO,4500,N689CA,SLC,SFO,1500,1512,12,23,1535,123,125,98,599,1613,4,1603,1617,14,0,0,,,,,,
2015,3,12,4,OO,6364,N744SK,ORD,FSD,1600,1635,35,20,1655,100,95,69,462,1804,6,1740,1810,30,0,0,,0,0,0,30,0
2015,11,14,6,AS,543,N483AS,LAX,PDX,1940,1935,-5,18,1953,149,130,108,834,2141,4,2209,2145,-24,0,0,,,,,,
2015,6,13,6,OO,4793,N822SK,DTW,STL,849,1029,100,15,1044,95,92,70,440,1054,7,924,1101,97,0,0,,0,0,66,31,0
2015,6,23,2,VX,486,N633VA,LAX,LAS,1235,1233,-2,10,1243,70,56,38,236,1321,8,1345,1329,-16,0,0,,,,,,
2015,9,2,3,OO,3484,N223AG,BOI,SAN,900,850,-10,11,901,130,132,118,749,959,3,1010,1002,-8,0,0,,,,,,
2015,3,2,1,EV,5143,N981EV,ATL,ROA,907,903,-4,29,932,80,93,61,357,1033,3,1027,1036,9,0,0,,,,,,
2015,8,15,6,AA,147,N3HUAA,BOS,LAX,1635,1640,5,22,1702,388,351,325,2611,1927,4,2003,1931,-32,0,0,,,,,,
2015,4,17,5,WN,855,N620SW,SFO,LAX,1705,1704,-1,10,1714,75,68,53,337,1807,5,1820,1812,-8,0,0,,,,,,
2015,11,28,6,B6,1285,N281JB,BOS,PIT,625,621,-4,12,633,112,100,84,496,757,4,817,801,-16,0,0,,,,,,
2015,12,3,4,UA,1887,N68805,IAH,RSW,1916,1913,-3,13,1926,133,122,104,861,2210,5,2229,2215,-14,0,0,,,,,,
2015,5,17,7,WN,787,N273WN,DEN,DAL,2010,2236,146,8,2244,110,95,84,651,108,3,2300,111,131,0,0,,0,0,0,131,0
2015,12,28,1,OO,5229,N961SW,COS,DEN,1231,1255,24,32,1327,49,63,23,73,1350,8,1320,1358,38,0,0,,14,0,24,0,0
2015,4,30,4,DL,1533,N928DN,SRQ,ATL,600,559,-1,14,613,95,96,71,444,724,11,735,735,0,0,0,,,,,,
2015,4,22,3,DL,2046,N805DN,ATL,PHX,1350,1349,-1,21,1410,252,248,223,1587,1453,4,1502,1457,-5,0,0,,,,,,
2015,3,23,1,DL,2348,N358NW,SLC,DTW,945,944,-1,19,1003,208,199,174,1481,1457,6,1513,1503,-10,0,0,,,,,,
2015,6,28,7,WN,3210,N625SW,BWI,ORF,1000,1006,6,16,1022,55,52,32,159,1054,4,1055,1058,3,0,0,,,,,,
2015,6,24,3,OO,6407,N779SK,SFO,SNA,1740,1857,77,26,1923,94,103,68,372,2031,9,1914,2040,86,0,0,,9,0,0,77,0
2015,11,3,2,EV,4747,N14570,BRO,IAH,1641,1633,-8,11,1644,81,72,53,308,1737,8,1802,1745,-17,0,0,,,,,,
2015,5,4,1,AA,2334,N548AA,DFW,ORD,903,901,-2,16,917,152,153,123,802,1120,14,1135,1134,-1,0,0,,,,,,
2015,12,20,7,UA,782,N422UA,ORD,DEN,2239,2225,-14,13,2238,156,146,127,888,2345,6,15,2351,-24,0,0,,,,,,
2015,1,17,6,EV,5305,N730EV,SYR,LGA,1400,1356,-4,7,1403,72,48,36,198,1439,5,1512,1444,-28,0,0,,,,,,
2015,9,15,2,MQ,3116,N524MQ,LIT,DFW,620,619,-1,20,639,90,97,58,304,737,19,750,756,6,0,0,,,,,,
2015,10,22,4,AA,691,N524UW,11057,13204,1300,1258,-2,19,1317,97,93,66,468,1423,8,1437,1431,-6,0,0,,,,,,
2015,3,29,7,US,435,N677AW,PHX,SEA,1025,1020,-5,27,1047,187,187,153,1107,1320,7,1332,1327,-5,0,0,,,,,,
2015,10,31,6,WN,3799,N931WN,10423,11618,705,844,99,29,913,220,206,172,1504,1305,5,1145,1310,85,0,0,,0,0,0,0,85
2015,11,11,3,DL,2588,N332NB,MSP,BOS,1525,1622,57,11,1633,165,157,137,1124,1950,9,1910,1959,49,0,0,,0,0,0,0,49
2015,4,16,4,MQ,3026,N661MQ,BWI,JFK,1245,1235,-10,29,1304,67,74,39,184,1343,6,1352,1349,-3,0,0,,,,,,
2015,11,2,1,F9,910,N939FR,DTW,TTN,1552,1544,-8,21,1605,88,96,68,464,1713,7,1720,1720,0,0,0,,,,,,
2015,8,17,1,NK,403,N503NK,ATL,FLL,1921,2032,71,11,2043,113,99,82,581,2205,6,2114,2211,57,0,0,,39,0,18,0,0
2015,7,30,4,AA,1907,N767UW,CLT,RIC,1420,1416,-4,14,1430,66,66,48,257,1518,4,1526,1522,-4,0,0,,,,,,
2015,4,17,5,WN,823,N556WN,LAX,LAS,1815,1815,0,9,1824,55,57,38,236,1902,10,1910,1912,2,0,0,,,,,,
2015,9,18,5,DL,2516,N928DL,ATL,VPS,1930,1923,-7,25,1948,70,86,45,250,1933,16,1940,1949,9,0,0,,,,,,
2015,10,8,4,B6,1776,N346JB,14100,10721,834,848,14,13,901,76,68,48,280,949,7,950,956,6,0,0,,,,,,
2015,6,27,6,DL,1289,N955DN,MSP,PHX,1745,1752,7,16,1808,198,184,164,1276,1852,4,1903,1856,-7,0,0,,,,,,
2015,11,21,6,AA,1425,N467AA,STL,ORD,1754,,,,,87,,,258,,,1921,,,0,1,B,,,,,
2015,6,2,2,EV,4899,N858AS,DTW,LEX,1200,1158,-2,17,1215,76,79,57,296,1312,5,1316,1317,1,0,0,,,,,,
2015,10,2,5,AS,158,N514AS,10299,14747,1755,1752,-3,11,1803,195,200,176,1448,2159,13,2210,2212,2,0,0,,,,,,
2015,10,19,1,WN,2254,N251WN,11618,12191,1310,1308,-2,15,1323,230,208,187,1411,1530,6,1600,1536,-24,0,0,,,,,,
2015,7,20,1,WN,1194,N954WN,LAS,DTW,1245,1303,18,12,1315,240,213,192,1749,1927,9,1945,1936,-9,0,0,,,,,,
2015,6,24,3,WN,1724,N636WN,SAT,DAL,600,556,-4,7,603,65,52,40,248,643,5,705,648,-17,0,0,,,,,,
2015,8,29,6,DL,445,N385DN,JFK,SAT,1840,1840,0,58,1938,257,281,214,1587,2212,9,2157,2221,24,0,0,,24,0,0,0,0
2015,7,15,3,AA,716,N195UW,CLT,PHL,1450,1514,24,19,1533,105,100,73,449,1646,8,1635,1654,19,0,0,,0,0,6,13,0
2015,7,10,5,DL,2828,N957DN,ATL,DAY,2117,2115,-2,24,2139,95,98,68,432,2247,6,2252,2253,1,0,0,,,,,,
2015,8,23,7,OO,2886,N417SW,LAX,FAT,2000,2004,4,17,2021,63,58,37,209,2058,4,2103,2102,-1,0,0,,,,,,
2015,11,3,2,AA,498,N678AW,PHX,DCA,1545,1540,-5,22,1602,253,260,224,1979,2146,14,2158,2200,2,0,0,,,,,,
2015,12,9,3,WN,2421,N567WN,LAS,SAN,930,926,-4,10,936,65,57,44,258,1020,3,1035,1023,-12,0,0,,,,,,
2015,4,23,4,OO,5305,N956SW,ONT,SFO,1406,1527,81,18,1545,90,79,58,363,1643,3,1536,1646,70,0,0,,0,0,0,70,0
2015,6,16,2,WN,1875,N8668A,PHX,DEN,1445,1451,6,12,1503,105,101,79,602,1722,10,1730,1732,2,0,0,,,,,,
2015,8,23,7,WN,1504,N792SW,SMF,LAS,1210,1218,8,6,1224,80,83,66,397,1330,11,1330,1341,11,0,0,,,,,,
2015,5,16,6,WN,1068,N749SW,MCO,PVD,730,726,-4,20,746,165,172,147,1072,1013,5,1015,1018,3,0,0,,,,,,
2015,12,2,3,DL,1267,N352NW,ATL,DTW,1725,1723,-2,10,1733,115,99,85,594,1858,4,1920,1902,-18,0,0,,,,,,
2015,9,29,2,MQ,3620,N670MQ,CVG,JFK,1240,1232,-8,21,1253,127,131,103,589,1436,7,1447,1443,-4,0,0,,,,,,
2015,11,30,1,EV,4480,N11127,IAH,CRW,1350,1345,-5,14,1359,153,140,123,975,1702,3,1723,1705,-18,0,0,,,,,,
2015,8,12,3,DL,391,N353NB,MSN,MSP,1930,1926,-4,10,1936,66,57,43,228,2019,4,2036,2023,-13,0,0,,,,,,
2015,2,14,6,US,1875,N836AW,BWI,CLT,1344,1341,-3,12,1353,91,90,63,361,1456,15,1515,1511,-4,0,0,,,,,,
2015,12,29,2,UA,2032,,SFO,ORD,1154,,,,,262,,,1846,,,1816,,,0,1,B,,,,,
2015,3,15,7,DL,2298,N904DE,ATL,SRQ,910,910,0,13,923,89,88,70,444,1033,5,1039,1038,-1,0,0,,,,,,
2015,4,19,7,WN,320,N732SW,SFO,LAS,1150,1145,-5,17,1202,100,92,70,414,1312,5,1330,1317,-13,0,0,,,,,,
2015,10,21,3,WN,1964,N463WN,15304,11697,645,640,-5,16,656,55,60,39,197,735,5,740,740,0,0,0,,,,,,
2015,6,17,3,US,1775,N944UW,PHL,AUS,1620,1615,-5,32,1647,228,230,193,1430,1900,5,1908,1905,-3,0,0,,,,,,
2015,3,7,6,AA,1293,N3AHAA,STX,MIA,1658,1727,29,13,1740,197,185,162,1139,1922,10,1915,1932,17,0,0,,0,0,0,17,0
2015,9,16,3,NK,615,N632NK,BOS,FLL,1738,1742,4,22,1804,206,201,170,1237,2054,9,2104,2103,-1,0,0,,,,,,
2015,3,2,1,EV,4370,N14171,IAH,MFE,1715,1715,0,,,78,,,316,,,1833,,,0,1,B,,,,,
2015,10,21,3,DL,1939,N910DL,14122,10397,1511,1518,7,21,1539,105,105,75,526,1654,9,1656,1703,7,0,0,,,,,,
2015,9,5,6,DL,2424,N809DN,SEA,DTW,1345,1353,8,23,1416,250,250,221,1927,2057,6,2055,2103,8,0,0,,,,,,
2015,7,19,7,UA,403,N833UA,DCA,IAH,1529,1545,16,14,1559,201,176,157,1208,1736,5,1750,1741,-9,0,0,,,,,,
2015,6,10,3,WN,1645,N298WN,LAS,LAX,530,542,12,29,611,65,78,44,236,655,5,635,700,25,0,0,,13,0,12,0,0
2015,6,13,6,MQ,3449,N508MQ,BNA,ORD,1228,1222,-6,11,1233,102,82,65,409,1338,6,1410,1344,-26,0,0,,,,,,
2015,9,24,4,EV,5491,N197PQ,OAJ,ATL,600,552,-8,16,608,93,83,64,399,712,3,733,715,-18,0,0,,,,,,
2015,9,13,7,WN,366,N209WN,BWI,DEN,835,834,-1,23,857,245,236,199,1491,1016,14,1040,1030,-10,0,0,,,,,,
2015,11,6,5,WN,1880,N725SW,BOS,MKE,545,542,-3,12,554,170,163,143,860,717,8,735,725,-10,0,0,,,,,,
2015,6,28,7,WN,1154,N7718B,MCO,BNA,1340,1708,208,16,1724,110,109,87,616,1751,6,1430,1757,207,0,0,,0,0,207,0,0
2015,5,5,2,WN,884,N216WR,PHX,MSP,1420,1420,0,9,1429,180,168,155,1276,1904,4,1920,1908,-12,0,0,,,,,,
2015,2,20,5,US,609,N543UW,RSW,CLT,1455,1452,-3,10,1502,114,110,92,600,1634,8,1649,1642,-7,0,0,,,,,,
2015,12,21,1,UA,636,N25705,CLT,ORD,1013,1053,40,13,1106,137,107,89,599,1135,5,1130,1140,10,0,0,,,,,,
2015,1,31,6,UA,428,N223UA,IAH,IAD,1150,1216,26,15,1231,172,173,148,1190,1559,10,1542,1609,27,0,0,,1,0,26,0,0
2015,3,30,1,OO,5181,N787SK,LAX,ASE,815,815,0,24,839,123,129,99,737,1118,6,1118,1124,6,0,0,,,,,,
2015,3,10,2,WN,3413,N358SW,TPA,CMH,2150,2228,38,9,2237,135,125,112,829,29,4,5,33,28,0,0,,0,0,15,13,0
2015,9,5,6,NK,332,N503NK,ACY,BOS,1700,1650,-10,9,1659,71,71,47,274,1746,15,1811,1801,-10,0,0,,,,,,
2015,9,19,6,WN,1659,N624SW,BUF,BWI,1400,1355,-5,9,1404,70,72,55,281,1459,8,1510,1507,-3,0,0,,,,,,
2015,5,28,4,OO,4561,N685BR,SLC,SJC,1500,1456,-4,16,1512,124,119,99,584,1551,4,1604,1555,-9,0,0,,,,,,
2015,9,4,5,AA,1213,N4XXAA,SAT,DFW,1002,951,-11,13,1004,73,68,43,247,1047,12,1115,1059,-16,0,0,,,,,,
2015,4,28,2,US,560,N640AW,MCI,PHX,545,536,-9,12,548,171,151,133,1044,601,6,636,607,-29,0,0,,,,,,
2015,1,5,1,WN,1824,N685SW,BWI,BOS,805,833,28,14,847,85,70,51,369,938,5,930,943,13,0,0,,,,,,
2015,7,23,4,F9,244,N908FR,DEN,IAH,1020,1014,-6,11,1025,138,134,113,862,1318,10,1338,1328,-10,0,0,,,,,,
2015,2,15,7,HA,339,N485HA,OGG,LIH,1305,1304,-1,7,1311,45,47,35,201,1346,5,1350,1351,1,0,0,,,,,,
2015,12,14,1,AA,205,N870AA,BOS,LAX,600,555,-5,18,613,402,381,354,2611,907,9,942,916,-26,0,0,,,,,,
2015,12,20,7,MQ,3262,N697MQ,CVG,ORD,821,833,12,26,859,108,82,48,264,847,8,909,855,-14,0,0,,,,,,
2015,10,28,3,EV,5538,N917EV,10397,10980,810,805,-5,10,815,47,43,30,106,845,3,857,848,-9,0,0,,,,,,
2015,1,17,6,B6,736,N768JB,LGB,SFO,809,759,-10,8,807,87,69,56,354,903,5,936,908,-28,0,0,,,,,,
2015,6,8,1,WN,727,N7733B,MDW,SDF,2115,2346,151,8,2354,65,57,43,271,137,6,2320,143,143,0,0,,0,0,17,126,0
2015,3,14,6,UA,1559,N27901,IAH,DEN,900,902,2,35,937,154,158,115,862,1032,8,1034,1040,6,0,0,,,,,,
2015,2,25,3,WN,1798,N282WN,HOU,BNA,945,942,-3,12,954,105,95,79,670,1113,4,1130,1117,-13,0,0,,,,,,
2015,4,6,1,EV,4921,N147PQ,ATL,GRB,1445,1442,-3,11,1453,141,116,101,774,1534,4,1606,1538,-28,0,0,,,,,,
2015,9,9,3,WN,156,N413WN,MDW,HOU,1625,1623,-2,13,1636,155,155,135,937,1851,7,1900,1858,-2,0,0,,,,,,
2015,6,18,4,MQ,3594,N604MQ,CVG,MIA,1755,1752,-3,23,1815,154,167,139,948,2034,5,2029,2039,10,0,0,,,,,,
2015,7,5,7,AA,2439,N3FWAA,DFW,DCA,1955,2001,6,14,2015,181,177,157,1192,2352,6,2356,2358,2,0,0,,,,,,
2015,9,18,5,WN,2843,N458WN,MDW,LGA,550,546,-4,13,559,125,116,97,725,836,6,855,842,-13,0,0,,,,,,
2015,12,14,1,DL,670,N905DL,LGA,ATL,1700,1659,-1,15,1714,176,141,118,762,1912,8,1956,1920,-36,0,0,,,,,,
2015,11,29,7,WN,337,N656SW,BHM,MCO,2055,2048,-7,8,2056,90,84,69,479,2305,7,2325,2312,-13,0,0,,,,,,
2015,6,24,3,AS,29,N408AS,ORD,SEA,1530,1523,-7,21,1544,265,276,249,1721,1753,6,1755,1759,4,0,0,,,,,,
2015,11,24,2,AA,615,N914UY,PHL,SFO,745,739,-6,25,804,384,382,351,2521,1055,6,1109,1101,-8,0,0,,,,,,
2015,4,4,6,US,1950,N509AY,PHL,FLL,800,752,-8,28,820,174,169,138,992,1038,3,1054,1041,-13,0,0,,,,,,
2015,1,8,4,UA,272,N490UA,ORD,SEA,805,809,4,19,828,275,273,247,1721,1035,7,1040,1042,2,0,0,,,,,,
2015,3,10,2,US,646,N654AW,BOI,PHX,700,654,-6,16,710,123,114,92,735,742,6,803,748,-15,0,0,,,,,,
2015,10,15,4,OO,4793,N910EV,10408,13487,600,707,67,22,729,66,79,46,236,815,11,706,826,80,0,0,,13,0,67,0,0
2015,7,15,3,WN,3054,N266WN,STL,AUS,1615,1608,-7,9,1617,115,115,100,721,1757,6,1810,1803,-7,0,0,,,,,,
2015,3,31,2,DL,2543,N928AT,DAL,ATL,1246,1242,-4,13,1255,125,117,88,721,1523,16,1551,1539,-12,0,0,,,,,,
2015,4,9,4,OO,6378,N792SK,ORD,CID,744,,,,,64,,,196,,,848,,,0,1,B,,,,,
2015,9,2,3,UA,602,N835UA,SLC,IAH,1404,1715,191,17,1732,186,170,149,1195,2101,4,1810,2105,175,0,0,,0,0,0,175,0
2015,3,13,5,UA,786,N828UA,ORD,MSY,1231,1246,15,14,1300,151,137,120,837,1500,3,1502,1503,1,0,0,,,,,,
2015,4,23,4,OO,5627,N732SK,ORD,MSN,2305,2256,-9,12,2308,54,43,26,108,2334,5,2359,2339,-20,0,0,,,,,,
2015,3,12,4,B6,745,N591JB,JFK,PSE,2359,3,4,15,18,230,214,195,1617,333,4,349,337,-12,0,0,,,,,,
2015,1,14,3,AA,1542,N583AA,DFW,PHL,1205,1201,-4,15,1216,184,181,152,1303,1548,14,1609,1602,-7,0,0,,,,,,
2015,12,21,1,UA,1994,N468UA,IAH,GUC,1139,1132,-7,26,1158,167,173,143,886,1321,4,1326,1325,-1,0,0,,,,,,
2015,3,16,1,MQ,3543,N694MQ,DFW,MHK,940,936,-4,11,947,84,77,64,431,1051,2,1104,1053,-11,0,0,,,,,,
2015,1,19,1,DL,1954,N907DE,DFW,ATL,700,655,-5,21,716,128,131,96,731,952,14,1008,1006,-2,0,0,,,,,,
2015,1,6,2,DL,2360,N306DQ,SLC,DCA,1702,1700,-2,10,1710,235,212,198,1851,2228,4,2257,2232,-25,0,0,,,,,,
2015,4,5,7,MQ,3651,N503MQ,ORD,GRR,1340,1337,-3,24,1401,58,53,25,137,1526,4,1538,1530,-8,0,0,,,,,,
2015,6,16,2,EV,4192,N12142,IAH,ECP,1210,1335,85,92,1507,115,187,92,572,1639,3,1405,1642,157,0,0,,72,0,85,0,0
2015,3,18,3,WN,111,N356SW,BNA,RSW,900,854,-6,11,905,115,117,103,722,1148,3,1155,1151,-4,0,0,,,,,,
2015,2,24,2,AA,1271,N3ECAA,DFW,SNA,1010,1010,0,12,1022,200,198,181,1205,1123,5,1130,1128,-2,0,0,,,,,,
2015,1,22,4,UA,318,N474UA,IAH,PIT,1303,1300,-3,13,1313,164,148,125,1117,1618,10,1647,1628,-19,0,0,,,,,,
2015,11,28,6,WN,3979,N7702A,ONT,SJC,2045,2118,33,6,2124,70,64,52,333,2216,6,2155,2222,27,0,0,,0,0,0,27,0
2015,9,18,5,F9,1294,N203FR,ORD,MCO,1405,1358,-7,25,1423,165,168,133,1005,1736,10,1750,1746,-4,0,0,,,,,,
2015,1,16,5,UA,523,N825UA,DFW,DEN,1315,1312,-3,14,1326,130,113,91,641,1357,8,1425,1405,-20,0,0,,,,,,
2015,9,5,6,OO,4608,N630SK,PDX,SEA,917,928,11,22,950,54,66,36,129,1026,8,1011,1034,23,0,0,,12,0,0,11,0
2015,11,2,1,AA,566,N537UW,SEA,PHX,1125,1121,-4,26,1147,169,177,147,1107,1514,4,1514,1518,4,0,0,,,,,,
2015,2,16,1,DL,1441,N952DN,ATL,CLT,2145,2218,33,49,2307,70,127,70,226,17,8,2255,25,90,0,0,,57,0,26,7,0
2015,12,15,2,AA,1412,N4XKAA,ONT,DFW,700,657,-3,12,709,180,158,136,1188,1125,10,1200,1135,-25,0,0,,,,,,
2015,10,26,1,DL,1547,N667DN,11433,13342,1550,1548,-2,16,1604,69,65,43,237,1547,6,1559,1553,-6,0,0,,,,,,
2015,7,29,3,NK,816,N532NK,MCI,DTW,1205,1204,-1,9,1213,114,119,98,629,1451,12,1459,1503,4,0,0,,,,,,
2015,7,3,5,B6,251,N652JB,BOS,MCO,940,1020,40,16,1036,183,174,152,1121,1308,6,1243,1314,31,0,0,,0,0,0,31,0
2015,2,1,7,EV,4704,N22971,IAH,CHS,1033,1030,-3,11,1041,138,127,112,925,1333,4,1351,1337,-14,0,0,,,,,,
2015,3,14,6,MQ,3535,N845MQ,JFK,CMH,1850,1911,21,14,1925,109,100,82,483,2047,4,2039,2051,12,0,0,,,,,,
2015,2,11,3,WN,317,N217JC,OAK,PHX,2055,2052,-3,11,2103,110,105,91,646,2334,3,2345,2337,-8,0,0,,,,,,
2015,6,13,6,DL,330,N956DL,DCA,ATL,1259,1308,9,17,1325,114,97,76,547,1441,4,1453,1445,-8,0,0,,,,,,
2015,8,4,2,UA,297,N550UA,LAX,LIH,840,839,-1,22,901,358,348,320,2615,1121,6,1138,1127,-11,0,0,,,,,,
2015,9,21,1,WN,463,N227WN,MCO,ATL,1015,1011,-4,14,1025,95,79,59,404,1124,6,1150,1130,-20,0,0,,,,,,
2015,11,20,5,WN,2197,N8644C,DEN,IND,2020,2014,-6,35,2049,140,150,108,977,37,7,40,44,4,0,0,,,,,,
2015,11,18,3,MQ,3087,N815MQ,MHK,DFW,1100,1055,-5,6,1101,99,76,65,431,1206,5,1239,1211,-28,0,0,,,,,,
2015,8,26,3,EV,2671,N901EV,DFW,FSM,1640,1642,2,15,1657,63,73,54,227,1751,4,1743,1755,12,0,0,,,,,,
2015,5,6,3,WN,2863,N7711N,LAS,BUR,735,727,-8,11,738,60,58,44,223,822,3,835,825,-10,0,0,,,,,,
2015,5,10,7,DL,2009,N931DN,MSP,DEN,1738,1737,-1,15,1752,128,129,108,680,1840,6,1846,1846,0,0,0,,,,,,
2015,8,1,6,AA,2315,N5CHAA,MIA,MCO,1710,1820,70,17,1837,70,77,40,192,1917,20,1820,1937,77,0,0,,7,0,59,11,0
2015,4,24,5,B6,615,N943JB,JFK,SFO,930,920,-10,23,943,401,397,360,2586,1243,14,1311,1257,-14,0,0,,,,,,
2015,7,11,6,EV,4702,N14562,ORD,CLT,1737,1733,-4,14,1747,126,115,93,599,2020,8,2043,2028,-15,0,0,,,,,,
2015,4,24,5,WN,3030,N373SW,ONT,SJC,1225,1251,26,10,1301,65,68,55,333,1356,3,1330,1359,29,0,0,,3,0,11,15,0
2015,1,14,3,US,448,N186US,SLC,CLT,30,27,-3,11,38,225,229,212,1727,610,6,615,616,1,0,0,,,,,,
2015,10,18,7,OO,7396,N601XJ,15389,14869,620,619,-1,13,632,52,50,31,175,703,6,712,709,-3,0,0,,,,,,
2015,10,19,1,WN,431,N389SW,14869,12892,2015,2015,0,19,2034,115,116,91,590,2105,6,2110,2111,1,0,0,,,,,,
2015,1,18,7,AA,2494,N3HMAA,SJU,MIA,1550,1544,-6,12,1556,180,169,150,1045,1726,7,1750,1733,-17,0,0,,,,,,
2015,12,8,2,DL,2489,N371NB,PHL,DTW,545,544,-1,9,553,105,87,71,453,704,7,730,711,-19,0,0,,,,,,
2015,8,28,5,UA,1961,N62849,DEN,ORD,1005,1042,37,14,1056,145,141,109,888,1345,18,1330,1403,33,0,0,,0,0,2,31,0
2015,9,18,5,AA,1829,N109UW,IAH,CLT,1340,1351,11,12,1403,149,141,120,912,1703,9,1709,1712,3,0,0,,,,,,
2015,1,14,3,WN,344,N8309C,SAN,PHX,1430,1428,-2,11,1439,70,73,50,304,1629,12,1640,1641,1,0,0,,,,,,
2015,9,9,3,UA,324,N453UA,IAH,SJC,907,903,-4,20,923,249,238,215,1608,1058,3,1116,1101,-15,0,0,,,,,,
2015,9,24,4,OO,2973,N875AS,PHX,YUM,2135,2124,-11,15,2139,56,50,32,160,2211,3,2231,2214,-17,0,0,,,,,,
2015,2,22,7,AA,1297,N3CYAA,LGA,MIA,600,,,,,193,,,1096,,,913,,,0,1,B,,,,,
2015,10,1,4,AA,1705,N125UW,14122,14100,1825,1915,50,26,1941,86,98,63,268,2044,9,1951,2053,62,0,0,,62,0,0,0,0
2015,2,21,6,US,1702,N559UW,PHL,FLL,1750,2040,170,90,2210,178,234,141,992,31,3,2048,34,226,0,0,,56,0,0,0,170
2015,3,1,7,MQ,3143,N849MQ,JAN,DFW,600,,,,,100,,,408,,,740,,,0,1,B,,,,,
2015,10,22,4,UA,1078,N12221,10721,11618,555,617,22,16,633,80,71,47,200,720,8,715,728,13,0,0,,,,,,
2015,7,7,2,OO,6354,N495CA,DEN,FCA,1405,1413,8,11,1424,134,140,125,752,1629,4,1619,1633,14,0,0,,,,,,
2015,10,20,2,DL,1431,N3744F,13487,13495,1000,955,-5,16,1011,161,149,130,1039,1221,3,1241,1224,-17,0,0,,,,,,
2015,12,5,6,EV,4912,N872AS,ATL,CAE,1610,1608,-2,13,1621,54,46,30,192,1651,3,1704,1654,-10,0,0,,,,,,
2015,3,14,6,WN,2485,N249WN,SJC,SNA,1525,1523,-2,6,1529,75,66,56,342,1625,4,1640,1629,-11,0,0,,,,,,
2015,9,29,2,AA,394,N3BYAA,ORD,LGA,715,838,83,21,859,135,123,99,733,1138,3,1030,1141,71,0,0,,0,0,71,0,0
2015,2,10,2,EV,4253,N11109,CAE,IAH,1725,1716,-9,11,1727,174,149,134,878,1841,4,1919,1845,-34,0,0,,,,,,
2015,5,6,3,DL,963,N347NB,DTW,DCA,2150,2147,-3,10,2157,90,75,62,405,2259,3,2320,2302,-18,0,0,,,,,,
2015,3,25,3,US,1821,N760US,CLT,DTW,1635,1633,-2,35,1708,111,128,85,500,1833,8,1826,1841,15,0,0,,15,0,0,0,0
2015,11,3,2,WN,1989,N487WN,ATL,SAT,2040,2044,4,14,2058,160,141,124,874,2202,3,2220,2205,-15,0,0,,,,,,
2015,9,10,4,WN,2460,N942WN,PDX,PHX,625,622,-3,17,639,155,155,129,1009,848,9,900,857,-3,0,0,,,,,,
2015,10,30,5,OO,6370,N924SW,11292,11648,1121,1121,0,14,1135,144,134,117,752,1332,3,1345,1335,-10,0,0,,,,,,
2015,1,24,6,F9,783,N953FR,DEN,LAS,1840,1836,-4,12,1848,112,102,81,628,1909,9,1932,1918,-14,0,0,,,,,,
2015,6,26,5,DL,1265,N926AT,ATL,SAV,1230,1229,-1,12,1241,64,57,41,214,1322,4,1334,1326,-8,0,0,,,,,,
2015,9,9,3,UA,252,N211UA,HNL,IAH,1920,2010,50,18,2028,461,437,413,3904,821,6,801,827,26,0,0,,0,0,26,0,0
2015,9,17,4,EV,4965,N713EV,ATL,HPN,939,933,-6,10,943,131,130,113,780,1136,7,1150,1143,-7,0,0,,,,,,
2015,3,12,4,OO,4733,N816SK,SEA,SJC,1510,1545,35,15,1600,123,119,102,697,1742,2,1713,1744,31,0,0,,0,0,28,3,0
2015,2,28,6,OO,2629,N417SW,LAX,ELP,835,829,-6,15,844,117,105,86,715,1110,4,1132,1114,-18,0,0,,,,,,
2015,6,16,2,OO,4786,N613SK,SEA,PHX,740,740,0,25,805,169,165,136,1107,1021,4,1029,1025,-4,0,0,,,,,,
2015,8,25,2,OO,5156,N789SK,IAH,CMH,1300,1411,71,58,1509,157,196,130,986,1819,8,1637,1827,110,0,0,,39,0,0,0,71
2015,12,8,2,WN,933,N496WN,FLL,TPA,645,639,-6,10,649,60,48,33,197,722,5,745,727,-18,0,0,,,,,,
2015,5,8,5,EV,5581,N232PQ,GRK,ATL,615,615,0,13,628,128,125,104,803,912,8,923,920,-3,0,0,,,,,,
2015,8,7,5,DL,849,N316NB,MSY,ATL,615,612,-3,12,624,90,86,65,425,829,9,845,838,-7,0,0,,,,,,
2015,7,20,1,UA,1766,N39475,EWR,TPA,1900,1902,2,42,1944,174,175,129,997,2153,4,2154,2157,3,0,0,,,,,,
2015,4,26,7,EV,5916,N13997,ORD,MOB,1940,1937,-3,15,1952,136,135,104,779,2136,16,2156,2152,-4,0,0,,,,,,
2015,3,30,1,DL,2420,N346NB,JFK,DTW,1630,1631,1,21,1652,134,113,83,509,1815,9,1844,1824,-20,0,0,,,,,,
2015,4,15,3,WN,325,N623SW,MCO,ISP,1535,1535,0,16,1551,150,149,130,971,1801,3,1805,1804,-1,0,0,,,,,,
2015,6,27,6,WN,2201,N273WN,PDX,PHX,1420,1449,29,10,1459,155,152,136,1009,1715,6,1655,1721,26,0,0,,0,0,7,19,0
2015,4,28,2,WN,1815,N480WN,PHX,STL,1235,1237,2,11,1248,165,177,163,1262,1731,3,1720,1734,14,0,0,,,,,,
2015,11,3,2,EV,4094,N11184,IAH,TUL,737,838,61,7,845,92,79,67,429,952,5,909,957,48,0,0,,0,0,48,0,0
2015,10,24,6,MQ,3233,N602MQ,13303,12451,700,655,-5,25,720,80,85,55,335,815,5,820,820,0,0,0,,,,,,
2015,1,6,2,AA,1379,N4XVAA,DFW,TUL,1825,1822,-3,12,1834,60,52,35,237,1909,5,1925,1914,-11,0,0,,,,,,
2015,1,27,2,UA,1596,N76528,DEN,DCA,956,950,-6,10,1000,194,191,175,1476,1455,6,1510,1501,-9,0,0,,,,,,
2015,11,8,7,WN,1863,N627SW,MCO,PIT,1515,1529,14,11,1540,135,120,104,834,1724,5,1730,1729,-1,0,0,,,,,,
2015,4,11,6,US,437,N542UW,PHX,ORD,1520,1827,187,16,1843,206,203,179,1440,2342,8,2046,2350,184,0,0,,0,0,184,0,0
2015,4,3,5,OO,7393,N453SW,SGU,SLC,1140,1138,-2,6,1144,68,60,43,272,1227,11,1248,1238,-10,0,0,,,,,,
2015,1,3,6,US,2085,N544UW,CLT,LAX,945,943,-2,32,1015,328,323,278,2125,1153,13,1213,1206,-7,0,0,,,,,,
2015,3,21,6,EV,4430,N12921,EWR,SAV,1341,1348,7,35,1423,147,148,109,708,1612,4,1608,1616,8,0,0,,,,,,
2015,2,8,7,DL,2563,N317NB,SLC,SNA,1502,1456,-6,15,1511,112,111,91,588,1542,5,1554,1547,-7,0,0,,,,,,
2015,10,9,5,MQ,3257,N537MQ,13930,15370,955,1035,40,19,1054,119,111,89,585,1223,3,1154,1226,32,0,0,,0,0,32,0,0
2015,6,30,2,UA,1002,N14731,IAH,SNA,1240,1321,41,16,1337,204,193,173,1346,1430,4,1404,1434,30,0,0,,0,0,9,21,0
2015,9,21,1,AA,2301,N467AA,ORD,DFW,500,454,-6,11,505,156,137,102,802,647,24,736,711,-25,0,0,,,,,,
2015,11,24,2,MQ,3450,N902MQ,MIA,GNV,2149,2141,-8,17,2158,72,69,48,294,2246,4,2301,2250,-11,0,0,,,,,,
2015,3,31,2,VX,321,N847VA,FLL,LAX,700,654,-6,12,706,350,352,334,2342,940,6,950,946,-4,0,0,,,,,,
2015,10,21,3,MQ,3318,N8EGMQ,15919,13930,600,553,-7,15,608,109,99,73,522,721,11,749,732,-17,0,0,,,,,,
2015,8,7,5,AS,800,N514AS,OGG,SMF,1100,1047,-13,6,1053,297,271,260,2404,1813,5,1857,1818,-39,0,0,,,,,,
2015,9,23,3,WN,2201,N556WN,MCO,SJU,920,918,-2,12,930,170,160,143,1189,1153,5,1210,1158,-12,0,0,,,,,,
2015,5,9,6,US,586,N679AW,DTW,PHX,1745,1801,16,7,1808,259,234,222,1671,1850,5,1904,1855,-9,0,0,,,,,,
2015,5,8,5,AS,870,N529AS,ANC,HNL,1435,1430,-5,8,1438,368,344,332,2777,1810,4,1843,1814,-29,0,0,,,,,,
2015,7,2,4,AA,689,N127UW,PHX,EWR,2155,2153,-2,10,2203,277,277,242,2133,505,25,532,530,-2,0,0,,,,,,
2015,8,7,5,WN,817,N267WN,TPA,DAL,1750,1800,10,18,1818,150,142,121,917,1919,3,1920,1922,2,0,0,,,,,,
2015,11,12,4,EV,4956,N678CA,TVC,DTW,1740,1739,-1,10,1749,64,57,43,207,1832,4,1844,1836,-8,0,0,,,,,,
2015,5,10,7,WN,481,N8660A,DEN,PHX,1245,1242,-3,10,1252,115,97,81,602,1313,6,1340,1319,-21,0,0,,,,,,
2015,12,17,4,WN,621,N283WN,FLL,BWI,855,851,-4,16,907,150,143,122,925,1109,5,1125,1114,-11,0,0,,,,,,
2015,11,16,1,DL,2637,N998AT,ATL,AGS,2124,2122,-2,22,2144,52,55,27,143,2211,6,2216,2217,1,0,0,,,,,,
2015,6,21,7,UA,699,N405UA,LGA,ORD,1700,35,455,20,55,169,133,109,733,144,4,1849,148,419,0,0,,0,0,419,0,0
2015,10,8,4,OO,5639,N750SK,12892,13487,944,943,-1,15,958,223,228,206,1535,1524,7,1527,1531,4,0,0,,,,,,
2015,5,15,5,B6,2217,N192JB,MCO,AUS,729,722,-7,16,738,160,163,143,994,901,4,909,905,-4,0,0,,,,,,
2015,7,28,2,AA,1137,N567AA,MFE,DFW,1740,1730,-10,10,1740,100,89,73,469,1853,6,1920,1859,-21,0,0,,,,,,
2015,8,30,7,UA,1483,N14228,ORD,MCO,1406,1409,3,25,1434,171,187,152,1005,1806,10,1757,1816,19,0,0,,19,0,0,0,0
2015,7,10,5,UA,1900,N38446,PHL,ORD,2023,2038,15,15,2053,142,121,95,678,2128,11,2145,2139,-6,0,0,,,,,,
2015,6,23,2,F9,142,N220FR,SEA,DEN,1950,1959,9,11,2010,150,148,129,1024,2319,8,2320,2327,7,0,0,,,,,,
2015,1,10,6,NK,356,N519NK,SAN,LAS,1520,1510,-10,20,1530,72,74,48,258,1618,6,1632,1624,-8,0,0,,,,,,
2015,2,6,5,DL,686,N911DA,AUS,ATL,1833,1823,-10,12,1835,122,122,104,813,2119,6,2135,2125,-10,0,0,,,,,,
2015,11,25,3,AA,1136,N4XPAA,DSM,DFW,544,542,-2,14,556,131,119,97,624,733,8,755,741,-14,0,0,,,,,,
2015,11,12,4,DL,2599,N327NW,BNA,ATL,1610,1608,-2,10,1618,77,53,36,214,1754,7,1827,1801,-26,0,0,,,,,,
2015,5,21,4,WN,1991,N606SW,LAX,DEN,1305,1306,1,10,1316,140,131,117,862,1613,4,1625,1617,-8,0,0,,,,,,
2015,9,16,3,OO,4688,N161PQ,BOI,LAX,600,559,-1,11,610,135,132,109,674,659,12,715,711,-4,0,0,,,,,,
2015,11,15,7,AA,2055,N161UW,PHL,MIA,735,733,-2,9,742,177,154,142,1013,1004,3,1032,1007,-25,0,0,,,,,,
2015,8,12,3,EV,4511,N26545,ORD,MHT,1845,1842,-3,21,1903,135,139,113,843,2156,5,2200,2201,1,0,0,,,,,,
2015,6,11,4,UA,1222,N30401,SEA,EWR,600,607,7,15,622,314,299,273,2402,1355,11,1414,1406,-8,0,0,,,,,,
2015,11,13,5,OO,3482,N709BR,PDX,SLC,1230,1230,0,20,1250,106,110,78,630,1508,12,1516,1520,4,0,0,,,,,,
2015,12,10,4,EV,4233,N22909,BTV,EWR,1016,1007,-9,57,1104,81,115,50,266,1154,8,1137,1202,25,0,0,,25,0,0,0,0
2015,1,12,1,WN,787,N8329B,STL,PHX,1335,1338,3,6,1344,210,188,175,1262,1539,7,1605,1546,-19,0,0,,,,,,
2015,11,13,5,AA,2036,N733UW,JAX,CLT,1355,1349,-6,8,1357,83,72,51,328,1448,13,1518,1501,-17,0,0,,,,,,
2015,10,28,3,AA,2039,N108UW,11057,13487,2219,2217,-2,21,2238,157,158,133,930,2351,4,2356,2355,-1,0,0,,,,,,
2015,6,7,7,UA,1292,N69840,EWR,IAH,1629,1637,8,12,1649,215,191,170,1400,1839,9,1904,1848,-16,0,0,,,,,,
2015,8,23,7,DL,775,N934DL,MSY,ATL,815,918,63,35,953,85,112,72,425,1205,5,1040,1210,90,0,0,,90,0,0,0,0
2015,8,5,3,WN,1158,N797MX,CMH,MDW,1845,1835,-10,11,1846,75,75,51,283,1837,13,1900,1850,-10,0,0,,,,,,
2015,9,23,3,WN,2713,N493WN,LAX,OAK,2205,2202,-3,7,2209,70,66,53,337,2302,6,2315,2308,-7,0,0,,,,,,
2015,9,9,3,WN,202,N7817J,BNA,AUS,1635,1700,25,10,1710,125,122,107,756,1857,5,1840,1902,22,0,0,,0,0,0,6,16
2015,4,14,2,EV,5174,N838AS,ATL,JAN,1105,1059,-6,16,1115,78,77,59,341,1114,2,1123,1116,-7,0,0,,,,,,
2015,4,8,3,EV,4694,N11184,ELM,ORD,1759,2000,121,19,2019,121,142,103,566,2102,20,1900,2122,142,0,0,,22,0,21,99,0
2015,3,9,1,WN,764,N909WN,MSP,ATL,1615,1616,1,11,1627,145,143,121,907,1928,11,1940,1939,-1,0,0,,,,,,
2015,2,10,2,OO,5614,N707SK,LAX,DFW,947,940,-7,21,1001,183,181,149,1235,1430,11,1450,1441,-9,0,0,,,,,,
2015,7,9,4,VX,879,N530VA,DAL,LAX,1040,1038,-2,8,1046,180,203,181,1246,1147,14,1140,1201,21,0,0,,0,0,21,0,0
2015,8,20,4,AS,693,N413AS,AUS,SEA,630,623,-7,24,647,252,276,238,1770,845,14,842,859,17,0,0,,17,0,0,0,0
2015,10,8,4,WN,3205,N7734H,13204,13495,820,819,-1,10,829,105,96,80,551,849,6,905,855,-10,0,0,,,,,,
2015,7,1,3,UA,468,N479UA,IAH,PDX,1751,1756,5,14,1810,267,246,228,1825,1958,4,2018,2002,-16,0,0,,,,,,
2015,6,18,4,DL,2094,N910DN,ATL,PHL,1925,2132,127,31,2203,135,136,94,666,2337,11,2140,2348,128,0,0,,1,0,55,72,0
2015,8,14,5,OO,7380,N8965E,CDC,SLC,1820,1817,-3,12,1829,60,56,40,221,1909,4,1920,1913,-7,0,0,,,,,,
2015,5,10,7,B6,1347,N637JB,DCA,SJU,800,749,-11,18,807,223,224,202,1554,1129,4,1143,1133,-10,0,0,,,,,,
2015,3,11,3,US,566,N179UW,PHX,MCO,1220,1222,2,22,1244,238,259,230,1849,1934,7,1918,1941,23,0,0,,23,0,0,0,0
2015,10,27,2,AA,1797,N724UW,10792,11057,810,808,-2,8,816,115,109,88,546,944,13,1005,957,-8,0,0,,,,,,
2015,7,1,3,DL,2521,N722TW,SFO,JFK,2255,2259,4,28,2327,338,328,291,2586,718,9,733,727,-6,0,0,,,,,,
2015,2,3,2,AS,835,N581AS,SJC,KOA,935,934,-1,18,952,337,347,325,2384,1317,4,1312,1321,9,0,0,,,,,,
2015,8,13,4,WN,47,N651SW,OAK,DAL,1200,1401,121,6,1407,210,200,190,1468,1917,4,1730,1921,111,0,0,,0,0,111,0,0
2015,2,25,3,B6,635,N375JB,SWF,FLL,1620,1621,1,18,1639,199,211,187,1118,1946,6,1939,1952,13,0,0,,,,,,
2015,3,19,4,MQ,3208,N815MQ,DFW,BIS,1600,1556,-4,9,1605,152,142,131,977,1816,2,1832,1818,-14,0,0,,,,,,
2015,7,12,7,WN,4538,N479WN,SDF,BWI,1450,1509,19,10,1519,90,91,76,495,1635,5,1620,1640,20,0,0,,1,0,10,9,0
2015,11,6,5,AS,573,N625AS,SAN,PDX,630,617,-13,16,633,159,151,131,933,844,4,909,848,-21,0,0,,,,,,
2015,9,25,5,EV,4279,N12136,EWR,GSP,834,840,6,31,911,120,128,93,594,1044,4,1034,1048,14,0,0,,,,,,
2015,5,11,1,AA,184,N3HPAA,SEA,ORD,500,456,-4,13,509,245,241,215,1721,1044,13,1105,1057,-8,0,0,,,,,,
2015,4,17,5,AA,335,N3GEAA,JFK,CLT,820,815,-5,58,913,124,161,95,541,1048,8,1024,1056,32,0,0,,32,0,0,0,0
2015,8,11,2,AA,176,N3GFAA,DFW,DCA,1200,1203,3,36,1239,189,203,147,1192,1606,20,1609,1626,17,0,0,,17,0,0,0,0
2015,1,2,5,WN,4292,N255WN,MDW,STL,2105,2131,26,16,2147,65,74,53,251,2240,5,2210,2245,35,0,0,,9,0,0,26,0
2015,12,6,7,AA,326,N564AA,STL,DFW,1415,1411,-4,9,1420,120,108,86,550,1546,13,1615,1559,-16,0,0,,,,,,
2015,2,6,5,WN,557,N7811F,STL,OMA,2100,2116,16,8,2124,75,71,60,342,2224,3,2215,2227,12,0,0,,,,,,
2015,2,16,1,DL,1741,N363NW,CVG,SLC,825,825,0,46,911,243,252,202,1450,1033,4,1028,1037,9,0,0,,,,,,
2015,12,4,5,WN,1964,N714CB,MKE,LAS,530,530,0,8,538,245,222,204,1524,702,10,735,712,-23,0,0,,,,,,
2015,3,1,7,US,487,N177US,CLT,SAN,750,804,14,42,846,322,354,309,2077,1055,3,1012,1058,46,0,0,,32,0,0,0,14
2015,7,8,3,WN,868,N636WN,CLE,BWI,1540,1537,-3,11,1548,70,70,56,314,1644,3,1650,1647,-3,0,0,,,,,,
2015,5,29,5,DL,2381,N920AT,TLH,ATL,1959,1955,-4,19,2014,79,73,41,223,2055,13,2118,2108,-10,0,0,,,,,,
2015,12,10,4,VX,469,N628VA,LAS,LAX,645,641,-4,14,655,70,68,45,236,740,9,755,749,-6,0,0,,,,,,
2015,12,18,5,AA,526,N748UW,FLL,DCA,1159,1159,0,13,1212,146,128,110,899,1402,5,1425,1407,-18,0,0,,,,,,
2015,1,14,3,WN,484,N488WN,OAK,SLC,1855,1900,5,8,1908,100,92,81,588,2129,3,2135,2132,-3,0,0,,,,,,
2015,10,8,4,UA,1580,N67812,11292,14771,1125,1143,18,13,1156,170,143,121,967,1257,9,1315,1306,-9,0,0,,,,,,
2015,7,9,4,AA,689,N661AW,PHX,EWR,2155,2155,0,16,2211,277,259,238,2133,509,5,532,514,-18,0,0,,,,,,
2015,9,27,7,AA,155,N3ESAA,SFO,LAX,1010,1818,488,13,1831,88,77,55,337,1926,9,1138,1935,477,0,0,,0,0,3,474,0
2015,12,7,1,OO,4617,N449SW,FWA,MSP,735,732,-3,24,756,115,119,87,488,823,8,830,831,1,0,0,,,,,,
2015,5,20,3,F9,409,N953FR,DEN,LAX,2020,2022,2,8,2030,146,146,129,862,2139,9,2146,2148,2,0,0,,,,,,
2015,12,12,6,WN,2127,N949WN,PIT,BWI,1045,1121,36,8,1129,65,56,44,210,1213,4,1150,1217,27,0,0,,0,0,27,0,0
2015,9,20,7,OO,6290,N134SY,SFO,LAX,2135,2134,-1,27,2201,90,98,55,337,2256,16,2305,2312,7,0,0,,,,,,
2015,3,26,4,WN,2404,N497WN,MDW,MCO,1010,1013,3,9,1022,150,155,138,990,1340,8,1340,1348,8,0,0,,,,,,
2015,10,9,5,DL,1343,N922DX,13487,11278,1518,1521,3,10,1531,142,,,931,,,1840,,,1,0,,,,,,
2015,5,19,2,B6,326,N652JB,TPA,JFK,829,824,-5,13,837,164,156,139,1005,1056,4,1113,1100,-13,0,0,,,,,,
2015,1,22,4,AA,2449,N5DEAA,DFW,LAX,1400,1401,1,13,1414,202,189,164,1235,1458,12,1522,1510,-12,0,0,,,,,,
2015,2,8,7,OO,5362,N969SW,SBA,LAX,1657,1644,-13,21,1705,52,58,27,89,1732,10,1749,1742,-7,0,0,,,,,,
2015,7,31,5,EV,4863,N28529,AEX,IAH,1153,1147,-6,14,1201,61,55,33,190,1234,8,1254,1242,-12,0,0,,,,,,
2015,9,3,4,EV,4863,N16178,AEX,IAH,1153,1152,-1,9,1201,62,49,33,190,1234,7,1255,1241,-14,0,0,,,,,,
2015,7,12,7,WN,1574,N789SW,TUS,LAX,1045,1105,20,8,1113,95,80,65,451,1218,7,1220,1225,5,0,0,,,,,,
2015,1,28,3,EV,4150,,EWR,CVG,606,,,,,139,,,569,,,825,,,0,1,C,,,,,
2015,2,4,3,UA,112,N11206,MCO,EWR,1349,1358,9,17,1415,161,154,129,937,1624,8,1630,1632,2,0,0,,,,,,
2015,4,1,3,MQ,3245,N611MQ,DFW,AEX,845,841,-4,13,854,68,61,46,285,940,2,953,942,-11,0,0,,,,,,
2015,3,17,2,US,2152,N957UW,LGA,BOS,700,651,-9,13,704,67,72,47,184,751,12,807,803,-4,0,0,,,,,,
2015,9,20,7,HA,242,N479HA,HNL,ITO,1940,1938,-2,11,1949,50,57,40,216,2029,6,2030,2035,5,0,0,,,,,,
2015,8,15,6,WN,1993,N732SW,BOI,OAK,915,909,-6,9,918,105,103,88,512,946,6,1000,952,-8,0,0,,,,,,
2015,1,15,4,AA,189,N426AA,SJC,DFW,1529,1524,-5,11,1535,206,214,182,1438,2037,21,2055,2058,3,0,0,,,,,,
2015,9,2,3,EV,4556,N12996,OMA,IAH,551,542,-9,11,553,139,131,110,781,743,10,810,753,-17,0,0,,,,,,
2015,5,25,1,WN,2171,N388SW,MCO,PVD,655,650,-5,10,700,165,155,140,1072,920,5,940,925,-15,0,0,,,,,,
2015,1,31,6,B6,971,N624JB,LGA,FLL,1042,1057,15,13,1110,192,153,135,1076,1325,5,1354,1330,-24,0,0,,,,,,
2015,9,6,7,AA,2315,N3BWAA,MIA,MCO,1710,1705,-5,32,1737,69,81,36,192,1813,13,1819,1826,7,0,0,,,,,,
2015,2,1,7,DL,1125,N996DL,ATL,IAD,1105,1150,45,12,1202,105,93,74,534,1316,7,1250,1323,33,0,0,,0,0,33,0,0
2015,9,26,6,WN,4623,N793SA,LGA,MDW,1045,1046,1,26,1112,155,131,101,725,1153,4,1220,1157,-23,0,0,,,,,,
2015,12,24,4,DL,1245,N334NW,GSP,ATL,1545,1626,41,14,1640,61,68,37,153,1717,17,1646,1734,48,0,0,,7,0,41,0,0
2015,4,15,3,WN,190,N626SW,LAS,SFO,630,642,12,9,651,90,,,414,1206,5,800,1211,,1,0,,,,,,
2015,3,14,6,AA,1052,N3ARAA,TPA,MIA,1800,1802,2,14,1816,70,58,38,204,1854,6,1910,1900,-10,0,0,,,,,,
2015,3,5,4,UA,1076,N24729,SNA,ORD,645,659,14,15,714,241,275,203,1726,1237,57,1246,1334,48,0,0,,34,0,14,0,0
2015,2,3,2,US,586,N677AW,FLL,CLT,810,944,94,11,955,122,119,93,631,1128,15,1012,1143,91,0,0,,0,0,91,0,0
2015,2,14,6,AA,46,N3JYAA,SJC,ORD,724,718,-6,18,736,251,252,226,1829,1322,8,1335,1330,-5,0,0,,,,,,
2015,9,13,7,WN,1681,N611SW,ATL,OKC,2040,2038,-2,20,2058,135,140,117,761,2155,3,2155,2158,3,0,0,,,,,,
2015,11,6,5,WN,1537,N210WN,PHX,SAN,1305,1308,3,11,1319,65,66,51,304,1310,4,1310,1314,4,0,0,,,,,,
2015,9,13,7,WN,2759,N691WN,MAF,HOU,1930,1923,-7,7,1930,85,74,62,441,2032,5,2055,2037,-18,0,0,,,,,,
2015,11,10,2,AA,1980,N174US,CLT,BOS,750,741,-9,37,818,133,140,92,728,950,11,1003,1001,-2,0,0,,,,,,
2015,1,30,5,MQ,3663,N626MQ,ORD,DTW,1330,1324,-6,19,1343,77,80,51,235,1534,10,1547,1544,-3,0,0,,,,,,
2015,9,23,3,OO,6245,N903SW,BZN,SFO,1257,1247,-10,22,1309,153,157,132,807,1421,3,1430,1424,-6,0,0,,,,,,
2015,4,15,3,DL,1975,N911DA,ATL,MSP,1654,1653,-1,25,1718,166,153,124,907,1822,4,1840,1826,-14,0,0,,,,,,
2015,10,17,6,DL,2024,N906DE,10397,10821,1915,1912,-3,15,1927,115,97,77,577,2044,5,2110,2049,-21,0,0,,,,,,
2015,11,17,2,B6,105,N294JB,JFK,ORD,1459,1505,6,27,1532,165,173,127,740,1639,19,1644,1658,14,0,0,,,,,,
2015,11,6,5,HA,113,N477HA,HNL,LIH,556,548,-8,14,602,37,41,22,102,624,5,633,629,-4,0,0,,,,,,
2015,4,13,1,DL,2541,N948DN,MSP,TPA,1744,1741,-3,16,1757,187,184,164,1306,2141,4,2151,2145,-6,0,0,,,,,,
2015,10,9,5,MQ,3452,N698MQ,11953,13303,505,502,-3,11,513,67,66,50,294,603,5,612,608,-4,0,0,,,,,,
2015,9,26,6,DL,1835,N811DZ,ATL,SLC,2200,2159,-1,10,2209,241,213,199,1590,2328,4,1,2332,-29,0,0,,,,,,
2015,9,9,3,OO,5595,N934SW,DEN,LNK,1000,1000,0,14,1014,87,78,60,423,1214,4,1227,1218,-9,0,0,,,,,,
2015,2,22,7,EV,2569,N877AS,LIT,DFW,1330,1416,46,12,1428,80,88,65,304,1533,11,1450,1544,54,0,0,,8,0,2,44,0
2015,11,18,3,AA,1615,N3LRAA,ORD,SFO,2011,2248,157,12,2300,287,264,249,1846,109,3,2258,112,134,0,0,,0,0,134,0,0
2015,10,28,3,WN,3093,N285WN,10721,13232,530,526,-4,19,545,180,163,135,861,700,9,730,709,-21,0,0,,,,,,
2015,10,21,3,DL,2792,N967AT,12478,13204,1130,1125,-5,16,1141,165,149,127,944,1348,6,1415,1354,-21,0,0,,,,,,
2015,4,13,1,MQ,3311,N845MQ,LFT,DFW,1240,1242,2,10,1252,92,105,59,351,1351,36,1412,1427,15,0,0,,15,0,0,0,0
2015,5,12,2,DL,1907,N329NB,GRR,DTW,755,747,-8,10,757,60,51,25,120,822,16,855,838,-17,0,0,,,,,,
2015,11,18,3,AA,155,N3BMAA,SFO,LAX,1010,1122,72,30,1152,88,95,53,337,1245,12,1138,1257,79,0,0,,7,0,3,69,0
2015,8,15,6,AA,2455,N855AA,DFW,LAX,2150,2149,-1,14,2203,202,178,155,1235,2238,9,2312,2247,-25,0,0,,,,,,
2015,9,2,3,DL,2065,N925AT,LAX,SEA,1910,1908,-2,15,1923,162,152,128,954,2131,9,2152,2140,-12,0,0,,,,,,
2015,9,20,7,WN,802,N436WN,MCO,MCI,1730,1727,-3,22,1749,170,175,150,1072,1919,3,1920,1922,2,0,0,,,,,,
2015,4,28,2,AA,1486,N3APAA,MIA,DCA,1950,2035,45,24,2059,156,151,124,919,2303,3,2226,2306,40,0,0,,0,0,40,0,0
2015,5,7,4,OO,4747,N611SK,SMF,SEA,1905,1856,-9,11,1907,113,119,102,605,2049,6,2058,2055,-3,0,0,,,,,,
2015,1,8,4,OO,4489,N816SK,ORD,MSP,652,723,31,16,739,98,92,69,334,848,7,830,855,25,0,0,,0,0,0,0,25
2015,9,11,5,WN,360,N264LV,BWI,MHT,930,924,-6,22,946,85,85,58,377,1044,5,1055,1049,-6,0,0,,,,,,
2015,11,23,1,EV,4296,N12195,EWR,ORF,1050,1045,-5,10,1055,75,69,53,284,1148,6,1205,1154,-11,0,0,,,,,,
2015,8,21,5,UA,741,N484UA,ORD,SFO,1706,1706,0,12,1718,283,257,242,1846,1920,3,1949,1923,-26,0,0,,,,,,
2015,10,7,3,B6,1281,N353JB,10721,14524,1711,1713,2,19,1732,105,100,74,474,1846,7,1856,1853,-3,0,0,,,,,,
2015,8,4,2,WN,2960,N706SW,MDW,BOS,1140,1137,-3,12,1149,135,133,113,861,1442,8,1455,1450,-5,0,0,,,,,,
2015,1,1,4,VX,182,N361VA,SFO,EWR,2140,2141,1,11,2152,320,298,281,2565,533,6,600,539,-21,0,0,,,,,,
2015,6,24,3,DL,1131,N958DL,LGA,FLL,1106,1105,-1,50,1155,194,191,139,1076,1414,2,1420,1416,-4,0,0,,,,,,
2015,6,29,1,AA,2358,N571AA,MSY,DFW,1602,1555,-7,8,1603,100,85,69,447,1712,8,1742,1720,-22,0,0,,,,,,
2015,9,23,3,DL,1265,N915DL,ATL,SAV,1252,1356,64,20,1416,60,59,36,214,1452,3,1352,1455,63,0,0,,0,0,58,5,0
2015,11,18,3,WN,571,N287WN,BUR,PHX,1345,1344,-1,14,1358,80,84,64,369,1602,6,1605,1608,3,0,0,,,,,,
2015,7,2,4,AA,1098,N372AA,MIA,PHL,1214,1214,0,19,1233,167,174,145,1013,1458,10,1501,1508,7,0,0,,,,,,
2015,1,19,1,AS,95,N403AS,SEA,ANC,2050,2112,22,17,2129,228,212,191,1448,2340,4,2338,2344,6,0,0,,,,,,
2015,5,19,2,UA,226,N454UA,ORD,BWI,2115,2202,47,9,2211,119,96,82,622,33,5,14,38,24,0,0,,0,0,24,0,0
2015,1,18,7,OO,6231,N788SK,OKC,ORD,1727,1720,-7,12,1732,116,130,101,693,1913,17,1923,1930,7,0,0,,,,,,
2015,7,12,7,DL,1779,N319US,MSP,OMA,1356,1356,0,10,1406,64,58,43,282,1449,5,1500,1454,-6,0,0,,,,,,
2015,7,5,7,WN,2334,N628SW,SJC,LAX,1700,1738,38,13,1751,70,75,56,308,1847,6,1810,1853,43,0,0,,18,0,0,25,0
2015,7,4,6,AA,2072,N725UW,MSY,CLT,1815,1808,-7,9,1817,116,117,97,651,2054,11,2111,2105,-6,0,0,,,,,,
2015,5,26,2,OO,4823,N430SW,SLC,PSP,2140,2142,2,18,2200,105,98,75,541,2215,5,2225,2220,-5,0,0,,,,,,
2015,12,11,5,WN,397,N651SW,TPA,MEM,1605,1606,1,8,1614,125,117,104,655,1658,5,1710,1703,-7,0,0,,,,,,
2015,2,26,4,EV,5193,N181PQ,STL,DTW,1030,1029,-1,22,1051,92,94,62,440,1253,10,1302,1303,1,0,0,,,,,,
2015,8,14,5,UA,1120,N37277,EWR,SFO,1130,1222,52,15,1237,368,340,318,2565,1455,7,1438,1502,24,0,0,,0,0,24,0,0
2015,7,10,5,DL,2784,N369NW,DLH,MSP,733,731,-2,23,754,55,54,29,144,823,2,828,825,-3,0,0,,,,,,
2015,12,19,6,B6,361,N652JB,BOS,SJU,2145,2159,14,12,2211,237,222,207,1674,238,3,242,241,-1,0,0,,,,,,
2015,9,10,4,AA,858,N722US,JAX,CLT,855,849,-6,19,908,92,90,60,328,1008,11,1027,1019,-8,0,0,,,,,,
2015,7,26,7,WN,301,N8306H,SDF,TPA,715,710,-5,12,722,130,113,95,727,857,6,925,903,-22,0,0,,,,,,
2015,6,30,2,WN,2878,N410WN,STL,MSY,1110,1127,17,6,1133,95,88,79,604,1252,3,1245,1255,10,0,0,,,,,,
2015,11,3,2,DL,2780,N955AT,LAX,SFO,2100,2044,-16,17,2101,85,83,59,337,2200,7,2225,2207,-18,0,0,,,,,,
2015,4,24,5,WN,329,N358SW,SAT,ELP,1010,1017,7,8,1025,95,90,78,496,1043,4,1045,1047,2,0,0,,,,,,
2015,6,23,2,US,2120,N747UW,DCA,BOS,1630,1744,74,13,1757,91,84,63,399,1900,8,1801,1908,67,0,0,,0,0,29,38,0
2015,1,4,7,WN,167,N747SA,DAL,SAT,1800,1831,31,10,1841,60,57,42,248,1923,5,1900,1928,28,0,0,,0,0,20,8,0
2015,1,24,6,WN,4177,N285WN,FNT,RSW,1535,1537,2,7,1544,185,172,162,1138,1826,3,1840,1829,-11,0,0,,,,,,
2015,12,6,7,WN,1542,N441WN,MDW,MCO,1105,1101,-4,11,1112,155,156,135,990,1427,10,1440,1437,-3,0,0,,,,,,
2015,1,3,6,DL,2218,N547US,MSP,LAX,700,720,20,14,734,247,221,199,1535,853,8,907,901,-6,0,0,,,,,,
2015,3,5,4,OO,5226,N742SK,ORD,IND,1732,1732,0,18,1750,65,54,31,177,1921,5,1937,1926,-11,0,0,,,,,,
2015,11,12,4,AA,709,N562UW,PHL,SFO,1605,1710,65,33,1743,383,382,341,2521,2024,8,1928,2032,64,0,0,,0,0,64,0,0
2015,7,28,2,WN,21,N717SA,HOU,PDX,1345,1548,123,10,1558,265,248,234,1843,1752,4,1610,1756,106,0,0,,0,0,106,0,0
2015,4,15,3,EV,4932,N600QX,LGA,MCI,1950,1944,-6,70,2054,195,223,149,1107,2223,4,2205,2227,22,0,0,,22,0,0,0,0
2015,7,8,3,UA,1259,N17229,EWR,CLE,1536,1810,154,18,1828,97,85,63,404,1931,4,1713,1935,142,0,0,,0,0,36,106,0
2015,2,11,3,OO,3469,N215AG,OMA,SEA,1615,1604,-11,9,1613,220,218,204,1368,1737,5,1755,1742,-13,0,0,,,,,,
2015,10,20,2,WN,2362,N219WN,11278,12191,1135,1140,5,22,1202,205,199,171,1218,1353,6,1400,1359,-1,0,0,,,,,,
2015,6,17,3,F9,775,N939FR,DEN,LAS,1115,1224,69,12,1236,112,103,83,628,1259,8,1207,1307,60,0,0,,0,0,0,60,0
2015,9,25,5,AS,625,N607AS,PHX,SEA,1100,1052,-8,11,1103,170,174,155,1107,1338,8,1350,1346,-4,0,0,,,,,,
2015,6,26,5,DL,1423,N525US,ATL,STL,1130,1128,-2,18,1146,98,96,73,484,1159,5,1208,1204,-4,0,0,,,,,,
2015,1,20,2,B6,383,N712JB,JFK,MCO,1253,1252,-1,13,1305,176,164,142,944,1527,9,1549,1536,-13,0,0,,,,,,
2015,10,18,7,DL,2093,N326NB,13487,14908,1933,1933,0,13,1946,238,231,209,1522,2115,9,2131,2124,-7,0,0,,,,,,
2015,6,2,2,DL,2399,N964DN,RIC,ATL,1419,1414,-5,14,1428,105,98,75,481,1543,9,1604,1552,-12,0,0,,,,,,
2015,5,1,5,OO,4970,N715SK,MSP,ORD,1938,1943,5,22,2005,90,90,54,334,2059,14,2108,2113,5,0,0,,,,,,
2015,10,11,7,DL,2225,N911DE,10397,14307,920,916,-4,14,930,143,144,124,903,1134,6,1143,1140,-3,0,0,,,,,,
2015,3,14,6,WN,2662,N247WN,LAS,OAK,1905,1857,-8,10,1907,90,78,62,407,2009,6,2035,2015,-20,0,0,,,,,,
2015,9,23,3,DL,1623,N943DL,BOS,DTW,1850,1900,10,15,1915,134,113,91,632,2046,7,2104,2053,-11,0,0,,,,,,
2015,4,19,7,F9,1014,N932FR,TPA,PHL,1515,1510,-5,16,1526,145,147,121,920,1727,10,1740,1737,-3,0,0,,,,,,
2015,5,2,6,B6,630,N827JB,BQN,MCO,1220,1213,-7,8,1221,174,162,149,1129,1450,5,1514,1455,-19,0,0,,,,,,
2015,5,1,5,US,1973,N838AW,CLT,DTW,1300,1302,2,11,1313,106,94,75,500,1428,8,1446,1436,-10,0,0,,,,,,
2015,10,17,6,AA,80,N4XPAA,15376,11298,1505,1459,-6,7,1506,145,131,112,813,1858,12,1930,1910,-20,0,0,,,,,,
2015,7,6,1,AS,182,N760AS,ANC,SEA,1045,1039,-6,10,1049,200,199,178,1448,1447,11,1505,1458,-7,0,0,,,,,,
2015,9,1,2,DL,1834,N960DN,STL,ATL,1830,1827,-3,9,1836,95,103,66,484,2042,28,2105,2110,5,0,0,,,,,,
2015,2,28,6,DL,1226,N809DN,TPA,DTW,1645,1638,-7,16,1654,160,148,129,983,1903,3,1925,1906,-19,0,0,,,,,,
2015,10,12,1,AA,2048,N755US,10423,14100,1252,1251,-1,12,1303,212,201,185,1430,1708,4,1724,1712,-12,0,0,,,,,,
2015,7,22,3,WN,287,N515SW,HOU,HRL,2205,2216,11,9,2225,55,53,41,277,2306,3,2300,2309,9,0,0,,,,,,
2015,6,8,1,WN,2078,N226WN,BWI,RSW,810,809,-1,17,826,160,150,129,919,1035,4,1050,1039,-11,0,0,,,,,,
2015,5,6,3,MQ,3031,N935MQ,BMI,ORD,1645,1643,-2,17,1700,57,57,31,116,1731,9,1742,1740,-2,0,0,,,,,,
2015,7,22,3,DL,2597,N969AT,ATL,CLT,1237,1235,-2,21,1256,73,69,41,226,1337,7,1350,1344,-6,0,0,,,,,,
2015,8,18,2,WN,1996,N256WN,MSY,HOU,2035,2133,58,7,2140,70,62,50,302,2230,5,2145,2235,50,0,0,,0,0,0,50,0
2015,11,12,4,MQ,3486,N900MQ,ORD,MQT,1820,1817,-3,24,1841,80,83,51,303,2032,8,2040,2040,0,0,0,,,,,,
2015,10,31,6,UA,362,N411UA,13930,13303,1346,1346,0,18,1404,181,175,152,1197,1736,5,1747,1741,-6,0,0,,,,,,
2015,12,18,5,DL,1952,N978AT,DSM,ATL,550,548,-2,21,609,131,121,95,743,844,5,901,849,-12,0,0,,,,,,
2015,1,14,3,EV,5451,N710EV,GSO,LGA,1030,1020,-10,34,1054,89,105,64,461,1158,7,1159,1205,6,0,0,,,,,,
2015,12,26,6,WN,6455,N7735A,MKE,LAS,755,843,48,17,900,245,261,239,1524,1059,5,1000,1104,64,0,0,,16,0,4,44,0
2015,4,6,1,AA,2310,N3AWAA,SEA,DFW,1505,1502,-3,14,1516,230,234,205,1660,2041,15,2055,2056,1,0,0,,,,,,
2015,2,19,4,AA,1124,N3HKAA,DFW,BOS,1230,1230,0,12,1242,207,211,193,1562,1655,6,1657,1701,4,0,0,,,,,,
2015,12,18,5,MQ,3528,N668MQ,MHK,DFW,620,619,-1,36,655,104,112,65,431,800,11,804,811,7,0,0,,,,,,
2015,5,31,7,DL,2024,N316US,ATL,BWI,1905,2003,58,28,2031,119,123,85,577,2156,10,2104,2206,62,0,0,,4,0,58,0,0
2015,6,26,5,EV,4574,N16559,IAH,ECP,1914,1948,34,15,2003,115,99,80,572,2123,4,2109,2127,18,0,0,,0,0,0,18,0
2015,6,2,2,US,2081,N173US,RSW,CLT,1315,1314,-1,11,1325,113,119,93,600,1458,15,1508,1513,5,0,0,,,,,,
2015,7,20,1,DL,504,N939AT,ATL,EWR,1930,1934,4,37,2011,143,150,107,746,2158,6,2153,2204,11,0,0,,,,,,
2015,1,21,3,EV,3256,N14902,ORD,CAK,1605,1558,-7,11,1609,81,79,62,343,1811,6,1826,1817,-9,0,0,,,,,,
2015,1,24,6,EV,5779,N13958,IAH,HRL,1133,1128,-5,18,1146,72,78,54,295,1240,6,1245,1246,1,0,0,,,,,,
2015,8,3,1,EV,4951,N691CA,ATL,AVP,2047,2044,-3,25,2109,117,123,95,714,2244,3,2244,2247,3,0,0,,,,,,
2015,11,27,5,WN,4450,N7742B,PIT,RSW,840,840,0,9,849,170,135,121,966,1050,5,1130,1055,-35,0,0,,,,,,
2015,1,11,7,US,649,N558UW,PHX,DFW,954,1142,108,17,1159,146,133,108,868,1447,8,1320,1455,95,0,0,,0,0,95,0,0
2015,12,13,7,WN,410,N7812G,DEN,MDW,1720,1716,-4,8,1724,140,132,118,895,2022,6,2040,2028,-12,0,0,,,,,,
2015,9,1,2,WN,1953,N272WN,TPA,FLL,2130,2120,-10,5,2125,55,47,38,197,2203,4,2225,2207,-18,0,0,,,,,,
2015,12,18,5,AA,1929,N763US,BUF,CLT,1145,1143,-2,11,1154,121,119,100,546,1334,8,1346,1342,-4,0,0,,,,,,
2015,12,24,4,B6,1130,N351JB,FLL,CHS,1315,1334,19,14,1348,103,85,67,470,1455,4,1458,1459,1,0,0,,,,,,
2015,12,17,4,AA,2354,N3LVAA,PHX,ORD,1315,1312,-3,14,1326,212,195,168,1440,1714,13,1747,1727,-20,0,0,,,,,,
2015,8,24,1,AA,520,N680AW,ANC,PHX,125,125,0,10,135,329,321,307,2552,742,4,754,746,-8,0,0,,,,,,
2015,1,3,6,OO,4986,N770SK,AUS,LAX,538,556,18,14,610,212,190,169,1242,659,7,710,706,-4,0,0,,,,,,
2015,12,11,5,WN,977,N640SW,LAS,SJC,1820,1902,42,12,1914,85,83,64,386,2018,7,1945,2025,40,0,0,,0,0,0,40,0
2015,5,6,3,US,2145,N944UW,LGA,DCA,1800,1756,-4,53,1849,83,130,62,214,1951,15,1923,2006,43,0,0,,43,0,0,0,0
2015,8,11,2,AS,155,N797AS,OME,OTZ,1900,1903,3,3,1906,41,39,32,183,1938,4,1941,1942,1,0,0,,,,,,
2015,4,25,6,US,751,N730US,PHL,DFW,1615,1615,0,14,1629,226,230,210,1303,1859,6,1901,1905,4,0,0,,,,,,
2015,10,21,3,AA,297,N863AA,12892,12173,1650,1650,0,11,1701,363,321,307,2556,1908,3,1953,1911,-42,0,0,,,,,,
2015,7,24,5,DL,2783,N919AT,LAX,SFO,2000,2050,50,15,2105,85,122,51,337,2156,56,2125,2252,87,0,0,,60,0,0,27,0
2015,1,23,5,AA,2404,N5FSAA,SJU,MIA,1834,1822,-12,10,1832,175,171,153,1045,2005,8,2029,2013,-16,0,0,,,,,,
2015,1,25,7,OO,4760,N449SW,SLC,GTF,2000,1952,-8,10,2002,100,81,68,463,2110,3,2140,2113,-27,0,0,,,,,,
2015,10,29,4,DL,2255,N909DE,10397,11252,1602,1616,14,12,1628,83,71,56,366,1724,3,1725,1727,2,0,0,,,,,,
2015,8,10,1,UA,1701,N65832,PDX,IAD,752,746,-6,9,755,294,277,263,2327,1518,5,1546,1523,-23,0,0,,,,,,
2015,11,20,5,WN,3164,N711HK,MSY,BWI,535,527,-8,7,534,145,132,121,998,835,4,900,839,-21,0,0,,,,,,
2015,4,25,6,EV,4592,N19554,IAH,VPS,1251,1246,-5,18,1304,97,97,73,528,1417,6,1428,1423,-5,0,0,,,,,,
2015,9,21,1,UA,675,N411UA,DEN,DFW,955,955,0,23,1018,124,116,82,641,1240,11,1259,1251,-8,0,0,,,,,,
2015,9,15,2,WN,28,N489WN,ONT,PHX,600,606,6,12,618,70,62,45,325,703,5,710,708,-2,0,0,,,,,,
2015,12,27,7,DL,1435,N337NB,JAC,SLC,700,651,-9,67,758,80,104,34,205,832,3,820,835,15,0,0,,15,0,0,0,0
2015,3,1,7,B6,1243,N228JB,DCA,CHS,1745,1853,68,34,1927,97,119,76,444,2043,9,1922,2052,90,0,0,,22,0,0,55,13
2015,3,19,4,WN,2786,N623SW,TPA,DAY,910,910,0,8,918,140,130,118,828,1116,4,1130,1120,-10,0,0,,,,,,
2015,5,25,1,WN,585,N7723E,SAT,BWI,1305,1312,7,9,1321,195,181,168,1407,1709,4,1720,1713,-7,0,0,,,,,,
2015,4,17,5,US,1841,N542UW,CLT,RSW,1430,1427,-3,14,1441,112,99,82,600,1603,3,1622,1606,-16,0,0,,,,,,
2015,11,4,3,AA,1984,N102UW,CLT,EWR,745,740,-5,35,815,109,118,73,529,928,10,934,938,4,0,0,,,,,,
2015,9,14,1,AA,1772,N154UW,ATL,CLT,700,652,-8,14,706,73,64,40,226,746,10,813,756,-17,0,0,,,,,,
2015,1,21,3,DL,715,N315US,SLC,DTW,941,935,-6,22,957,213,210,181,1481,1458,7,1514,1505,-9,0,0,,,,,,
2015,3,15,7,EV,6177,N12142,EWR,IAD,559,555,-4,13,608,80,69,47,212,655,9,719,704,-15,0,0,,,,,,
2015,9,16,3,EV,5147,N718EV,LGA,BUF,659,653,-6,37,730,86,93,51,292,821,5,825,826,1,0,0,,,,,,
2015,4,13,1,WN,2229,N908WN,MDW,ROC,1330,1349,19,6,1355,95,78,66,523,1601,6,1605,1607,2,0,0,,,,,,
2015,10,13,2,AA,720,N579UW,14107,11057,1005,1002,-3,15,1017,243,234,208,1773,1645,11,1708,1656,-12,0,0,,,,,,
2015,11,6,5,AA,2472,N3BVAA,SAN,DFW,1245,1242,-3,13,1255,178,169,139,1171,1714,17,1743,1731,-12,0,0,,,,,,
2015,7,13,1,B6,379,N606JB,LAS,LGB,1309,1307,-2,15,1322,66,62,43,231,1405,4,1415,1409,-6,0,0,,,,,,
2015,9,2,3,UA,1408,N24702,DCA,IAH,546,541,-5,10,551,196,188,174,1208,745,4,802,749,-13,0,0,,,,,,
2015,10,21,3,WN,948,N7731A,12889,12892,1610,1608,-2,14,1622,70,59,39,236,1701,6,1720,1707,-13,0,0,,,,,,
2015,3,15,7,B6,1169,N281JB,RIC,MCO,755,748,-7,9,757,119,112,100,667,937,3,954,940,-14,0,0,,,,,,
2015,3,8,7,DL,790,N963AT,ATL,IAH,1715,1714,-1,10,1724,142,139,113,689,1817,16,1837,1833,-4,0,0,,,,,,
2015,7,29,3,UA,1637,N37437,IAD,SEA,1735,1734,-1,15,1749,340,332,306,2306,1955,11,2015,2006,-9,0,0,,,,,,
2015,11,19,4,AA,671,N152UW,PHX,PDX,2120,2117,-3,19,2136,172,176,154,1009,2310,3,2312,2313,1,0,0,,,,,,
2015,8,30,7,AA,374,N3LLAA,ORD,LGA,1245,1242,-3,23,1305,131,128,98,733,1543,7,1556,1550,-6,0,0,,,,,,
2015,7,19,7,OO,5658,N782SK,TUL,DEN,2008,2008,0,15,2023,111,108,86,541,2049,7,2059,2056,-3,0,0,,,,,,
2015,8,3,1,AA,1967,N161UW,PIT,CLT,840,837,-3,10,847,92,80,59,366,946,11,1012,957,-15,0,0,,,,,,
2015,5,23,6,AS,309,N703AS,SJC,SEA,800,752,-8,9,801,119,120,107,697,948,4,959,952,-7,0,0,,,,,,
2015,11,19,4,MQ,3288,N522MQ,ORD,OKC,2037,2035,-2,21,2056,134,128,104,693,2240,3,2251,2243,-8,0,0,,,,,,
2015,4,12,7,EV,4427,N11565,IAH,MSY,1120,1116,-4,12,1128,70,74,52,305,1220,10,1230,1230,0,0,0,,,,,,
2015,5,4,1,US,486,N578UW,PHX,ORD,1840,1847,7,8,1855,208,190,176,1440,2351,6,8,2357,-11,0,0,,,,,,
2015,1,31,6,EV,6189,N13914,DTW,ORD,1350,1343,-7,13,1356,85,72,51,235,1347,8,1415,1355,-20,0,0,,,,,,
2015,1,30,5,OO,4744,N448SW,SLC,RAP,940,930,-10,20,950,107,93,69,508,1059,4,1127,1103,-24,0,0,,,,,,
2015,12,5,6,F9,527,N952FR,CLE,DEN,530,528,-2,15,543,223,188,159,1201,622,14,713,636,-37,0,0,,,,,,
2015,10,9,5,VX,363,N529VA,10721,12892,720,717,-3,21,738,390,368,340,2611,1018,7,1050,1025,-25,0,0,,,,,,
2015,8,22,6,WN,2455,N218WN,STL,DCA,2000,1956,-4,7,2003,115,104,88,719,2231,9,2255,2240,-15,0,0,,,,,,
2015,7,13,1,AS,573,N402AS,SAN,PDX,630,618,-12,21,639,145,147,122,933,841,4,855,845,-10,0,0,,,,,,
2015,9,16,3,AA,209,N3FGAA,SFO,LAX,2030,2023,-7,15,2038,97,91,61,337,2139,15,2207,2154,-13,0,0,,,,,,
2015,7,14,2,UA,536,N844UA,EWR,ATL,1529,1936,247,24,2000,152,197,148,746,2228,25,1801,2253,292,0,0,,45,0,23,224,0
2015,10,22,4,AS,447,N528AS,12892,14747,1345,1344,-1,24,1408,160,168,137,954,1625,7,1625,1632,7,0,0,,,,,,
2015,5,17,7,UA,1130,N37437,SFO,LAX,1403,1358,-5,17,1415,92,85,60,337,1515,8,1535,1523,-12,0,0,,,,,,
2015,3,10,2,EV,5786,N19966,IAH,DAL,1745,1744,-1,19,1803,65,61,38,216,1841,4,1850,1845,-5,0,0,,,,,,
2015,9,26,6,DL,2477,N354NW,RNO,SLC,630,623,-7,9,632,82,77,60,422,832,8,852,840,-12,0,0,,,,,,
2015,3,29,7,DL,968,N934AT,ATL,EWR,1115,1115,0,15,1130,135,129,108,746,1318,6,1330,1324,-6,0,0,,,,,,
2015,4,27,1,AA,2302,N481AA,DFW,MSP,1505,1503,-2,14,1517,146,150,126,852,1723,10,1731,1733,2,0,0,,,,,,
2015,2,4,3,WN,3,N670SW,DAL,HOU,730,727,-3,8,735,65,56,45,239,820,3,835,823,-12,0,0,,,,,,
2015,6,8,1,AS,604,N548AS,SEA,LAS,1645,1633,-12,15,1648,140,149,124,867,1852,10,1905,1902,-3,0,0,,,,,,
2015,7,21,2,UA,1703,N62849,BOS,DEN,753,751,-2,18,809,278,273,248,1754,1017,7,1031,1024,-7,0,0,,,,,,
2015,7,5,7,OO,2956,N897SK,SAT,PHX,1825,1820,-5,20,1840,143,149,119,843,1839,10,1848,1849,1,0,0,,,,,,
2015,12,10,4,EV,4431,N12201,SAV,EWR,701,658,-3,17,715,126,145,116,708,911,12,907,923,16,0,0,,16,0,0,0,0
2015,5,7,4,OO,5318,N967SW,CMX,ORD,544,542,-2,18,600,92,93,68,359,608,7,616,615,-1,0,0,,,,,,
2015,2,25,3,WN,217,N600WN,ROC,MDW,545,544,-1,23,607,130,125,99,523,646,3,655,649,-6,0,0,,,,,,
2015,2,26,4,UA,501,N819UA,BOS,ORD,1417,1559,102,14,1613,169,156,135,867,1728,7,1606,1735,89,0,0,,79,0,0,10,0
2015,8,10,1,EV,3941,N17108,LAN,ORD,600,550,-10,9,559,58,48,32,179,531,7,558,538,-20,0,0,,,,,,
2015,11,10,2,OO,5299,N912SW,FWA,ORD,1821,1816,-5,13,1829,62,54,32,157,1801,9,1823,1810,-13,0,0,,,,,,
2015,2,26,4,DL,1529,N993DL,LGA,RSW,1315,1316,1,27,1343,211,199,162,1080,1625,10,1646,1635,-11,0,0,,,,,,
2015,10,20,2,B6,1035,N249JB,15024,14843,840,825,-15,9,834,36,30,19,68,853,2,916,855,-21,0,0,,,,,,
2015,11,20,5,AA,2197,N469AA,CLE,DFW,1123,1137,14,8,1145,187,165,154,1021,1319,3,1330,1322,-8,0,0,,,,,,
2015,2,20,5,WN,1803,N279WN,BUR,DEN,745,748,3,6,754,140,111,98,850,1032,7,1105,1039,-26,0,0,,,,,,
2015,12,6,7,DL,2021,N3730B,DTW,PHX,1215,1211,-4,23,1234,266,248,222,1671,1416,3,1441,1419,-22,0,0,,,,,,
2015,4,23,4,AA,387,N3BFAA,LAX,AUS,630,625,-5,18,643,181,167,144,1242,1107,5,1131,1112,-19,0,0,,,,,,
2015,3,10,2,AA,1686,N4YMAA,STL,LAX,1210,1202,-8,24,1226,262,241,212,1592,1358,5,1432,1403,-29,0,0,,,,,,
2015,2,22,7,B6,574,N526JB,TPA,EWR,1943,112,329,15,127,152,144,123,997,330,6,2215,336,321,0,0,,0,0,13,308,0
2015,3,6,5,EV,4283,N12175,ROC,EWR,1107,,,,,83,,,246,,,1230,,,0,1,B,,,,,
2015,9,13,7,OO,6300,N982SW,PSP,SFO,1252,1454,122,11,1505,97,85,70,421,1615,4,1429,1619,110,0,0,,109,0,0,1,0
2015,6,21,7,OO,6409,N103SY,SFO,PDX,1411,1433,22,20,1453,105,99,75,550,1608,4,1556,1612,16,0,0,,0,0,16,0,0
2015,8,14,5,DL,1364,N541US,MCI,ATL,1819,1815,-4,11,1826,125,108,89,692,2055,8,2124,2103,-21,0,0,,,,,,
2015,1,28,3,WN,1368,N384SW,MCI,BOS,1040,,,,,170,,,1256,,,1430,,,0,1,B,,,,,
2015,6,25,4,MQ,3164,N925MQ,FNT,ORD,1921,1920,-1,11,1931,75,75,48,223,1919,16,1936,1935,-1,0,0,,,,,,
2015,7,14,2,MQ,3334,N521MQ,ORD,LIT,700,659,-1,25,724,110,103,70,552,834,8,850,842,-8,0,0,,,,,,
2015,7,8,3,WN,365,N515SW,HRL,AUS,935,936,1,17,953,60,69,48,273,1041,4,1035,1045,10,0,0,,,,,,
2015,4,21,2,OO,2873,N868CA,TUS,LAX,1405,1402,-3,9,1411,98,79,66,451,1517,4,1543,1521,-22,0,0,,,,,,
2015,10,19,1,OO,6485,N727SK,14122,12266,826,911,45,16,927,178,172,152,1117,1059,4,1024,1103,39,0,0,,0,0,39,0,0
2015,6,8,1,B6,2,N907JB,FLL,JFK,705,659,-6,14,713,171,158,140,1069,933,4,956,937,-19,0,0,,,,,,
2015,7,26,7,DL,853,N935DN,RSW,DTW,1157,1200,3,11,1211,173,159,142,1084,1433,6,1450,1439,-11,0,0,,,,,,
2015,2,14,6,AS,60,N767AS,KTN,SEA,910,857,-13,8,905,110,101,89,680,1134,4,1200,1138,-22,0,0,,,,,,
2015,4,2,4,DL,2432,N906DE,ATL,LIT,1429,1428,-1,10,1438,97,91,77,453,1455,4,1506,1459,-7,0,0,,,,,,
2015,6,29,1,AA,2438,N3AHAA,LAX,SFO,1015,1011,-4,32,1043,89,89,52,337,1135,5,1144,1140,-4,0,0,,,,,,
2015,3,31,2,DL,673,N934AT,EWR,ATL,1415,1412,-3,15,1427,150,129,107,746,1614,7,1645,1621,-24,0,0,,,,,,
2015,4,24,5,OO,5454,N983SW,SFO,SMF,1045,1037,-8,48,1125,50,77,23,86,1148,6,1135,1154,19,0,0,,19,0,0,0,0
2015,9,1,2,AA,1625,N3KNAA,DCA,MIA,1035,1037,2,17,1054,160,151,128,919,1302,6,1315,1308,-7,0,0,,,,,,
2015,2,6,5,AS,634,N468AS,SEA,PHX,730,726,-4,12,738,162,160,143,1107,1101,5,1112,1106,-6,0,0,,,,,,
2015,9,24,4,AA,1509,N3BTAA,BOS,MIA,1105,1102,-3,15,1117,213,221,195,1258,1432,11,1438,1443,5,0,0,,,,,,
2015,6,1,1,UA,1288,N68880,IAH,LAS,2145,2152,7,17,2209,204,188,163,1222,2252,8,2309,2300,-9,0,0,,,,,,
2015,10,30,5,WN,533,N7734H,12889,14107,1515,1515,0,9,1524,70,57,43,255,1607,5,1625,1612,-13,0,0,,,,,,
2015,2,23,1,OO,2585,N466SW,EUG,LAX,705,700,-5,27,727,135,148,108,748,915,13,920,928,8,0,0,,,,,,
2015,4,23,4,UA,1287,N54241,IAH,SAN,900,900,0,29,929,201,215,182,1303,1031,4,1021,1035,14,0,0,,,,,,
2015,1,31,6,WN,3763,N8320J,SAN,DEN,720,734,14,8,742,145,124,111,853,1033,5,1045,1038,-7,0,0,,,,,,
2015,10,2,5,AA,2302,N567AA,13487,11298,1825,1836,11,13,1849,152,141,118,852,2047,10,2057,2057,0,0,0,,,,,,
2015,10,31,6,EV,4905,N718EV,12953,11042,1000,951,-9,54,1045,122,126,67,419,1152,5,1202,1157,-5,0,0,,,,,,
2015,6,1,1,DL,2322,N956DN,MSP,MIA,1005,1000,-5,12,1012,217,209,194,1501,1426,3,1442,1429,-13,0,0,,,,,,
2015,6,14,7,OO,5310,N926SW,DEN,GCC,2208,2322,74,17,2339,77,68,47,313,26,4,2325,30,65,0,0,,0,0,0,65,0
2015,10,26,1,DL,838,N308DE,14730,10397,700,655,-5,23,718,83,83,55,321,813,5,823,818,-5,0,0,,,,,,
2015,10,19,1,DL,1442,N349NW,10397,10599,1810,1843,33,8,1851,57,41,31,134,1822,2,1807,1824,17,0,0,,0,0,11,6,0
2015,11,3,2,B6,499,N641JB,LGA,MCO,2100,2115,15,16,2131,167,143,122,950,2333,5,2347,2338,-9,0,0,,,,,,
2015,10,17,6,MQ,3547,N647MQ,13303,14524,1710,1707,-3,18,1725,144,143,119,825,1924,6,1934,1930,-4,0,0,,,,,,
2015,2,24,2,UA,453,N844UA,DEN,BOI,1900,1913,13,17,1930,128,111,92,649,2102,2,2108,2104,-4,0,0,,,,,,
2015,8,5,3,EV,5123,N920EV,MGM,ATL,1839,1858,19,3,1901,62,38,30,147,2031,5,2041,2036,-5,0,0,,,,,,
2015,8,24,1,DL,2793,N607AT,DTW,BGR,1945,2116,91,15,2131,120,107,89,750,2300,3,2145,2303,78,0,0,,0,0,78,0,0
2015,5,8,5,EV,3827,N11535,EWR,SDF,1000,948,-12,20,1008,145,128,101,642,1149,7,1225,1156,-29,0,0,,,,,,
2015,1,28,3,DL,1757,N698DL,SNA,ATL,1250,1250,0,15,1305,245,251,213,1919,1938,23,1955,2001,6,0,0,,,,,,
2015,4,14,2,AA,1202,N3KLAA,DFW,DEN,1235,1322,47,12,1334,129,107,88,641,1402,7,1344,1409,25,0,0,,0,0,12,13,0
2015,12,24,4,B6,532,N643JB,LGB,SLC,1530,1620,50,8,1628,103,91,79,588,1847,4,1813,1851,38,0,0,,0,0,2,36,0
2015,6,4,4,AA,2250,N3MGAA,DFW,LAX,915,913,-2,21,934,202,209,173,1235,1027,15,1037,1042,5,0,0,,,,,,
2015,8,5,3,UA,1701,N16234,LAX,EWR,2255,2257,2,37,2334,321,326,279,2454,713,10,716,723,7,0,0,,,,,,
2015,11,19,4,OO,4968,N758SK,IAH,HRL,1142,1139,-3,19,1158,72,70,48,295,1246,3,1254,1249,-5,0,0,,,,,,
2015,12,23,3,AA,196,N5FLAA,JFK,STT,800,827,27,37,904,237,254,210,1623,1334,7,1257,1341,44,0,0,,17,0,27,0,0
2015,11,21,6,WN,3623,N628SW,BNA,DEN,800,757,-3,13,810,180,191,169,1014,959,9,1000,1008,8,0,0,,,,,,
2015,1,5,1,F9,1079,N953FR,MCO,STL,1120,1131,11,14,1145,150,156,135,882,1300,7,1250,1307,17,0,0,,13,0,4,0,0
2015,6,15,1,OO,6311,N962SW,LAX,PSP,2230,2227,-3,42,2309,52,74,26,110,2335,6,2322,2341,19,0,0,,19,0,0,0,0
2015,6,13,6,AA,1061,N3KSAA,MIA,MCO,1230,1224,-6,27,1251,67,74,40,192,1331,7,1337,1338,1,0,0,,,,,,
2015,5,3,7,DL,1357,N914DN,MSP,DTW,1745,1759,14,21,1820,103,123,90,528,2050,12,2028,2102,34,0,0,,20,0,0,0,14
2015,5,28,4,EV,4319,N29906,MKE,EWR,2019,2007,-12,14,2021,130,130,107,725,2308,9,2329,2317,-12,0,0,,,,,,
2015,9,2,3,HA,5,N384HA,LAS,HNL,1815,1812,-3,18,1830,375,377,349,2762,2119,10,2130,2129,-1,0,0,,,,,,
2015,5,5,2,OO,4648,N457SW,SLC,GJT,1350,1340,-10,18,1358,62,61,40,216,1438,3,1452,1441,-11,0,0,,,,,,
2015,12,20,7,AA,498,N649AW,PDX,PHX,1130,1128,-2,10,1138,145,141,125,1009,1443,6,1455,1449,-6,0,0,,,,,,
2015,3,25,3,WN,731,N556WN,BWI,MCI,830,913,43,11,924,180,169,152,967,1056,6,1030,1102,32,0,0,,0,0,32,0,0
2015,7,14,2,NK,737,N607NK,ORD,LAX,630,641,11,12,653,253,248,227,1744,840,9,843,849,6,0,0,,,,,,
2015,9,18,5,AA,368,N3LSAA,ORD,LGA,1345,1347,2,20,1407,135,123,100,733,1647,3,1700,1650,-10,0,0,,,,,,
2015,5,2,6,WN,2652,N466WN,SNA,PHX,710,708,-2,19,727,80,77,54,338,821,4,830,825,-5,0,0,,,,,,
2015,11,24,2,DL,1799,N963AT,HSV,ATL,1421,1416,-5,17,1433,57,54,29,151,1602,8,1618,1610,-8,0,0,,,,,,
2015,5,5,2,WN,225,N8653A,TPA,BDL,1255,1256,1,9,1305,165,153,139,1111,1524,5,1540,1529,-11,0,0,,,,,,
2015,1,18,7,EV,4424,N17138,RDU,IAH,826,824,-2,23,847,199,199,168,1042,1035,8,1045,1043,-2,0,0,,,,,,
2015,10,11,7,OO,6256,N960SW,12280,11292,1725,1738,13,12,1750,95,84,66,458,1856,6,1900,1902,2,0,0,,,,,,
2015,7,12,7,MQ,3377,N836MQ,BUF,ORD,1519,1640,81,18,1658,111,113,80,473,1718,15,1610,1733,83,0,0,,2,0,8,73,0
2015,4,17,5,DL,2128,N668DN,MCO,DTW,1400,1356,-4,20,1416,157,155,129,957,1625,6,1637,1631,-6,0,0,,,,,,
2015,2,12,4,EV,6031,N11119,DEN,MLI,1310,1303,-7,9,1312,123,112,99,752,1551,4,1613,1555,-18,0,0,,,,,,
2015,1,9,5,AA,1598,N3BXAA,MIA,EWR,1529,1611,42,13,1624,180,179,152,1085,1856,14,1829,1910,41,0,0,,0,0,3,38,0
2015,10,19,1,B6,1717,N506JB,12953,15304,725,719,-6,30,749,172,170,137,1010,1006,3,1017,1009,-8,0,0,,,,,,
2015,7,14,2,MQ,3457,N523MQ,RDU,LGA,1546,,,,,104,,,431,,,1730,,,0,1,C,,,,,
2015,2,7,6,DL,723,N979DL,BUF,ATL,1306,1312,6,10,1322,143,109,93,712,1455,6,1529,1501,-28,0,0,,,,,,
2015,8,6,4,DL,995,N3735D,LAX,SEA,650,701,11,23,724,163,162,130,954,934,9,933,943,10,0,0,,,,,,
2015,8,8,6,AA,676,N151UW,PHL,LAS,1755,1821,26,34,1855,325,318,278,2176,2033,6,2020,2039,19,0,0,,0,0,6,13,0
2015,10,5,1,AA,154,N4YDAA,13930,13204,2010,2007,-3,18,2025,160,147,121,1005,2326,8,2350,2334,-16,0,0,,,,,,
2015,3,2,1,OO,4592,N602XJ,SLC,GTF,1535,1532,-3,18,1550,95,90,67,463,1657,5,1710,1702,-8,0,0,,,,,,
2015,4,3,5,B6,391,N536JB,BOS,TPA,1157,1206,9,14,1220,202,185,167,1185,1507,4,1519,1511,-8,0,0,,,,,,
2015,9,21,1,DL,766,N971AT,DAL,ATL,1538,1538,0,11,1549,137,114,96,721,1825,7,1855,1832,-23,0,0,,,,,,
2015,12,30,3,EV,5047,N738EV,DTW,PWM,1951,2018,27,21,2039,114,104,79,668,2158,4,2145,2202,17,0,0,,0,0,0,17,0
2015,12,18,5,EV,3826,N16170,TYS,ORD,905,905,0,13,918,111,94,72,475,930,9,956,939,-17,0,0,,,,,,
2015,4,23,4,WN,1635,N353SW,SFO,SAN,1910,1910,0,11,1921,95,96,82,447,2043,3,2045,2046,1,0,0,,,,,,
2015,7,18,6,UA,994,N836UA,SAT,EWR,1155,1316,81,31,1347,243,249,210,1569,1817,8,1658,1825,87,0,0,,80,0,0,7,0
2015,7,16,4,OO,4706,N616QX,SLC,SMF,1650,1841,111,17,1858,106,101,76,532,1914,8,1736,1922,106,0,0,,0,0,106,0,0
2015,12,6,7,AA,1146,N3FRAA,LGA,DFW,1610,1605,-5,25,1630,263,243,207,1389,1857,11,1933,1908,-25,0,0,,,,,,
2015,4,20,1,AA,312,N5DUAA,MIA,JFK,1950,2018,28,27,2045,182,183,145,1089,2310,11,2252,2321,29,0,0,,29,0,0,0,0
2015,9,8,2,UA,1178,N18220,EWR,SFO,901,900,-1,15,915,376,363,334,2565,1149,14,1217,1203,-14,0,0,,,,,,
2015,2,23,1,US,2027,N550UW,PHX,MSP,1950,2003,13,12,2015,186,180,161,1276,2356,7,2356,3,7,0,0,,,,,,
2015,8,3,1,UA,715,N483UA,STL,SFO,1748,1802,14,22,1824,262,258,231,1735,2015,5,2010,2020,10,0,0,,,,,,
2015,10,27,2,MQ,3211,N657MQ,11298,10279,1040,1039,-1,15,1054,77,71,51,312,1145,5,1157,1150,-7,0,0,,,,,,
2015,3,9,1,WN,731,N655WN,MCI,LAS,1105,1117,12,11,1128,190,175,160,1139,1208,4,1215,1212,-3,0,0,,,,,,
2015,4,5,7,US,1887,N831AW,PBI,PHL,800,755,-5,11,806,155,162,148,951,1034,3,1035,1037,2,0,0,,,,,,
2015,2,7,6,DL,1944,N989DL,ILM,ATL,715,708,-7,29,737,98,121,60,377,837,32,853,909,16,0,0,,16,0,0,0,0
2015,1,27,2,EV,4170,N12157,MKE,EWR,1940,,,,,136,,,725,,,2256,,,0,1,C,,,,,
2015,5,30,6,US,590,N815AW,PHX,MCI,855,846,-9,21,907,162,158,128,1044,1315,9,1337,1324,-13,0,0,,,,,,
2015,5,29,5,WN,956,N902WN,PHX,DEN,2055,2052,-3,10,2102,100,102,86,602,2328,6,2335,2334,-1,0,0,,,,,,
2015,6,10,3,OO,4772,N8923A,XNA,ATL,1100,1208,68,20,1228,107,115,90,589,1458,5,1347,1503,76,0,0,,8,0,0,68,0
2015,10,22,4,WN,2144,N238WN,12889,12191,1420,1431,11,15,1446,180,179,156,1235,1922,8,1920,1930,10,0,0,,,,,,
2015,8,18,2,EV,4904,N606LR,MSP,SAT,910,1038,88,25,1103,174,185,155,1097,1338,5,1204,1343,99,0,0,,11,0,0,88,0
2015,9,19,6,AA,1266,N3JSAA,RDU,MIA,1220,1214,-6,13,1227,125,136,113,700,1420,10,1425,1430,5,0,0,,,,,,
2015,6,19,5,MQ,3627,N518MQ,LGA,DTW,1430,1426,-4,33,1459,123,123,85,502,1624,5,1633,1629,-4,0,0,,,,,,
2015,5,16,6,AS,67,N799AS,SIT,JNU,1822,1804,-18,11,1815,34,36,21,95,1836,4,1856,1840,-16,0,0,,,,,,
2015,9,22,2,AA,1486,N3CEAA,MIA,DCA,2015,2139,84,29,2208,155,147,116,919,4,2,2250,6,76,0,0,,0,0,0,0,76
2015,8,2,7,WN,8,N697SW,SAT,ELP,1145,1159,14,13,1212,85,85,69,496,1221,3,1210,1224,14,0,0,,,,,,
2015,7,12,7,EV,5182,N755EV,CLE,DTW,830,830,0,13,843,56,44,27,95,910,4,926,914,-12,0,0,,,,,,
2015,12,29,2,DL,2161,N698DL,PHL,ATL,1951,2106,75,19,2125,140,120,98,666,2303,3,2211,2306,55,0,0,,0,0,0,55,0
2015,4,30,4,OO,5314,N960SW,LAX,SBA,740,730,-10,15,745,50,38,18,89,803,5,830,808,-22,0,0,,,,,,
2015,11,9,1,B6,1274,N641JB,CHS,JFK,1005,1009,4,10,1019,102,94,81,636,1140,3,1147,1143,-4,0,0,,,,,,
2015,5,27,3,WN,735,N387SW,BWI,MEM,845,844,-1,17,901,140,141,120,787,1001,4,1005,1005,0,0,0,,,,,,
2015,4,14,2,DL,1862,N969DL,ATL,MSY,1355,1350,-5,17,1407,95,91,69,425,1416,5,1430,1421,-9,0,0,,,,,,
2015,2,1,7,MQ,3150,N678MQ,MIA,CVG,931,930,-1,14,944,168,161,141,948,1205,6,1219,1211,-8,0,0,,,,,,
2015,2,11,3,UA,523,N825UA,DFW,DEN,1315,1312,-3,13,1325,130,115,87,641,1352,15,1425,1407,-18,0,0,,,,,,
2015,8,11,2,DL,2129,N965DN,ROC,ATL,600,606,6,15,621,130,121,100,749,801,6,810,807,-3,0,0,,,,,,
2015,12,16,3,B6,308,N284JB,JFK,PWM,1310,1257,-13,23,1320,73,69,44,273,1404,2,1423,1406,-17,0,0,,,,,,
2015,10,12,1,WN,3199,N644SW,12191,13204,1025,1023,-2,8,1031,140,125,110,849,1321,7,1345,1328,-17,0,0,,,,,,
2015,5,19,2,WN,4719,N730SW,PDX,OAK,1550,1546,-4,11,1557,100,100,84,543,1721,5,1730,1726,-4,0,0,,,,,,
2015,9,13,7,MQ,3287,N519MQ,ORD,GRR,1325,1320,-5,14,1334,57,50,26,137,1500,10,1522,1510,-12,0,0,,,,,,
2015,8,12,3,OO,5636,N139SY,ORD,ATL,1331,1342,11,18,1400,124,104,82,606,1622,4,1635,1626,-9,0,0,,,,,,
2015,3,14,6,DL,1979,N804DN,LAS,DTW,2359,2350,-9,13,3,226,231,213,1749,636,5,645,641,-4,0,0,,,,,,
2015,8,2,7,AA,357,N4XUAA,DFW,SAT,1405,1407,2,13,1420,69,57,41,247,1501,3,1514,1504,-10,0,0,,,,,,
2015,9,4,5,DL,476,N156DL,LAX,JFK,725,721,-4,11,732,335,313,295,2475,1527,7,1600,1534,-26,0,0,,,,,,
2015,6,11,4,AA,1019,N514AA,DFW,COS,1835,1830,-5,12,1842,121,105,87,592,1909,6,1936,1915,-21,0,0,,,,,,
2015,11,24,2,WN,1550,N718SW,EWR,HOU,1715,1710,-5,21,1731,260,226,202,1411,1953,3,2035,1956,-39,0,0,,,,,,
2015,2,12,4,DL,1907,N975AT,GRR,DTW,645,640,-5,38,718,74,80,31,120,749,11,759,800,1,0,0,,,,,,
2015,6,22,1,MQ,3191,N512MQ,DFW,OKC,1358,1355,-3,13,1408,63,52,35,175,1443,4,1501,1447,-14,0,0,,,,,,
2015,3,8,7,EV,4270,N16546,ORD,MEM,1850,1855,5,21,1916,114,115,86,491,2042,8,2044,2050,6,0,0,,,,,,
2015,11,4,3,AA,88,N3JNAA,MIA,LGA,1605,1604,-1,16,1620,175,167,147,1096,1847,4,1900,1851,-9,0,0,,,,,,
2015,7,5,7,AA,413,N190UW,CLT,ATL,930,925,-5,15,940,77,68,43,226,1023,10,1047,1033,-14,0,0,,,,,,
2015,10,10,6,DL,1448,N322US,10397,11433,1905,1935,30,22,1957,115,113,87,594,2124,4,2100,2128,28,0,0,,0,0,28,0,0
2015,4,15,3,OO,5382,N970SW,MBS,ORD,2010,2000,-10,11,2011,76,78,48,222,1959,19,2026,2018,-8,0,0,,,,,,
2015,2,18,3,WN,226,N903WN,DEN,MDW,1750,1807,17,10,1817,140,129,114,895,2111,5,2110,2116,6,0,0,,,,,,
2015,1,22,4,US,1778,N961UW,AUS,PHL,755,830,35,10,840,192,179,161,1430,1221,8,1207,1229,22,0,0,,0,0,22,0,0
2015,3,18,3,OO,4732,N440SW,DTW,PLN,1950,1948,-2,20,2008,73,68,43,243,2051,5,2103,2056,-7,0,0,,,,,,
2015,1,25,7,MQ,3101,N531MQ,OKC,ORD,1531,1627,56,14,1641,122,128,99,693,1820,15,1733,1835,62,0,0,,6,0,0,56,0
2015,8,7,5,WN,746,N400WN,DEN,DTW,1820,1850,30,14,1904,165,164,139,1123,2323,11,2305,2334,29,0,0,,29,0,0,0,0
2015,1,5,1,EV,3959,N16559,IAH,MAF,1606,1603,-3,21,1624,91,95,65,429,1729,9,1737,1738,1,0,0,,,,,,
2015,1,20,2,OO,4503,N438SW,MSP,DLH,1619,1614,-5,33,1647,59,66,30,144,1717,3,1718,1720,2,0,0,,,,,,
2015,12,22,2,WN,2449,N7708E,LAS,BDL,1610,1651,41,15,1706,285,266,246,2297,12,5,2355,17,22,0,0,,0,0,22,0,0
2015,5,30,6,OO,4719,N609SK,SEA,SJC,1925,1923,-2,25,1948,125,147,118,697,2146,4,2130,2150,20,0,0,,20,0,0,0,0
2015,4,9,4,UA,1205,N78866,KOA,LAX,1220,1221,1,12,1233,329,323,292,2504,2025,19,2049,2044,-5,0,0,,,,,,
2015,7,1,3,EV,2669,N907EV,DFW,LEX,1602,1603,1,16,1619,131,133,113,785,1912,4,1913,1916,3,0,0,,,,,,
2015,11,16,1,EV,5102,N937EV,ATL,MGM,1401,1402,1,20,1422,55,59,37,147,1359,2,1356,1401,5,0,0,,,,,,
2015,11,7,6,AA,1919,N575UW,SEA,CLT,1115,1111,-4,24,1135,292,292,257,2279,1852,11,1907,1903,-4,0,0,,,,,,
2015,8,6,4,F9,1383,N209FR,CLE,LAS,2210,2202,-8,26,2228,260,298,246,1824,2334,26,2330,2400,30,0,0,,30,0,0,0,0
2015,2,10,2,WN,4896,N370SW,JAX,ATL,1315,1313,-2,9,1322,70,71,49,270,1411,13,1425,1424,-1,0,0,,,,,,
2015,5,20,3,AA,32,N787AA,LAX,JFK,1420,1418,-2,16,1434,341,294,275,2475,2209,3,2301,2212,-49,0,0,,,,,,
2015,3,5,4,WN,1108,N484WN,SMF,SAN,1055,1058,3,9,1107,85,85,73,480,1220,3,1220,1223,3,0,0,,,,,,
2015,3,22,7,WN,4082,N650SW,MSP,ATL,1615,1618,3,9,1627,145,144,126,907,1933,9,1940,1942,2,0,0,,,,,,
2015,9,10,4,B6,356,N206JB,IAD,BOS,1727,1847,80,39,1926,92,109,66,413,2032,4,1859,2036,97,0,0,,17,0,7,73,0
2015,11,18,3,AA,2038,N715UW,CLT,PVD,2204,2202,-2,8,2210,106,99,87,683,2337,4,2350,2341,-9,0,0,,,,,,
2015,4,23,4,EV,4681,N14558,PVD,ORD,1632,1629,-3,12,1641,158,167,135,849,1756,20,1810,1816,6,0,0,,,,,,
2015,2,9,1,AA,2478,N4XFAA,DFW,RIC,1330,1328,-2,14,1342,157,168,147,1158,1709,7,1707,1716,9,0,0,,,,,,
2015,7,27,1,UA,1931,N69838,PHL,ORD,643,644,1,14,658,137,119,98,678,736,7,800,743,-17,0,0,,,,,,
2015,10,19,1,AA,1955,N830AW,14100,15304,1545,1545,0,16,1601,156,149,129,920,1810,4,1821,1814,-7,0,0,,,,,,
2015,11,12,4,UA,490,N489UA,OMA,DEN,932,932,0,17,949,108,105,79,472,1008,9,1020,1017,-3,0,0,,,,,,
2015,1,8,4,DL,2142,N988DL,ATL,EWR,1631,1656,25,15,1711,137,119,98,746,1849,6,1848,1855,7,0,0,,,,,,
2015,9,11,5,OO,4974,N103SY,DEN,DFW,825,822,-3,13,835,125,119,93,641,1108,13,1130,1121,-9,0,0,,,,,,
2015,12,15,2,DL,1054,N932DL,BDL,ATL,720,714,-6,12,726,172,150,128,859,934,10,1012,944,-28,0,0,,,,,,
2015,5,13,3,OO,4806,N692CA,LAX,OAK,1735,1733,-2,21,1754,87,79,53,337,1847,5,1902,1852,-10,0,0,,,,,,
2015,11,15,7,WN,1183,N945WN,ATL,LAS,755,754,-1,10,804,285,271,243,1747,907,18,940,925,-15,0,0,,,,,,
2015,7,31,5,WN,175,N8648A,LAS,STL,1155,1209,14,18,1227,185,179,156,1371,1703,5,1700,1708,8,0,0,,,,,,
2015,7,26,7,B6,1888,N368JB,MCO,ORH,740,737,-3,10,747,165,165,151,1091,1018,4,1025,1022,-3,0,0,,,,,,
2015,8,31,1,EV,4283,N17984,MLI,ORD,1859,1906,7,13,1919,64,67,38,139,1957,16,2003,2013,10,0,0,,,,,,
2015,11,18,3,OO,5159,N785SK,BOI,DEN,955,950,-5,24,1014,110,132,100,649,1154,8,1145,1202,17,0,0,,17,0,0,0,0
2015,9,9,3,WN,2032,N633SW,OAK,LAX,635,633,-2,7,640,80,76,61,337,741,8,755,749,-6,0,0,,,,,,
2015,5,16,6,DL,1434,N750AT,HNL,LAX,1435,1432,-3,21,1453,332,334,288,2556,2241,25,2307,2306,-1,0,0,,,,,,
2015,7,27,1,WN,4992,N708SW,PHL,MDW,1430,1441,11,10,1451,130,121,99,668,1530,12,1540,1542,2,0,0,,,,,,
2015,12,8,2,WN,1521,N732SW,MCO,STL,635,628,-7,13,641,155,145,123,882,744,9,810,753,-17,0,0,,,,,,
2015,8,26,3,DL,1517,N936DN,DEN,ATL,630,624,-6,26,650,174,177,143,1199,1113,8,1124,1121,-3,0,0,,,,,,
2015,6,12,5,UA,1075,N61882,LAS,EWR,725,732,7,,,303,,,2227,,,1528,,,0,1,A,,,,,
2015,5,18,1,OO,4719,N603QX,SEA,SJC,1925,1920,-5,10,1930,127,117,104,697,2114,3,2132,2117,-15,0,0,,,,,,
2015,12,17,4,EV,4100,N26141,EWR,STL,2140,2134,-6,19,2153,171,199,153,872,2326,27,2331,2353,22,0,0,,22,0,0,0,0
2015,6,28,7,NK,242,N527NK,ATL,CLE,835,853,18,23,916,112,104,76,554,1032,5,1027,1037,10,0,0,,,,,,
2015,11,4,3,WN,1752,N224WN,OAK,BUR,1350,1348,-2,6,1354,65,59,49,325,1443,4,1455,1447,-8,0,0,,,,,,
2015,7,7,2,WN,44,N930WN,BWI,ROC,1000,955,-5,9,1004,70,61,46,277,1050,6,1110,1056,-14,0,0,,,,,,
2015,1,16,5,WN,3592,N961WN,BUR,SMF,1715,1718,3,9,1727,75,71,58,358,1825,4,1830,1829,-1,0,0,,,,,,
2015,8,29,6,AA,457,N551UW,PHX,SLC,1005,958,-7,18,1016,99,103,72,507,1228,13,1244,1241,-3,0,0,,,,,,
2015,6,19,5,US,1842,N768US,CLT,PIT,1316,1313,-3,37,1350,85,99,59,366,1449,3,1441,1452,11,0,0,,,,,,
2015,3,3,2,DL,1521,N902DA,DAY,ATL,1024,1020,-4,40,1100,96,117,70,432,1210,7,1200,1217,17,0,0,,17,0,0,0,0
2015,7,5,7,F9,1382,N219FR,LAS,CLE,945,935,-10,12,947,235,251,221,1824,1628,18,1640,1646,6,0,0,,,,,,
2015,12,24,4,DL,2177,N190DN,HNL,MSP,1805,1802,-3,17,1819,473,456,435,3972,534,4,558,538,-20,0,0,,,,,,
2015,12,23,3,WN,798,N8301J,LAS,MCO,820,825,5,14,839,260,251,228,2039,1527,9,1540,1536,-4,0,0,,,,,,
2015,3,4,3,NK,380,N587NK,FLL,DTW,2020,2025,5,15,2040,182,165,143,1127,2303,7,2322,2310,-12,0,0,,,,,,
2015,11,15,7,OO,4730,N814SK,MSP,PSC,1933,1931,-2,22,1953,218,189,163,1254,2036,4,2111,2040,-31,0,0,,,,,,
2015,1,8,4,AS,50,N763AS,ANC,SCC,1450,1446,-4,9,1455,106,100,86,627,1621,5,1636,1626,-10,0,0,,,,,,
2015,4,12,7,OO,5648,N740SK,SFO,SBA,2237,2232,-5,14,2246,70,64,47,262,2333,3,2347,2336,-11,0,0,,,,,,
2015,3,11,3,AA,382,N4YBAA,DFW,OKC,1345,1344,-1,13,1357,54,47,29,175,1426,5,1439,1431,-8,0,0,,,,,,
2015,3,20,5,HA,324,N492HA,LIH,HNL,2256,2248,-8,9,2257,32,37,21,102,2318,7,2328,2325,-3,0,0,,,,,,
2015,11,14,6,UA,251,N64844,IAD,PDX,1740,1808,28,13,1821,352,326,308,2327,2029,5,2032,2034,2,0,0,,,,,,
2015,3,11,3,WN,1279,N8613K,MCO,BWI,1840,1848,8,13,1901,135,133,108,787,2049,12,2055,2101,6,0,0,,,,,,
2015,2,3,2,EV,4133,N11551,IAH,CLT,745,739,-6,10,749,140,125,108,912,1037,7,1105,1044,-21,0,0,,,,,,
2015,11,30,1,WN,347,N291WN,BUR,OAK,1525,1524,-1,9,1533,70,79,53,325,1626,17,1635,1643,8,0,0,,,,,,
2015,11,28,6,DL,2574,N947DL,LGA,TPA,800,756,-4,16,812,188,153,136,1010,1028,1,1108,1029,-39,0,0,,,,,,
2015,6,6,6,B6,16,N923JB,SFO,JFK,640,640,0,13,653,348,321,303,2586,1456,5,1528,1501,-27,0,0,,,,,,
2015,3,8,7,EV,4266,N14570,IAH,BHM,852,843,-9,21,904,97,98,72,562,1016,5,1029,1021,-8,0,0,,,,,,
2015,8,20,4,OO,7374,N454SW,BRD,MSP,1538,1530,-8,10,1540,65,43,29,114,1609,4,1643,1613,-30,0,0,,,,,,
2015,7,24,5,B6,1223,N266JB,DCA,MCO,928,925,-3,14,939,131,132,108,759,1127,10,1139,1137,-2,0,0,,,,,,
2015,9,5,6,WN,1132,N7816B,JAX,BNA,915,910,-5,10,920,90,83,68,483,928,5,945,933,-12,0,0,,,,,,
2015,3,26,4,OO,6378,N954SW,ORD,CID,739,732,-7,15,747,66,62,42,196,829,5,845,834,-11,0,0,,,,,,
2015,12,26,6,EV,4693,N15986,STL,EWR,916,912,-4,14,926,143,140,115,872,1221,11,1239,1232,-7,0,0,,,,,,
2015,6,20,6,NK,676,N612NK,FLL,MCO,2018,2017,-1,11,2028,61,61,38,177,2106,12,2119,2118,-1,0,0,,,,,,
2015,11,11,3,AA,255,N786AA,JFK,LAX,1000,954,-6,16,1010,380,384,363,2475,1313,5,1320,1318,-2,0,0,,,,,,
2015,10,24,6,EV,5056,N937EV,10397,15607,1159,1154,-5,13,1207,59,53,37,208,1244,3,1258,1247,-11,0,0,,,,,,
2015,1,16,5,WN,2256,N791SW,SJU,MCO,655,648,-7,25,713,195,214,181,1189,914,8,910,922,12,0,0,,,,,,
2015,5,7,4,UA,1205,N27421,LAX,BOS,2250,2315,25,14,2329,339,313,294,2611,723,5,729,728,-1,0,0,,,,,,
2015,4,11,6,US,1742,N551UW,LAX,CLT,856,853,-3,15,908,291,265,240,2125,1608,10,1647,1618,-29,0,0,,,,,,
2015,4,10,5,EV,4374,N12126,RIC,EWR,608,711,63,13,724,76,78,60,277,824,5,724,829,65,0,0,,2,0,63,0,0
2015,1,19,1,MQ,2900,N677MQ,DFW,RAP,1220,1213,-7,10,1223,146,142,129,835,1332,3,1346,1335,-11,0,0,,,,,,
2015,11,25,3,F9,1270,N223FR,LAX,ORD,15,23,8,12,35,235,235,211,1744,606,12,610,618,8,0,0,,,,,,
2015,9,10,4,WN,637,N383SW,MAF,LAS,1520,1515,-5,8,1523,140,133,115,795,1518,10,1540,1528,-12,0,0,,,,,,
2015,5,5,2,F9,761,N228FR,DEN,LAS,2135,2142,7,14,2156,110,114,89,628,2225,11,2225,2236,11,0,0,,,,,,
2015,10,24,6,WN,879,N8667D,10721,11292,1330,1325,-5,14,1339,285,278,259,1754,1558,5,1615,1603,-12,0,0,,,,,,
2015,6,22,1,US,566,N561UW,PHX,MCO,1515,1513,-2,9,1522,255,256,240,1849,2222,7,2230,2229,-1,0,0,,,,,,
2015,6,21,7,WN,4206,N7703A,MSP,MDW,735,731,-4,8,739,90,78,60,349,839,10,905,849,-16,0,0,,,,,,
2015,9,10,4,MQ,3289,N647MQ,DFW,CVG,1505,1502,-3,21,1523,138,140,115,812,1818,4,1823,1822,-1,0,0,,,,,,
2015,7,3,5,MQ,3609,N521MQ,DFW,XNA,2010,2045,35,11,2056,75,60,46,280,2142,3,2125,2145,20,0,0,,0,0,4,16,0
2015,6,1,1,MQ,3567,N638MQ,CHA,DFW,629,625,-4,9,634,136,119,99,695,713,11,745,724,-21,0,0,,,,,,
2015,11,10,2,OO,5557,N709SK,IAH,COS,1447,1447,0,27,1514,149,163,128,809,1622,8,1616,1630,14,0,0,,,,,,
2015,4,3,5,F9,331,N953FR,MSP,DEN,1935,1923,-12,12,1935,123,128,103,680,2018,13,2038,2031,-7,0,0,,,,,,
2015,5,11,1,AA,1284,N390AA,MIA,ORD,1540,1622,42,13,1635,199,185,162,1197,1817,10,1759,1827,28,0,0,,0,0,10,18,0
2015,8,20,4,AA,439,N817AW,PHX,SMF,717,711,-6,14,725,116,115,95,647,900,6,913,906,-7,0,0,,,,,,
2015,8,28,5,UA,1575,N75853,HNL,SFO,2250,2252,2,18,2310,297,296,272,2398,642,6,647,648,1,0,0,,,,,,
2015,4,9,4,F9,162,N947FR,DEN,MSN,1430,1433,3,12,1445,119,119,102,826,1727,5,1729,1732,3,0,0,,,,,,
2015,1,29,4,EV,5394,N931EV,DTW,ABE,2010,2006,-4,51,2057,97,120,65,425,2202,4,2147,2206,19,0,0,,19,0,0,0,0
2015,9,11,5,DL,1254,N537US,LAX,ATL,2343,4,21,20,24,257,246,222,1947,706,4,700,710,10,0,0,,,,,,
2015,1,23,5,DL,1516,N654DL,DEN,ATL,610,610,0,14,624,185,169,147,1199,1051,8,1115,1059,-16,0,0,,,,,,
2015,9,20,7,NK,972,N601NK,DFW,FLL,600,557,-3,17,614,157,167,141,1119,935,9,937,944,7,0,0,,,,,,
2015,12,16,3,WN,4068,N559WN,DEN,IAD,1055,1059,4,12,1111,195,181,163,1452,1554,6,1610,1600,-10,0,0,,,,,,
2015,2,3,2,WN,1963,N926WN,LAX,MCI,1055,1055,0,8,1103,190,181,168,1363,1551,5,1605,1556,-9,0,0,,,,,,
2015,2,16,1,DL,1357,N376NW,MSP,DTW,1725,1753,28,11,1804,100,95,68,528,2012,16,2005,2028,23,0,0,,0,0,0,23,0
2015,9,18,5,OO,2871,N862AS,LAX,SAN,1425,1419,-6,25,1444,53,56,25,109,1509,6,1518,1515,-3,0,0,,,,,,
2015,6,16,2,UA,1134,N76269,ORD,BWI,2054,2130,36,16,2146,119,103,82,622,8,5,2353,13,20,0,0,,0,0,20,0,0
2015,6,17,3,OO,7395,N447SW,SGU,SLC,1817,1821,4,14,1835,68,62,43,272,1918,5,1925,1923,-2,0,0,,,,,,
2015,1,4,7,DL,2064,N961AT,EWR,ATL,1145,1145,0,22,1207,153,153,127,746,1414,4,1418,1418,0,0,0,,,,,,
2015,6,17,3,B6,658,N658JB,FLL,CLE,800,751,-9,10,801,169,153,138,1062,1019,5,1049,1024,-25,0,0,,,,,,
2015,7,4,6,MQ,3536,N688MQ,PIA,ORD,632,625,-7,10,635,53,48,29,130,704,9,725,713,-12,0,0,,,,,,
2015,1,8,4,US,1952,N825AW,CLT,BUF,2215,2248,33,28,2316,98,109,77,546,33,4,2353,37,44,0,0,,11,0,14,19,0
2015,3,18,3,NK,970,N633NK,DEN,FLL,2340,2339,-1,11,2350,215,216,195,1703,505,10,515,515,0,0,0,,,,,,
2015,1,25,7,VX,1475,N837VA,LAS,LAX,805,801,-4,15,816,70,67,39,236,855,13,915,908,-7,0,0,,,,,,
2015,8,31,1,OO,4802,N613QX,SEA,SJC,1855,1947,52,15,2002,128,119,100,697,2142,4,2103,2146,43,0,0,,0,0,10,33,0
2015,3,8,7,WN,654,N449WN,BHM,TPA,1320,1318,-2,9,1327,80,77,64,459,1531,4,1540,1535,-5,0,0,,,,,,
2015,5,13,3,DL,2065,N822DN,FLL,ATL,1950,1944,-6,15,1959,115,104,82,581,2121,7,2145,2128,-17,0,0,,,,,,
2015,8,23,7,UA,1997,N38459,EWR,MCO,1659,1659,0,13,1712,175,146,124,937,1916,9,1954,1925,-29,0,0,,,,,,
2015,6,6,6,MQ,3064,N823MQ,BPT,DFW,504,502,-2,12,514,75,71,48,270,602,11,619,613,-6,0,0,,,,,,
2015,3,29,7,EV,3958,N22971,SBN,ORD,1753,1751,-2,10,1801,57,41,25,84,1726,6,1750,1732,-18,0,0,,,,,,
2015,11,12,4,WN,47,N345SA,ATL,DAL,1605,1615,10,12,1627,140,132,115,721,1722,5,1725,1727,2,0,0,,,,,,
2015,5,27,3,AA,151,N3FCAA,ORD,DEN,1400,1358,-2,13,1411,164,162,126,888,1517,23,1544,1540,-4,0,0,,,,,,
2015,5,25,1,OO,5599,N948SW,DEN,MFR,1855,1853,-2,17,1910,169,169,146,964,2036,6,2044,2042,-2,0,0,,,,,,
2015,12,11,5,NK,561,N530NK,DEN,LAS,1130,1128,-2,13,1141,111,133,111,628,1232,9,1221,1241,20,0,0,,20,0,0,0,0
2015,3,15,7,DL,2123,N695DL,JFK,FLL,700,700,0,47,747,192,201,150,1069,1017,4,1012,1021,9,0,0,,,,,,
2015,1,31,6,UA,1577,N14231,DEN,LGA,1000,1007,7,16,1023,224,197,172,1620,1515,9,1544,1524,-20,0,0,,,,,,
2015,6,9,2,DL,1543,N3732J,MSY,MSP,1557,1604,7,11,1615,162,160,147,1039,1842,2,1839,1844,5,0,0,,,,,,
2015,7,26,7,DL,1087,N908DE,ATL,DAB,1205,1202,-3,7,1209,80,64,54,366,1303,3,1325,1306,-19,0,0,,,,,,
2015,12,26,6,WN,4413,N521SW,LBB,DAL,1815,1933,78,7,1940,65,,,293,2333,5,1920,2338,,1,0,,,,,,
2015,4,29,3,MQ,3422,N650MQ,MOB,DFW,1417,1416,-1,10,1426,115,103,84,539,1550,9,1612,1559,-13,0,0,,,,,,
2015,1,13,2,B6,76,N203JB,MSY,JFK,1000,1021,21,15,1036,164,156,136,1182,1352,5,1344,1357,13,0,0,,,,,,
2015,9,17,4,UA,248,N448UA,ORD,PIT,1744,1750,6,42,1832,87,103,56,413,2028,5,2011,2033,22,0,0,,16,0,0,0,6
2015,7,4,6,DL,1711,N979DL,ATL,DFW,2214,2236,22,14,2250,134,121,103,731,2333,4,2328,2337,9,0,0,,,,,,
2015,4,15,3,EV,2519,N908EV,DFW,SAV,1510,1506,-4,14,1520,149,153,134,925,1834,5,1839,1839,0,0,0,,,,,,
2015,9,2,3,OO,2961,N907SW,YUM,PHX,1505,1457,-8,17,1514,54,62,34,160,1548,11,1559,1559,0,0,0,,,,,,
2015,1,5,1,AA,1068,N586AA,BWI,DFW,1910,1930,20,14,1944,210,208,187,1217,2151,7,2140,2158,18,0,0,,0,0,0,18,0
2015,5,4,1,US,799,N287AY,PHL,MCO,1545,1640,55,20,1700,152,137,111,861,1851,6,1817,1857,40,0,0,,0,0,40,0,0
2015,11,26,4,AA,1753,N722US,CLT,JAX,1145,1138,-7,20,1158,86,79,54,328,1252,5,1311,1257,-14,0,0,,,,,,
2015,7,24,5,WN,229,N294WN,HOU,ATL,2010,2020,10,8,2028,115,114,93,696,2301,13,2305,2314,9,0,0,,,,,,
2015,5,28,4,EV,5791,N11176,IAH,LFT,1454,1458,4,11,1509,59,55,34,201,1543,10,1553,1553,0,0,0,,,,,,
2015,5,5,2,DL,1212,N583NW,HNL,LAX,2109,2103,-6,23,2126,321,309,279,2556,505,7,530,512,-18,0,0,,,,,,
2015,12,1,2,EV,2831,N677AE,DFW,TYS,720,719,-1,18,737,123,113,91,771,1008,4,1023,1012,-11,0,0,,,,,,
2015,2,7,6,WN,3137,N371SW,MCO,BNA,1440,1438,-2,10,1448,115,112,97,616,1525,5,1535,1530,-5,0,0,,,,,,
2015,5,2,6,AA,1611,N3LPAA,ORD,SFO,1700,1656,-4,13,1709,296,264,246,1846,1915,5,1956,1920,-36,0,0,,,,,,
2015,1,23,5,MQ,2917,N6EAMQ,AMA,DFW,1601,1557,-4,16,1613,69,78,51,312,1704,11,1710,1715,5,0,0,,,,,,
2015,9,22,2,EV,4373,N12900,EWR,DCA,1818,1812,-6,20,1832,81,70,44,199,1916,6,1939,1922,-17,0,0,,,,,,
2015,10,24,6,DL,326,N385DN,14843,12478,710,702,-8,14,716,233,220,198,1598,1034,8,1103,1042,-21,0,0,,,,,,
2015,6,9,2,DL,1358,N921DN,DTW,RDU,2008,2116,68,22,2138,102,99,70,501,2248,7,2150,2255,65,0,0,,0,0,65,0,0
2015,1,29,4,NK,360,N506NK,LAS,PDX,1600,1556,-4,10,1606,143,131,108,763,1754,13,1823,1807,-16,0,0,,,,,,
2015,5,26,2,B6,1453,N517JB,FLL,SJU,1333,1324,-9,15,1339,156,156,137,1046,1556,4,1609,1600,-9,0,0,,,,,,
2015,5,3,7,VX,357,N853VA,BOS,SFO,1859,1855,-4,15,1910,411,368,347,2704,2157,6,2250,2203,-47,0,0,,,,,,
2015,10,18,7,DL,1193,N967DL,11995,10397,815,811,-4,12,823,88,77,55,306,918,10,943,928,-15,0,0,,,,,,
2015,12,18,5,DL,1582,N956DL,OMA,ATL,1755,1758,3,12,1810,135,115,94,821,2044,9,2110,2053,-17,0,0,,,,,,
2015,12,3,4,AA,1435,N3LDAA,ORD,BOS,1005,959,-6,11,1010,132,134,118,867,1308,5,1317,1313,-4,0,0,,,,,,
2015,5,4,1,AS,574,N618AS,PDX,LAX,1425,1420,-5,14,1434,140,145,118,834,1632,13,1645,1645,0,0,0,,,,,,
2015,1,6,2,WN,515,N646SW,ATL,PHL,1540,1716,96,23,1739,125,125,94,666,1913,8,1745,1921,96,0,0,,96,0,0,0,0
2015,3,31,2,UA,1073,N35260,IAH,CLE,1548,1603,15,18,1621,157,160,136,1091,1937,6,1925,1943,18,0,0,,3,0,15,0,0
2015,12,18,5,AA,154,N436AA,ORD,MCO,1957,2012,15,20,2032,161,145,120,1005,2332,5,2338,2337,-1,0,0,,,,,,
2015,12,15,2,WN,733,N957WN,OAK,LAX,1910,1909,-1,11,1920,70,88,49,337,2009,28,2020,2037,17,0,0,,17,0,0,0,0
2015,7,7,2,B6,1634,N266JB,JFK,BTV,940,1111,91,28,1139,78,69,39,266,1218,2,1058,1220,82,0,0,,0,0,21,61,0
2015,2,23,1,EV,5593,N884AS,ATL,MOB,822,819,-3,26,845,77,,,302,1100,9,839,1109,,1,0,,,,,,
2015,10,15,4,UA,1848,N33714,13930,13487,2228,2226,-2,19,2245,91,86,60,334,2345,7,2359,2352,-7,0,0,,,,,,
2015,11,30,1,WN,2254,N397SW,LAX,SLC,900,857,-3,11,908,105,101,87,590,1135,3,1145,1138,-7,0,0,,,,,,
2015,12,16,3,WN,1756,N656SW,BNA,STL,835,831,-4,14,845,70,64,47,272,932,3,945,935,-10,0,0,,,,,,
2015,1,2,5,MQ,3116,N696MQ,ORD,CID,715,710,-5,10,720,53,51,35,196,755,6,808,801,-7,0,0,,,,,,
2015,3,24,2,NK,852,N605NK,MYR,DTW,2042,2036,-6,8,2044,116,104,91,636,2215,5,2238,2220,-18,0,0,,,,,,
2015,1,14,3,WN,4896,N917WN,MCO,RIC,2015,2022,7,11,2033,110,106,90,667,2203,5,2205,2208,3,0,0,,,,,,
2015,11,5,4,AS,671,N457AS,AUS,SEA,1830,2146,196,15,2201,270,258,239,1770,2400,4,2100,4,184,0,0,,57,0,0,127,0
2015,6,18,4,OO,5621,N701SK,TUL,DEN,1736,1734,-2,14,1748,111,102,81,541,1809,7,1827,1816,-11,0,0,,,,,,
2015,4,15,3,AA,1559,N548AA,ATL,DFW,1115,1113,-2,18,1131,150,135,103,731,1214,14,1245,1228,-17,0,0,,,,,,
2015,5,25,1,UA,1636,,HNL,LAX,1510,,,,,325,,,2556,,,2335,,,0,1,A,,,,,
2015,7,26,7,UA,475,N446UA,EWR,ATL,832,827,-5,20,847,148,129,101,746,1028,8,1100,1036,-24,0,0,,,,,,
2015,7,28,2,B6,185,N184JB,ROC,JFK,539,527,-12,9,536,81,71,51,264,627,11,700,638,-22,0,0,,,,,,
2015,10,7,3,WN,192,N7712G,11066,10397,610,608,-2,12,620,90,86,67,447,727,7,740,734,-6,0,0,,,,,,
2015,9,2,3,AA,856,N124US,CLT,DCA,1940,1946,6,13,1959,78,89,74,331,2113,2,2058,2115,17,0,0,,11,0,6,0,0
2015,1,19,1,HA,1,N381HA,LAX,HNL,840,832,-8,15,847,345,346,328,2556,1215,3,1225,1218,-7,0,0,,,,,,
2015,3,12,4,MQ,3530,N539MQ,CVG,ORD,1136,1128,-8,11,1139,84,67,50,265,1129,6,1200,1135,-25,0,0,,,,,,
2015,4,2,4,WN,513,N497WN,MKE,FLL,905,859,-6,13,912,185,179,163,1243,1255,3,1310,1258,-12,0,0,,,,,,
2015,6,9,2,OO,4835,N449SW,MSP,XNA,905,901,-4,43,944,119,126,79,596,1103,4,1104,1107,3,0,0,,,,,,
2015,4,22,3,OO,6476,N114SY,AUS,SFO,1245,1253,8,13,1306,249,245,228,1504,1454,4,1454,1458,4,0,0,,,,,,
2015,6,28,7,MQ,3198,N637MQ,FAR,DFW,658,653,-5,17,710,162,149,121,968,911,11,940,922,-18,0,0,,,,,,
2015,4,10,5,AA,2383,N4XYAA,DFW,JAX,712,738,26,23,801,147,141,113,918,1054,5,1039,1059,20,0,0,,0,0,20,0,0
2015,6,25,4,EV,4498,N12921,EWR,RDU,2131,2139,8,33,2212,96,116,74,416,2326,9,2307,2335,28,0,0,,20,0,8,0,0
2015,4,19,7,AA,190,N576AA,DFW,SJC,1045,1042,-3,22,1104,233,218,194,1438,1218,2,1238,1220,-18,0,0,,,,,,
2015,3,30,1,WN,3126,N8309C,LAS,RNO,1900,2001,61,13,2014,75,71,53,345,2107,5,2015,2112,57,0,0,,0,0,0,57,0
2015,4,15,3,US,547,N578UW,PDX,PHX,1805,1818,13,9,1827,150,143,127,1009,2034,7,2035,2041,6,0,0,,,,,,
2015,3,29,7,WN,3063,N260WN,DTW,BNA,1750,1818,28,18,1836,95,87,66,456,1842,3,1825,1845,20,0,0,,0,0,0,0,20
2015,5,7,4,WN,540,N8326F,MSP,MDW,1530,1527,-3,11,1538,90,99,74,349,1652,14,1700,1706,6,0,0,,,,,,
2015,6,5,5,MQ,3436,N647MQ,LIT,ORD,1553,1616,23,11,1627,117,102,83,552,1750,8,1750,1758,8,0,0,,,,,,
2015,2,25,3,NK,223,N618NK,ORD,RSW,1723,2022,179,,,169,,,1120,,,2112,,,0,1,A,,,,,
2015,5,13,3,VX,486,N847VA,LAX,LAS,1240,1238,-2,11,1249,65,60,42,236,1331,7,1345,1338,-7,0,0,,,,,,
2015,12,3,4,WN,2518,N8619F,MCO,PHX,1705,1708,3,13,1721,290,282,265,1849,1946,4,1955,1950,-5,0,0,,,,,,
2015,11,19,4,OO,5656,N793SK,MSP,IAH,505,503,-2,22,525,178,178,147,1034,752,9,803,801,-2,0,0,,,,,,
2015,11,29,7,AA,1354,N008AA,MIA,IAH,1105,1101,-4,17,1118,176,160,137,964,1235,6,1301,1241,-20,0,0,,,,,,
2015,10,14,3,B6,2008,N508JB,11697,14122,2020,2020,0,13,2033,171,149,131,994,2244,5,2311,2249,-22,0,0,,,,,,
2015,8,23,7,MQ,3135,N659MQ,AEX,DFW,1925,2027,62,17,2044,76,69,46,285,2130,6,2041,2136,55,0,0,,0,0,0,55,0
2015,5,1,5,EV,4473,N14907,ORD,TVC,2135,2121,-14,22,2143,67,66,39,224,2322,5,2342,2327,-15,0,0,,,,,,
2015,11,4,3,OO,5519,N131SY,DFW,DEN,1219,1215,-4,18,1233,126,118,95,641,1308,5,1325,1313,-12,0,0,,,,,,
2015,2,19,4,DL,872,N617DL,DCA,ATL,659,658,-1,17,715,128,110,83,547,838,10,907,848,-19,0,0,,,,,,
2015,8,8,6,WN,4489,N554WN,LAS,RNO,1510,1519,9,8,1527,80,80,56,345,1623,16,1630,1639,9,0,0,,,,,,
2015,6,14,7,AA,2206,N3HDAA,MIA,DCA,1652,1758,66,14,1812,156,195,120,919,2012,61,1928,2113,105,0,0,,39,0,2,64,0
2015,3,26,4,OO,6476,N107SY,AUS,SFO,1305,1306,1,23,1329,255,260,225,1504,1514,12,1520,1526,6,0,0,,,,,,
2015,7,7,2,DL,1742,N893AT,ATL,FAY,2101,2058,-3,29,2127,81,84,52,331,2219,3,2222,2222,0,0,0,,,,,,
2015,3,5,4,MQ,2919,N6EAMQ,ORD,CID,840,842,2,13,855,58,51,34,196,929,4,938,933,-5,0,0,,,,,,
2015,11,23,1,WN,399,N282WN,SJC,BUR,935,930,-5,9,939,60,56,45,296,1024,2,1035,1026,-9,0,0,,,,,,
2015,8,25,2,DL,855,N360NW,DTW,SLC,1736,1731,-5,12,1743,234,221,203,1481,1906,6,1930,1912,-18,0,0,,,,,,
2015,2,15,7,DL,1574,N136DL,MCO,MSP,735,747,12,12,759,210,210,194,1310,1013,4,1005,1017,12,0,0,,,,,,
2015,6,4,4,OO,5520,N965SW,ORD,CID,2238,2232,-6,17,2249,65,60,33,196,2322,10,2343,2332,-11,0,0,,,,,,
2015,10,18,7,AA,63,N003AA,13303,12266,1945,1940,-5,15,1955,170,165,137,964,2112,13,2135,2125,-10,0,0,,,,,,
2015,8,12,3,DL,1702,N351NB,CRW,ATL,630,626,-4,20,646,86,78,53,363,739,5,756,744,-12,0,0,,,,,,
2015,2,1,7,AA,2296,N4WPAA,DFW,JAX,1850,1915,25,19,1934,132,126,100,918,2214,7,2202,2221,19,0,0,,0,0,19,0,0
2015,5,31,7,AA,1069,N483AA,DFW,DTW,2010,2017,7,19,2036,169,145,120,986,2336,6,2359,2342,-17,0,0,,,,,,
2015,9,22,2,OO,5529,N117SY,ORD,SAT,1240,1238,-2,18,1256,177,168,146,1041,1522,4,1537,1526,-11,0,0,,,,,,
2015,2,6,5,WN,4299,N922WN,RDU,ATL,635,631,-4,6,637,90,75,62,356,739,7,805,746,-19,0,0,,,,,,
2015,6,24,3,WN,1093,N969WN,MDW,PHL,2200,2209,9,7,2216,110,98,82,668,38,9,50,47,-3,0,0,,,,,,
2015,4,13,1,WN,1274,N8638A,DEN,BWI,1515,1514,-1,10,1524,215,183,165,1491,2009,8,2050,2017,-33,0,0,,,,,,
2015,6,9,2,VX,399,N642VA,JFK,LAX,700,650,-10,15,705,355,357,326,2475,931,16,955,947,-8,0,0,,,,,,
2015,10,25,7,EV,5526,N848AS,13377,10397,1726,1732,6,14,1746,94,95,76,448,2002,5,2000,2007,7,0,0,,,,,,
2015,9,24,4,OO,6536,N762SK,SLC,DEN,1517,1510,-7,13,1523,88,85,64,391,1627,8,1645,1635,-10,0,0,,,,,,
2015,8,4,2,OO,7383,N8942A,SLC,CPR,1120,1109,-11,23,1132,75,85,55,320,1227,7,1235,1234,-1,0,0,,,,,,
2015,2,20,5,US,629,N548UW,CLT,BOS,1315,1317,2,12,1329,127,121,103,728,1512,6,1522,1518,-4,0,0,,,,,,
2015,6,15,1,OO,4508,N659BR,SLC,IDA,945,943,-2,17,1000,63,52,31,188,1031,4,1048,1035,-13,0,0,,,,,,
2015,3,26,4,OO,4728,N810SK,SLC,MFR,1118,1123,5,15,1138,120,102,82,575,1200,5,1218,1205,-13,0,0,,,,,,
2015,9,22,2,AA,654,N561UW,JFK,PHX,1330,1328,-2,16,1344,324,296,272,2153,1516,8,1554,1524,-30,0,0,,,,,,
2015,11,16,1,WN,3203,N556WN,TUS,LAX,1235,1229,-6,14,1243,95,96,74,451,1257,8,1310,1305,-5,0,0,,,,,,
2015,1,15,4,HA,135,N483HA,OGG,HNL,1448,1440,-8,9,1449,37,39,24,100,1513,6,1525,1519,-6,0,0,,,,,,
2015,1,18,7,B6,232,N536JB,LGB,SLC,857,847,-10,12,859,102,94,80,588,1119,2,1139,1121,-18,0,0,,,,,,
2015,4,12,7,UA,1290,N36272,ORD,IAH,1530,1533,3,16,1549,170,185,156,925,1825,13,1820,1838,18,0,0,,18,0,0,0,0
2015,11,6,5,NK,762,N521NK,MCO,ATL,825,819,-6,13,832,84,90,63,404,935,14,949,949,0,0,0,,,,,,
2015,7,12,7,DL,2312,N318NB,MSP,GRR,1511,1512,1,12,1524,78,68,52,408,1716,4,1729,1720,-9,0,0,,,,,,
2015,1,11,7,WN,4425,N240WN,DEN,BNA,1725,1726,1,12,1738,145,139,121,1014,2039,6,2050,2045,-5,0,0,,,,,,
2015,5,29,5,AS,680,N534AS,SEA,DEN,1855,1849,-6,10,1859,150,143,129,1024,2208,4,2225,2212,-13,0,0,,,,,,
2015,11,18,3,OO,6289,N770SK,DEN,SBA,1115,1125,10,36,1201,155,165,122,916,1303,7,1250,1310,20,0,0,,10,0,10,0,0
2015,6,11,4,EV,5093,N615QX,DTW,SBN,1205,1205,0,17,1222,60,55,35,157,1257,3,1305,1300,-5,0,0,,,,,,
2015,7,6,1,OO,2939,N930EV,CHO,ORD,515,525,10,10,535,119,103,82,567,557,11,614,608,-6,0,0,,,,,,
2015,2,18,3,DL,189,N364NB,BOS,DTW,845,844,-1,24,908,140,129,100,632,1048,5,1105,1053,-12,0,0,,,,,,
2015,4,12,7,OO,7420,N912EV,MSP,IMT,1116,1114,-2,25,1139,74,70,41,257,1220,4,1230,1224,-6,0,0,,,,,,
2015,3,19,4,US,529,N534UW,PHX,ORD,2359,2358,-1,12,10,199,185,163,1440,453,10,518,503,-15,0,0,,,,,,
2015,9,18,5,UA,1585,N26232,DCA,ORD,945,1030,45,29,1059,124,125,87,612,1126,9,1049,1135,46,0,0,,6,0,0,40,0
2015,10,17,6,DL,964,N829DN,11433,10821,1940,1939,-1,14,1953,100,80,61,409,2054,5,2120,2059,-21,0,0,,,,,,
2015,2,17,2,DL,2055,N67171,ATL,LAX,1926,1926,0,19,1945,318,294,263,1947,2108,12,2144,2120,-24,0,0,,,,,,
2015,4,11,6,EV,5983,N11140,SAF,DEN,1253,1253,0,14,1307,79,72,50,303,1357,8,1412,1405,-7,0,0,,,,,,
2015,11,21,6,WN,2319,N609SW,BUF,MCO,1515,1515,0,10,1525,160,171,155,1011,1800,6,1755,1806,11,0,0,,,,,,
2015,2,19,4,B6,1837,N318JB,BOS,DTW,1945,1939,-6,29,2008,137,125,93,632,2141,3,2202,2144,-18,0,0,,,,,,
2015,10,2,5,MQ,3281,N693MQ,13930,11003,2028,2025,-3,21,2046,67,60,34,196,2120,5,2135,2125,-10,0,0,,,,,,
2015,4,17,5,OO,2743,N886AS,PSP,PHX,1805,1758,-7,10,1808,70,70,49,261,1857,11,1915,1908,-7,0,0,,,,,,
2015,6,27,6,UA,714,N854UA,CLE,DEN,1031,1032,1,16,1048,196,180,159,1201,1127,5,1147,1132,-15,0,0,,,,,,
2015,6,17,3,WN,4531,N7742B,TPA,RDU,1245,1240,-5,12,1252,105,97,83,587,1415,2,1430,1417,-13,0,0,,,,,,
2015,7,31,5,B6,54,N206JB,PBI,JFK,1430,1541,71,19,1600,171,175,151,1028,1831,5,1721,1836,75,0,0,,4,0,22,49,0
2015,2,24,2,AA,2291,N857AA,DFW,MIA,700,655,-5,20,715,159,169,127,1121,1022,22,1039,1044,5,0,0,,,,,,
2015,2,20,5,F9,1248,N921FR,DEN,MIA,830,835,5,28,903,220,224,189,1709,1412,7,1410,1419,9,0,0,,,,,,
2015,3,24,2,WN,152,N8638A,GEG,OAK,720,718,-2,11,729,135,123,103,723,912,9,935,921,-14,0,0,,,,,,
2015,8,2,7,B6,1640,N587JB,RSW,LGA,1601,1622,21,12,1634,174,157,140,1080,1854,5,1855,1859,4,0,0,,,,,,
2015,11,15,7,MQ,3307,N6EAMQ,DFW,XNA,1540,1547,7,18,1605,66,62,41,280,1646,3,1646,1649,3,0,0,,,,,,
2015,5,1,5,WN,21,N723SW,IND,DEN,2045,2040,-5,9,2049,165,159,142,977,2111,8,2130,2119,-11,0,0,,,,,,
2015,8,5,3,AA,487,N565UW,CLT,SAN,750,749,-1,20,809,294,289,267,2077,936,2,944,938,-6,0,0,,,,,,
2015,1,15,4,UA,1680,N63820,SJU,ORD,1555,1558,3,11,1609,320,322,294,2072,1903,17,1915,1920,5,0,0,,,,,,
2015,12,9,3,DL,2035,N923DL,ATL,MKE,1505,1502,-3,22,1524,128,131,103,669,1607,6,1613,1613,0,0,0,,,,,,
2015,7,31,5,WN,741,N603SW,TPA,FLL,1755,1759,4,9,1808,60,51,37,197,1845,5,1855,1850,-5,0,0,,,,,,
2015,4,7,2,EV,4659,N16170,IAH,XNA,1636,1628,-8,10,1638,93,85,71,438,1749,4,1809,1753,-16,0,0,,,,,,
2015,5,2,6,UA,829,N449UA,EWR,DEN,1529,1615,46,12,1627,273,248,231,1605,1818,5,1802,1823,21,0,0,,0,0,21,0,0
2015,12,6,7,WN,1879,N289CT,PHL,MDW,2155,2147,-8,12,2159,145,118,101,668,2240,5,2320,2245,-35,0,0,,,,,,
2015,9,8,2,WN,460,N660SW,AUS,LAS,1245,1300,15,10,1310,175,164,149,1090,1339,5,1340,1344,4,0,0,,,,,,
2015,12,30,3,UA,654,N66831,ORD,MCO,602,939,217,39,1018,162,176,133,1005,1331,4,944,1335,231,0,0,,14,0,0,191,26
2015,12,1,2,OO,6447,N937SW,BNA,ORD,613,630,17,28,658,104,104,70,409,808,6,757,814,17,0,0,,0,0,17,0,0
2015,6,15,1,US,1764,N745VJ,FLL,DCA,700,652,-8,10,702,149,133,120,899,902,3,929,905,-24,0,0,,,,,,
2015,6,24,3,MQ,3481,N697MQ,PNS,DFW,931,919,-12,10,929,118,128,93,604,1102,25,1129,1127,-2,0,0,,,,,,
2015,3,5,4,AA,1511,N3DXAA,DFW,FLL,1020,,,,,159,,,1119,,,1359,,,0,1,B,,,,,
2015,2,6,5,US,1823,N936UW,PHL,PHX,1540,1538,-2,15,1553,324,299,280,2075,1833,4,1904,1837,-27,0,0,,,,,,
2015,4,30,4,US,1821,N840AW,CLT,DTW,1635,1630,-5,25,1655,112,111,77,500,1812,9,1827,1821,-6,0,0,,,,,,
2015,5,10,7,WN,794,N734SA,MCO,PVD,1910,2003,53,7,2010,160,157,143,1072,2233,7,2150,2240,50,0,0,,0,0,50,0,0
2015,4,25,6,DL,950,N519US,ATL,TPA,1535,1533,-2,16,1549,85,82,60,406,1649,6,1700,1655,-5,0,0,,,,,,
2015,8,16,7,EV,3949,N11194,ORF,IAH,1755,1846,51,11,1857,199,194,169,1201,2046,14,2014,2100,46,0,0,,0,0,13,33,0
2015,2,16,1,DL,1250,N939DL,MCI,ATL,1400,1407,7,9,1416,115,105,88,692,1644,8,1655,1652,-3,0,0,,,,,,
2015,8,2,7,UA,1468,N17229,IAH,SAT,1935,2009,34,14,2023,61,50,34,191,2057,2,2036,2059,23,0,0,,0,0,7,16,0
2015,2,19,4,HA,206,N480HA,HNL,OGG,505,458,-7,12,510,36,40,21,100,531,7,541,538,-3,0,0,,,,,,
2015,4,3,5,WN,4541,N387SW,STL,DTW,1945,1945,0,9,1954,85,70,57,440,2151,4,2210,2155,-15,0,0,,,,,,
2015,12,29,2,HA,384,N476HA,LIH,HNL,1554,1603,9,10,1613,35,38,20,102,1633,8,1629,1641,12,0,0,,,,,,
2015,11,12,4,WN,1701,N496WN,CAK,ATL,600,557,-3,8,605,115,103,88,528,733,7,755,740,-15,0,0,,,,,,
2015,4,12,7,DL,2348,N6705Y,ATL,SEA,2037,2038,1,16,2054,334,318,297,2182,2251,5,2311,2256,-15,0,0,,,,,,
2015,1,26,1,UA,1464,,DEN,EWR,1730,,,,,218,,,1605,,,2308,,,0,1,B,,,,,
2015,5,16,6,DL,2437,N927AT,DTW,BOS,844,837,-7,23,900,113,110,80,632,1020,7,1037,1027,-10,0,0,,,,,,
2015,8,8,6,WN,944,N7745A,TUS,MDW,650,649,-1,10,659,200,197,179,1440,1158,8,1210,1206,-4,0,0,,,,,,
2015,1,23,5,OO,5612,N986SW,SLC,SFO,615,608,-7,26,634,138,135,106,599,720,3,733,723,-10,0,0,,,,,,
2015,8,10,1,WN,364,N773SA,MCI,MSY,1115,1113,-2,7,1120,110,104,93,689,1253,4,1305,1257,-8,0,0,,,,,,
2015,5,3,7,WN,221,N968WN,HOU,DEN,1205,1200,-5,9,1209,150,130,115,883,1304,6,1335,1310,-25,0,0,,,,,,
2015,7,7,2,AA,1315,N4WLAA,ORD,STL,2000,2021,21,19,2040,73,67,44,258,2124,4,2113,2128,15,0,0,,0,0,0,15,0
2015,11,10,2,DL,1942,N915DL,EWR,ATL,1530,1604,34,24,1628,154,138,107,746,1815,7,1804,1822,18,0,0,,0,0,1,17,0
2015,12,17,4,AA,227,N3LSAA,SNA,ORD,1507,1505,-2,10,1515,239,233,215,1726,2050,8,2106,2058,-8,0,0,,,,,,
2015,3,17,2,UA,1449,N73299,EWR,PBI,1820,1855,35,55,1950,181,198,139,1023,2209,4,2121,2213,52,0,0,,17,0,11,24,0
2015,3,22,7,DL,1536,N377NW,DTW,BWI,1025,1022,-3,10,1032,93,74,59,409,1131,5,1158,1136,-22,0,0,,,,,,
2015,11,5,4,UA,444,N37253,SFO,BOS,1657,1654,-3,15,1709,335,313,293,2704,102,5,132,107,-25,0,0,,,,,,
2015,10,14,3,UA,1140,N65832,13930,11618,759,755,-4,19,814,130,122,93,719,1047,10,1109,1057,-12,0,0,,,,,,
2015,10,26,1,OO,4769,N487CA,15376,14869,1010,959,-11,15,1014,116,100,81,601,1235,4,1306,1239,-27,0,0,,,,,,
2015,12,16,3,AA,1239,N3LYAA,SEA,ORD,1505,1501,-4,23,1524,239,235,204,1721,2048,8,2104,2056,-8,0,0,,,,,,
2015,2,21,6,OO,6420,N701BR,DEN,CID,955,1021,26,24,1045,119,116,86,692,1311,6,1254,1317,23,0,0,,0,0,16,7,0
2015,11,4,3,EV,2796,N624AE,TYS,DFW,1139,1131,-8,20,1151,150,152,116,771,1247,16,1309,1303,-6,0,0,,,,,,
2015,7,21,2,B6,1815,N354JB,SYR,JFK,1827,1849,22,116,2045,93,176,52,209,2137,8,2000,2145,105,0,0,,103,0,0,2,0
2015,3,31,2,US,679,N520UW,PHX,SAN,1400,1355,-5,15,1410,71,69,50,304,1500,4,1511,1504,-7,0,0,,,,,,
2015,7,6,1,EV,4248,N14180,IAH,LFT,2117,2112,-5,13,2125,57,57,36,201,2201,8,2214,2209,-5,0,0,,,,,,
2015,3,30,1,EV,4664,N14907,IAH,LIT,849,846,-3,14,900,85,81,64,374,1004,3,1014,1007,-7,0,0,,,,,,
2015,6,12,5,WN,346,N767SW,SAN,LAS,630,630,0,12,642,80,72,51,258,733,9,750,742,-8,0,0,,,,,,
2015,6,17,3,OO,2855,N955SW,LAX,TUS,1950,1953,3,17,2010,87,91,70,451,2120,4,2117,2124,7,0,0,,,,,,
2015,6,2,2,B6,2807,N206JB,PWM,JFK,555,553,-2,14,607,77,72,53,273,700,5,712,705,-7,0,0,,,,,,
2015,2,25,3,MQ,3084,N600MQ,ORD,CMH,2130,,,,,71,,,296,,,2341,,,0,1,A,,,,,
2015,11,12,4,WN,1118,N380SW,TPA,DAL,1825,1830,5,9,1839,160,156,129,917,1948,18,2005,2006,1,0,0,,,,,,
2015,12,9,3,AA,407,N563UW,PHL,PHX,1015,1121,66,22,1143,338,281,257,2075,1400,2,1353,1402,9,0,0,,,,,,
2015,1,31,6,MQ,3071,N640MQ,GSO,DFW,1812,1801,-11,12,1813,198,187,163,999,1956,12,2030,2008,-22,0,0,,,,,,
2015,11,2,1,AA,1764,N837AW,DCA,MCI,1020,1018,-2,20,1038,168,165,139,949,1157,6,1208,1203,-5,0,0,,,,,,
2015,8,6,4,AA,362,N3EFAA,CLT,DFW,1610,1619,9,35,1654,167,188,144,936,1818,9,1757,1827,30,0,0,,21,0,9,0,0
2015,4,9,4,B6,312,N206JB,ORD,BOS,1327,,,,,134,,,867,,,1641,,,0,1,C,,,,,
2015,5,17,7,MQ,3025,N686MQ,DFW,GJT,900,911,11,11,922,144,124,109,773,1011,4,1024,1015,-9,0,0,,,,,,
2015,1,18,7,US,1768,N802AW,CLT,MEM,2000,1955,-5,14,2009,111,104,85,511,2034,5,2051,2039,-12,0,0,,,,,,
2015,12,4,5,WN,870,N570WN,PHX,BWI,820,819,-1,9,828,250,247,233,1999,1421,5,1430,1426,-4,0,0,,,,,,
2015,7,18,6,WN,3615,N426WN,SMF,SAN,2005,2038,33,11,2049,90,84,70,480,2159,3,2135,2202,27,0,0,,0,0,2,25,0
2015,8,25,2,DL,881,N956DN,ATL,AUS,1215,1213,-2,21,1234,137,133,106,813,1320,6,1332,1326,-6,0,0,,,,,,
2015,3,22,7,OO,4562,N441SW,DTW,FWA,1935,1931,-4,17,1948,55,52,30,128,2018,5,2030,2023,-7,0,0,,,,,,
2015,4,1,3,UA,1240,N57868,IAH,LAX,1015,1032,17,25,1057,224,214,184,1379,1201,5,1159,1206,7,0,0,,,,,,
2015,12,3,4,F9,910,N938FR,DTW,TTN,1600,1556,-4,19,1615,105,97,70,464,1725,8,1745,1733,-12,0,0,,,,,,
2015,11,23,1,B6,1352,N508JB,MCO,BOS,2120,2119,-1,14,2133,163,165,141,1121,2354,10,3,4,1,0,0,,,,,,
2015,3,27,5,WN,3452,N229WN,BUR,OAK,1245,1244,-1,8,1252,70,62,49,325,1341,5,1355,1346,-9,0,0,,,,,,
2015,11,14,6,EV,3828,N19554,IAH,MAF,1912,1911,-1,33,1944,92,106,69,429,2053,4,2044,2057,13,0,0,,,,,,
2015,1,20,2,EV,4541,N12900,CMH,IAD,1447,1441,-6,8,1449,83,68,50,299,1539,10,1610,1549,-21,0,0,,,,,,
2015,6,20,6,OO,7378,N8903A,SLC,BTM,1705,1701,-4,19,1720,79,77,53,358,1813,5,1824,1818,-6,0,0,,,,,,
2015,12,4,5,OO,5443,N941SW,SFO,RDD,2240,2231,-9,29,2300,62,68,33,199,2333,6,2342,2339,-3,0,0,,,,,,
2015,6,14,7,DL,1110,N900PC,ATL,MCO,1805,1802,-3,24,1826,100,90,58,404,1924,8,1945,1932,-13,0,0,,,,,,
2015,2,9,1,DL,821,N126DL,MSP,LAX,1740,1759,19,14,1813,250,258,224,1535,1957,20,1950,2017,27,0,0,,8,0,0,0,19
2015,12,31,4,DL,845,N995DL,PBI,ATL,1225,1225,0,14,1239,113,104,79,545,1358,11,1418,1409,-9,0,0,,,,,,
2015,3,27,5,UA,1236,N33209,DCA,DEN,1604,1612,8,9,1621,245,217,198,1476,1739,10,1809,1749,-20,0,0,,,,,,
2015,9,23,3,WN,523,N725SW,MDW,DCA,1925,1923,-2,8,1931,110,102,89,601,2200,5,2215,2205,-10,0,0,,,,,,
2015,10,9,5,B6,989,N304JB,10721,11278,1740,1734,-6,15,1749,101,,,399,2220,4,1921,2224,,1,0,,,,,,
2015,7,6,1,MQ,3101,N502MQ,LGA,DTW,659,800,61,18,818,108,100,75,502,933,7,847,940,53,0,0,,0,0,0,53,0
2015,8,13,4,EV,4970,N712EV,LGA,ILM,2115,2134,19,12,2146,103,84,69,500,2255,3,2258,2258,0,0,0,,,,,,
2015,6,6,6,MQ,3581,N505MQ,RDU,LGA,1248,1248,0,15,1303,102,82,62,431,1405,5,1430,1410,-20,0,0,,,,,,
2015,8,13,4,EV,5460,N197PQ,BMI,ATL,1614,1606,-8,10,1616,100,100,78,533,1834,12,1854,1846,-8,0,0,,,,,,
2015,2,10,2,B6,1753,N284JB,FLL,SJU,1025,1022,-3,14,1036,150,141,124,1046,1340,3,1355,1343,-12,0,0,,,,,,
2015,11,3,2,AA,583,N901AW,DCA,PHX,1715,1709,-6,25,1734,294,295,262,1979,1956,8,2009,2004,-5,0,0,,,,,,
2015,7,10,5,UA,727,N522UA,ORD,SFO,700,657,-3,22,719,277,288,245,1846,924,21,937,945,8,0,0,,,,,,
2015,3,5,4,HA,7,N370HA,LAS,HNL,900,857,-3,15,912,380,388,368,2762,1320,5,1320,1325,5,0,0,,,,,,
2015,12,10,4,WN,1490,N7830A,LAS,SAT,1900,1929,29,11,1940,150,138,124,1069,2344,3,2330,2347,17,0,0,,0,0,0,17,0
2015,10,13,2,MQ,3094,N641MQ,11986,13930,916,910,-6,14,924,63,59,36,137,900,9,919,909,-10,0,0,,,,,,
2015,7,16,4,AS,69,N797AS,SEA,KTN,1845,1841,-4,18,1859,116,129,107,680,1946,4,1941,1950,9,0,0,,,,,,
2015,2,3,2,WN,1702,N478WN,SAN,LAS,1445,1442,-3,10,1452,70,65,47,258,1539,8,1555,1547,-8,0,0,,,,,,
2015,5,18,1,DL,228,N904DL,MCO,CVG,1310,1507,117,12,1519,128,121,104,757,1703,5,1518,1708,110,0,0,,0,0,0,110,0
2015,2,19,4,UA,1088,N21723,DEN,SMF,1519,1531,12,12,1543,158,151,134,909,1657,5,1657,1702,5,0,0,,,,,,
2015,7,11,6,OO,6466,N118SY,LAX,SLC,935,935,0,22,957,111,106,79,590,1216,5,1226,1221,-5,0,0,,,,,,
2015,4,23,4,F9,1246,N947FR,ORD,PHL,1245,1238,-7,14,1252,115,113,91,678,1523,8,1540,1531,-9,0,0,,,,,,
2015,3,2,1,UA,1646,N33284,IAD,SEA,1847,1847,0,16,1903,350,358,334,2306,2137,8,2137,2145,8,0,0,,,,,,
2015,7,20,1,UA,641,N211UA,LAX,HNL,800,809,9,17,826,339,337,314,2556,1040,6,1039,1046,7,0,0,,,,,,
2015,12,24,4,OO,6270,N701SK,SNA,SFO,1051,1124,33,10,1134,87,82,69,372,1243,3,1218,1246,28,0,0,,0,0,0,28,0
2015,5,14,4,UA,1425,N37470,IAD,LAX,1908,1904,-4,12,1916,340,363,306,2288,2122,45,2148,2207,19,0,0,,19,0,0,0,0
2015,1,16,5,US,2118,N816AW,DCA,BOS,1430,1438,8,13,1451,85,85,64,399,1555,8,1555,1603,8,0,0,,,,,,
2015,12,2,3,WN,1347,N929WN,SMF,PDX,1645,1643,-2,7,1650,90,89,75,479,1805,7,1815,1812,-3,0,0,,,,,,
2015,5,6,3,AA,1260,N202AA,DTW,DFW,1850,1935,45,9,1944,178,145,132,986,2056,4,2048,2100,12,0,0,,,,,,
2015,2,21,6,DL,2226,N831DN,FLL,ATL,1045,1042,-3,19,1101,116,110,86,581,1227,5,1241,1232,-9,0,0,,,,,,
2015,3,4,3,UA,1475,N13750,BOS,EWR,1834,1948,74,16,2004,96,81,53,200,2057,12,2010,2109,59,0,0,,3,0,0,56,0
2015,1,19,1,EV,5968,N17115,DEN,ELP,817,816,-1,14,830,111,104,86,563,956,4,1008,1000,-8,0,0,,,,,,
2015,11,12,4,WN,3265,N758SW,BHM,MDW,1850,1847,-3,8,1855,110,105,91,570,2026,6,2040,2032,-8,0,0,,,,,,
2015,9,28,1,AA,2013,N769US,PBI,CLT,635,632,-3,11,643,112,102,86,590,809,5,827,814,-13,0,0,,,,,,
2015,8,8,6,WN,1297,N735SA,DAL,MDW,1210,1209,-1,12,1221,130,138,106,793,1407,20,1420,1427,7,0,0,,,,,,
2015,6,11,4,UA,1199,N38467,SFO,SEA,1354,1358,4,24,1422,127,129,95,679,1557,10,1601,1607,6,0,0,,,,,,
2015,7,6,1,DL,1459,N360NB,CLT,DTW,1705,1725,20,15,1740,117,103,78,500,1858,10,1902,1908,6,0,0,,,,,,
2015,8,26,3,AA,2238,N568AA,CLE,DFW,1611,1607,-4,10,1617,169,149,128,1021,1725,11,1800,1736,-24,0,0,,,,,,
2015,9,7,1,MQ,3467,N690MQ,HOU,DFW,1419,1417,-2,7,1424,74,67,46,247,1510,14,1533,1524,-9,0,0,,,,,,
2015,5,19,2,DL,2535,N971DL,XNA,ATL,600,558,-2,10,608,107,97,80,589,828,7,847,835,-12,0,0,,,,,,
2015,4,21,2,UA,1703,N76503,LAS,IAH,1237,1231,-6,16,1247,181,175,150,1222,1717,9,1738,1726,-12,0,0,,,,,,
2015,10,14,3,AA,2153,N955UW,11278,12953,1700,1654,-6,21,1715,86,76,38,214,1753,17,1826,1810,-16,0,0,,,,,,
2015,8,21,5,EV,4906,N582CA,MYR,ATL,1705,1655,-10,8,1703,83,72,55,317,1758,9,1828,1807,-21,0,0,,,,,,
2015,1,12,1,MQ,3367,N615MQ,HOU,DFW,1704,1705,1,12,1717,71,82,50,247,1807,20,1815,1827,12,0,0,,,,,,
2015,3,1,7,F9,1256,N214FR,ORD,MIA,600,600,0,16,616,180,174,152,1197,948,6,1000,954,-6,0,0,,,,,,
2015,2,11,3,DL,1494,N914DN,PHL,ATL,1130,1128,-2,13,1141,141,119,101,666,1322,5,1351,1327,-24,0,0,,,,,,
2015,6,12,5,MQ,3492,N679MQ,DFW,PNS,1015,1009,-6,24,1033,111,126,95,604,1208,7,1206,1215,9,0,0,,,,,,
2015,10,23,5,UA,1446,N68807,12264,12892,1658,1700,2,15,1715,332,319,298,2288,1913,6,1930,1919,-11,0,0,,,,,,
2015,10,18,7,WN,391,N396SW,13198,14107,1815,1843,28,12,1855,170,163,145,1044,1920,6,1905,1926,21,0,0,,0,0,21,0,0
2015,7,31,5,AA,2309,N564AA,ORD,DFW,711,708,-3,19,727,154,139,107,802,914,13,945,927,-18,0,0,,,,,,
2015,12,29,2,DL,2243,N923DN,TPA,MSP,1414,1719,185,21,1740,210,187,161,1306,1921,5,1644,1926,162,0,0,,0,0,123,39,0
2015,3,1,7,DL,2447,N906DL,LGA,ATL,1659,,,,,179,,,762,,,1958,,,0,1,B,,,,,
2015,2,4,3,UA,1225,N23707,SAN,EWR,615,622,7,19,641,321,308,283,2425,1424,6,1436,1430,-6,0,0,,,,,,
2015,1,8,4,WN,805,N295WN,MDW,FLL,1900,,,,,180,,,1166,,,2300,,,0,1,A,,,,,
2015,7,16,4,EV,5485,N881AS,ATL,AEX,940,937,-3,12,949,100,88,73,500,1002,3,1020,1005,-15,0,0,,,,,,
2015,12,6,7,OO,4776,N813SK,MCI,MSP,1948,1940,-8,13,1953,86,80,65,393,2058,2,2114,2100,-14,0,0,,,,,,
2015,2,13,5,OO,5656,N978SW,FCA,DEN,1406,1414,8,8,1422,129,110,93,752,1555,9,1615,1604,-11,0,0,,,,,,
2015,10,31,6,MQ,3420,N539MQ,13930,11111,1418,1417,-1,11,1428,87,72,57,315,1525,4,1545,1529,-16,0,0,,,,,,
2015,8,13,4,OO,4756,N913EV,DTW,SBN,849,845,-4,26,911,62,57,28,157,939,3,951,942,-9,0,0,,,,,,
2015,3,22,7,OO,6459,N106SY,SFO,SLC,920,916,-4,19,935,109,105,79,599,1154,7,1209,1201,-8,0,0,,,,,,
2015,10,4,7,AA,2016,N925UY,10397,14100,640,634,-6,13,647,117,121,94,666,821,14,837,835,-2,0,0,,,,,,
2015,10,18,7,OO,6282,N778SK,11292,13964,1105,1200,55,13,1213,175,156,140,1040,1333,3,1300,1336,36,0,0,,0,0,23,13,0
2015,1,4,7,OO,6296,N758SK,MTJ,LAX,1701,1651,-10,13,1704,118,120,95,666,1739,12,1759,1751,-8,0,0,,,,,,
2015,12,7,1,AA,1352,N7ABAA,MIA,LAX,649,647,-2,13,700,340,318,300,2342,900,5,929,905,-24,0,0,,,,,,
2015,7,18,6,OO,4815,N440SW,SLC,FAT,1110,1105,-5,23,1128,106,108,81,501,1149,4,1156,1153,-3,0,0,,,,,,
2015,2,26,4,EV,4397,N13997,IAH,XNA,1535,1548,13,23,1611,90,92,63,438,1714,6,1705,1720,15,0,0,,2,0,0,13,0
2015,7,27,1,DL,1504,N927DN,MSP,IND,1954,1950,-4,21,2011,90,91,64,503,2215,6,2224,2221,-3,0,0,,,,,,
2015,3,3,2,OO,4596,N487CA,MSP,FWA,1920,1958,38,14,2012,88,86,67,488,2219,5,2148,2224,36,0,0,,0,0,22,14,0
2015,8,6,4,WN,28,N363SW,PVD,BWI,700,707,7,11,718,80,73,54,327,812,8,820,820,0,0,0,,,,,,
2015,5,9,6,WN,1863,N787SA,PIT,DEN,1020,1027,7,8,1035,210,220,203,1290,1158,9,1150,1207,17,0,0,,10,0,7,0,0
2015,6,27,6,WN,4243,N8632A,RNO,DEN,615,616,1,8,624,130,121,106,804,910,7,925,917,-8,0,0,,,,,,
2015,8,28,5,UA,1956,N69833,SFO,LAX,830,825,-5,23,848,95,89,56,337,944,10,1005,954,-11,0,0,,,,,,
2015,8,20,4,AA,382,N480AA,OKC,DFW,1440,1654,134,20,1714,63,66,33,175,1747,13,1543,1800,137,0,0,,3,0,0,134,0
2015,1,23,5,OO,2682,N885AS,PHX,GJT,950,945,-5,24,1009,94,92,64,438,1113,4,1124,1117,-7,0,0,,,,,,
2015,1,9,5,NK,300,N503NK,MYR,LGA,908,,,,,112,,,563,,,1100,,,0,1,B,,,,,
2015,9,29,2,AA,1231,N4YUAA,SJC,DFW,835,826,-9,16,842,211,203,178,1438,1340,9,1406,1349,-17,0,0,,,,,,
2015,4,4,6,WN,1400,N203WN,BNA,FLL,1030,1034,4,9,1043,135,115,103,793,1326,3,1345,1329,-16,0,0,,,,,,
2015,10,29,4,AA,1885,N824AW,14524,11057,1759,1804,5,19,1823,77,80,50,257,1913,11,1916,1924,8,0,0,,,,,,
2015,10,18,7,EV,5662,N11526,12266,12915,1557,1547,-10,13,1600,51,45,27,127,1627,5,1648,1632,-16,0,0,,,,,,
2015,8,8,6,EV,2650,N680AE,LFT,DFW,1031,1029,-2,10,1039,84,83,56,351,1135,17,1155,1152,-3,0,0,,,,,,
2015,9,3,4,DL,1182,N363NW,SLC,EWR,1000,954,-6,18,1012,269,266,241,1969,1613,7,1629,1620,-9,0,0,,,,,,
2015,4,8,3,EV,4327,N14125,EWR,DTW,640,631,-9,14,645,123,116,94,488,819,8,843,827,-16,0,0,,,,,,
2015,11,18,3,AA,2020,N978UY,PHX,CLT,15,11,-4,14,25,226,238,215,1773,600,9,601,609,8,0,0,,,,,,
2015,1,23,5,OO,5472,N976SW,SPI,ORD,1818,1817,-1,5,1822,64,57,41,174,1903,11,1922,1914,-8,0,0,,,,,,
2015,11,22,7,NK,107,N529NK,DFW,SAN,835,830,-5,17,847,190,188,165,1171,932,6,945,938,-7,0,0,,,,,,
2015,10,19,1,AA,509,N680AW,14107,12892,1845,1850,5,28,1918,91,103,60,370,2018,15,2016,2033,17,0,0,,12,5,0,0,0
2015,3,19,4,US,2171,N961UW,BOS,LGA,700,653,-7,18,711,82,72,49,184,800,5,822,805,-17,0,0,,,,,,
2015,12,23,3,AA,1899,N286AY,MCO,CLT,1900,1945,45,15,2000,100,100,76,468,2116,9,2040,2125,45,0,0,,0,0,45,0,0
2015,7,31,5,HA,312,N488HA,HNL,ITO,1830,1829,-1,13,1842,50,53,35,216,1917,5,1920,1922,2,0,0,,,,,,
2015,9,8,2,AA,714,N955UW,BOS,PHL,1530,1533,3,21,1554,104,84,59,280,1653,4,1714,1657,-17,0,0,,,,,,
2015,5,18,1,WN,1989,N8632A,MDW,CLE,1505,1507,2,13,1520,75,63,45,307,1705,5,1720,1710,-10,0,0,,,,,,
2015,2,15,7,EV,5594,N136EV,MLI,ATL,600,703,63,14,717,108,95,75,633,932,6,848,938,50,0,0,,0,0,50,0,0
2015,3,31,2,WN,954,N960WN,DEN,IAD,1240,1238,-2,12,1250,190,211,192,1452,1802,7,1750,1809,19,0,0,,19,0,0,0,0
2015,7,28,2,OO,6356,N593ML,SBA,SFO,1801,1753,-8,15,1808,65,76,43,262,1851,18,1906,1909,3,0,0,,,,,,
2015,2,16,1,WN,759,N8610A,SLC,DEN,1715,1749,34,9,1758,80,113,95,391,1933,9,1835,1942,67,0,0,,33,0,0,34,0
2015,5,14,4,OO,4754,N601XJ,DTW,SBN,1755,1748,-7,15,1803,59,52,34,157,1837,3,1854,1840,-14,0,0,,,,,,
2015,10,2,5,DL,2309,N957DN,15016,10397,934,928,-6,10,938,86,91,73,484,1151,8,1200,1159,-1,0,0,,,,,,
2015,6,1,1,AA,367,N3DHAA,ORD,LGA,1555,1642,47,36,1718,127,149,107,733,2005,6,1902,2011,69,0,0,,69,0,0,0,0
2015,8,14,5,AA,2300,N3FSAA,DFW,DCA,1655,1651,-4,13,1704,185,168,148,1192,2032,7,2100,2039,-21,0,0,,,,,,
2015,12,4,5,DL,1494,N910DN,ATL,PHL,851,846,-5,17,903,119,112,91,666,1034,4,1050,1038,-12,0,0,,,,,,
2015,12,5,6,DL,1643,N3731T,ATL,SLC,1404,1411,7,14,1425,255,231,213,1590,1558,4,1619,1602,-17,0,0,,,,,,
2015,4,21,2,OO,5598,N962SW,ORD,DAY,1525,1523,-2,16,1539,73,70,47,240,1726,7,1738,1733,-5,0,0,,,,,,
2015,5,20,3,US,862,N810AW,DCA,MCO,835,827,-8,17,844,154,133,107,759,1031,9,1109,1040,-29,0,0,,,,,,
2015,11,7,6,AS,838,N535AS,HNL,OAK,1505,1457,-8,14,1511,317,291,271,2409,2142,6,2222,2148,-34,0,0,,,,,,
2015,6,12,5,WN,346,N767SW,ABQ,HOU,1125,1126,1,12,1138,120,115,98,759,1416,5,1425,1421,-4,0,0,,,,,,
2015,1,18,7,WN,2875,N395SW,LAS,MCI,1955,2011,16,13,2024,160,153,135,1139,39,5,35,44,9,0,0,,,,,,
2015,10,16,5,WN,43,N419WN,10397,11259,1505,1506,1,28,1534,140,140,109,721,1623,3,1625,1626,1,0,0,,,,,,
2015,1,4,7,MQ,2946,N683MQ,LCH,DFW,720,712,-8,14,726,75,81,54,295,820,13,835,833,-2,0,0,,,,,,
2015,8,3,1,EV,4507,N14902,IAH,MEM,739,733,-6,11,744,102,90,72,468,856,7,921,903,-18,0,0,,,,,,
2015,7,17,5,WN,421,N750SA,DCA,DAL,1610,1616,6,16,1632,185,175,152,1184,1804,7,1815,1811,-4,0,0,,,,,,
2015,12,1,2,AA,1508,N3EEAA,DCA,MIA,835,835,0,43,918,182,184,131,919,1129,10,1137,1139,2,0,0,,,,,,
2015,9,27,7,DL,1815,N934DN,MSP,ATL,855,849,-6,26,915,146,153,120,907,1215,7,1221,1222,1,0,0,,,,,,
2015,6,4,4,EV,2667,N684JW,DFW,BRO,1524,1727,123,25,1752,101,96,69,482,1901,2,1705,1903,118,0,0,,0,0,0,118,0
2015,3,21,6,EV,3944,N25134,IAH,TUL,1900,1915,15,34,1949,90,100,62,429,2051,4,2030,2055,25,0,0,,10,0,15,0,0
2015,1,14,3,US,765,N814AW,CLT,STL,1810,1805,-5,26,1831,124,128,97,575,1908,5,1914,1913,-1,0,0,,,,,,
2015,4,10,5,B6,2301,N789JB,BUF,JFK,905,923,18,18,941,83,83,55,301,1036,10,1028,1046,18,0,0,,0,0,0,18,0
2015,8,15,6,AA,1221,N027AA,DFW,AUS,1659,1704,5,15,1719,61,56,34,190,1753,7,1800,1800,0,0,0,,,,,,
2015,10,22,4,WN,2851,N744SW,15016,12892,720,715,-5,10,725,250,227,209,1592,854,8,930,902,-28,0,0,,,,,,
2015,1,7,3,WN,695,N479WN,LAS,RNO,605,558,-7,13,611,80,72,55,345,706,4,725,710,-15,0,0,,,,,,
2015,6,12,5,WN,757,N369SW,DAL,SAT,750,749,-1,14,803,60,63,45,248,848,4,850,852,2,0,0,,,,,,
2015,7,16,4,B6,901,N586JB,JFK,FLL,829,830,1,43,913,190,178,129,1069,1122,6,1139,1128,-11,0,0,,,,,,
2015,3,12,4,MQ,3672,N942MQ,DBQ,ORD,1120,1109,-11,11,1120,59,53,28,147,1148,14,1219,1202,-17,0,0,,,,,,
2015,4,23,4,UA,365,N417UA,DEN,PIT,1743,1828,45,11,1839,184,152,137,1290,2256,4,2247,2300,13,0,0,,,,,,
2015,4,13,1,OO,5210,N130SY,ORD,DFW,1620,1619,-1,16,1635,158,153,130,802,1845,7,1858,1852,-6,0,0,,,,,,
2015,10,16,5,OO,6391,N149SY,11292,11057,1010,1007,-3,35,1042,202,204,163,1337,1525,6,1532,1531,-1,0,0,,,,,,
2015,10,4,7,DL,1723,N633DL,13487,14869,1440,1436,-4,13,1449,165,164,146,991,1615,5,1625,1620,-5,0,0,,,,,,
2015,3,11,3,UA,1247,N38446,CLE,ORD,1715,1715,0,68,1823,93,140,59,315,1822,13,1748,1835,47,0,0,,47,0,0,0,0
2015,11,22,7,AA,473,N664AW,ONT,PHX,1235,1239,4,10,1249,72,66,49,325,1438,7,1447,1445,-2,0,0,,,,,,
2015,12,24,4,DL,1282,N972DL,MIA,DTW,1125,,,,,186,,,1145,,,1431,,,0,1,A,,,,,
2015,2,4,3,B6,1553,N589JB,FLL,SJU,1644,1642,-2,9,1651,149,142,128,1046,1959,5,2013,2004,-9,0,0,,,,,,
2015,7,8,3,MQ,3151,N668MQ,CVG,ORD,1213,1212,-1,8,1220,82,73,60,265,1220,5,1235,1225,-10,0,0,,,,,,
2015,8,1,6,MQ,3533,N608MQ,DFW,CID,1540,1534,-6,15,1549,129,121,100,685,1729,6,1749,1735,-14,0,0,,,,,,
2015,5,8,5,B6,389,N635JB,BOS,DCA,907,904,-3,25,929,96,97,66,399,1035,6,1043,1041,-2,0,0,,,,,,
2015,7,25,6,B6,1586,N238JB,MCO,BUF,1735,1812,37,21,1833,155,162,139,1011,2052,2,2010,2054,44,0,0,,7,0,0,20,17
2015,3,19,4,US,463,N521UW,PHX,ONT,2245,45,120,14,59,71,71,49,325,148,8,2356,156,120,0,0,,0,0,120,0,0
2015,1,7,3,MQ,2966,N676MQ,ROW,DFW,654,645,-9,28,713,86,103,68,435,921,7,920,928,8,0,0,,,,,,
2015,10,27,2,WN,1354,N277WN,15016,11066,1915,1923,8,9,1932,75,71,58,409,2130,4,2130,2134,4,0,0,,,,,,
2015,2,19,4,WN,578,N647SW,SDF,MDW,1235,1302,27,12,1314,80,72,53,271,1307,7,1255,1314,19,0,0,,0,0,0,19,0
2015,10,24,6,WN,1121,N7721E,10397,15304,2005,2007,2,11,2018,85,75,59,406,2117,5,2130,2122,-8,0,0,,,,,,
2015,9,21,1,AA,315,N867AA,DFW,SAT,1225,1219,-6,20,1239,72,70,45,247,1324,5,1337,1329,-8,0,0,,,,,,
2015,10,1,4,WN,368,N8604K,14057,12889,1140,1140,0,7,1147,130,124,111,763,1338,6,1350,1344,-6,0,0,,,,,,
2015,6,12,5,WN,4461,N239WN,LAX,SMF,815,815,0,7,822,75,68,58,373,920,3,930,923,-7,0,0,,,,,,
2015,3,12,4,DL,1373,N936DN,ATL,TPA,1135,1201,26,9,1210,84,71,59,406,1309,3,1259,1312,13,0,0,,,,,,
2015,7,1,3,AA,1781,N119US,CLT,MSY,1855,1852,-3,20,1912,114,113,87,651,1939,6,1949,1945,-4,0,0,,,,,,
2015,1,6,2,EV,5790,N18557,IAH,MAF,1431,1429,-2,10,1439,92,79,62,429,1541,7,1603,1548,-15,0,0,,,,,,
2015,1,17,6,NK,417,N588NK,DTW,FLL,630,631,1,14,645,186,171,151,1127,916,6,936,922,-14,0,0,,,,,,
2015,9,6,7,WN,37,N7747C,LAX,SAT,735,730,-5,5,735,170,157,149,1211,1204,3,1225,1207,-18,0,0,,,,,,
2015,4,3,5,DL,2058,N388DA,JFK,SJU,1535,1536,1,36,1612,241,232,193,1598,1925,3,1936,1928,-8,0,0,,,,,,
2015,7,18,6,AS,448,N433AS,SEA,LAX,1740,1738,-2,20,1758,165,166,127,954,2005,19,2025,2024,-1,0,0,,,,,,
2015,9,9,3,WN,39,N524SW,HOU,HRL,1800,1754,-6,10,1804,60,55,42,277,1846,3,1900,1849,-11,0,0,,,,,,
2015,7,3,5,OO,4566,N910EV,FNT,MSP,1330,1325,-5,12,1337,99,96,76,491,1353,8,1409,1401,-8,0,0,,,,,,
2015,6,3,3,OO,6538,N874AS,DEN,IDA,1852,1953,61,22,2015,99,96,69,458,2124,5,2031,2129,58,0,0,,0,0,58,0,0
2015,1,12,1,US,1803,N939UW,PHX,PHL,1155,1150,-5,21,1211,258,258,229,2075,1800,8,1813,1808,-5,0,0,,,,,,
2015,1,3,6,WN,1641,N257WN,SJC,SAN,1545,1641,56,9,1650,75,70,58,417,1748,3,1700,1751,51,0,0,,0,0,0,51,0
2015,8,30,7,AA,1748,N539UW,MCO,PHL,1708,1721,13,18,1739,162,160,137,861,1956,5,1950,2001,11,0,0,,,,,,
2015,7,25,6,AS,65,N791AS,PSG,JNU,1203,1154,-9,11,1205,37,39,25,123,1230,3,1240,1233,-7,0,0,,,,,,
2015,1,17,6,US,409,N192UW,ORD,PHX,1405,1405,0,14,1419,229,215,196,1440,1635,5,1654,1640,-14,0,0,,,,,,
2015,9,12,6,DL,2268,N395DN,SLC,PHX,1508,1506,-2,12,1518,94,88,72,507,1530,4,1542,1534,-8,0,0,,,,,,
2015,7,2,4,MQ,3417,N907MQ,DSM,ORD,1928,1917,-11,9,1926,84,74,49,299,2015,16,2052,2031,-21,0,0,,,,,,
2015,12,28,1,EV,4715,N16571,CVG,ORD,1059,,,,,84,,,264,,,1123,,,0,1,B,,,,,
2015,6,16,2,AA,1656,N3DHAA,PHL,MIA,1125,1123,-2,15,1138,170,154,135,1013,1353,4,1415,1357,-18,0,0,,,,,,
2015,9,23,3,AA,983,N3AEAA,MIA,IAD,2020,2019,-1,17,2036,153,142,118,921,2234,7,2253,2241,-12,0,0,,,,,,
2015,4,9,4,B6,795,N552JB,JFK,AUS,836,830,-6,37,907,264,253,212,1521,1139,4,1200,1143,-17,0,0,,,,,,
2015,12,5,6,OO,5619,N973SW,DEN,HLN,1845,1838,-7,15,1853,113,120,100,594,2033,5,2038,2038,0,0,0,,,,,,
2015,11,22,7,MQ,3146,N689MQ,ORD,BMI,1659,,,,,55,,,116,,,1754,,,0,1,B,,,,,
2015,5,21,4,WN,1793,N785SW,MCO,MDW,1430,1445,15,11,1456,165,175,140,990,1616,24,1615,1640,25,0,0,,10,0,0,0,15
2015,6,30,2,F9,1265,N908FR,PHL,ORD,1755,1848,53,78,2006,140,201,109,678,2055,14,1915,2109,114,0,0,,61,0,0,53,0
2015,3,25,3,US,1869,N801AW,CLT,DTW,1300,1300,0,10,1310,110,107,88,500,1438,9,1450,1447,-3,0,0,,,,,,
2015,9,12,6,WN,4870,N8315C,SDF,LAS,1435,1428,-7,10,1438,245,217,204,1624,1502,3,1540,1505,-35,0,0,,,,,,
2015,11,7,6,B6,932,N763JB,HOU,BOS,1805,1836,31,19,1855,214,213,188,1609,2303,6,2239,2309,30,0,0,,0,0,30,0,0
2015,3,23,1,EV,4248,N17115,MAF,IAH,924,925,1,11,936,87,81,63,429,1039,7,1051,1046,-5,0,0,,,,,,
2015,5,27,3,B6,287,N775JB,BOS,LAX,806,805,-1,18,823,383,368,344,2611,1107,6,1129,1113,-16,0,0,,,,,,
2015,3,14,6,OO,3497,N223AG,COS,SEA,1210,1158,-12,17,1215,185,185,164,1068,1359,4,1415,1403,-12,0,0,,,,,,
2015,10,16,5,OO,3449,N223AG,11638,14057,1035,1026,-9,15,1041,114,103,83,626,1204,5,1229,1209,-20,0,0,,,,,,
2015,5,4,1,AS,26,N625AS,SEA,ORD,1805,1800,-5,14,1814,234,245,226,1721,2400,5,2359,5,6,0,0,,,,,,
2015,10,12,1,HA,160,N478HA,12982,13830,1253,1307,14,8,1315,47,49,35,201,1350,6,1340,1356,16,0,0,,0,0,2,14,0
2015,4,28,2,EV,5992,N11107,EWR,OMA,645,641,-4,14,655,199,175,156,1134,831,5,904,836,-28,0,0,,,,,,
2015,12,28,1,HA,178,N487HA,HNL,KOA,1501,1456,-5,16,1512,49,52,30,163,1542,6,1550,1548,-2,0,0,,,,,,
2015,7,22,3,WN,1529,N273WN,MDW,RDU,1030,1159,89,7,1206,105,95,84,632,1430,4,1315,1434,79,0,0,,0,0,52,27,0
2015,4,24,5,EV,4712,N17984,IAH,TYS,1250,1248,-2,9,1257,123,115,103,771,1540,3,1553,1543,-10,0,0,,,,,,
2015,3,17,2,WN,289,N953WN,LAS,ONT,1330,1332,2,11,1343,55,49,35,197,1418,3,1425,1421,-4,0,0,,,,,,
2015,5,24,7,HA,20,N592HA,HNL,SMF,1330,1325,-5,16,1341,320,309,287,2462,2128,6,2150,2134,-16,0,0,,,,,,
2015,6,13,6,AA,331,N3DLAA,LGA,ORD,1055,1054,-1,25,1119,164,150,111,733,1210,14,1239,1224,-15,0,0,,,,,,
2015,4,21,2,VX,22,N844VA,SFO,JFK,920,941,21,9,950,335,343,317,2586,1807,17,1755,1824,29,0,0,,0,0,0,21,8
2015,5,7,4,WN,467,N957WN,DEN,MDW,2005,2005,0,14,2019,140,128,111,895,2310,3,2325,2313,-12,0,0,,,,,,
2015,4,30,4,UA,278,N467UA,SEA,ORD,1025,1020,-5,14,1034,243,228,202,1721,1556,12,1628,1608,-20,0,0,,,,,,
2015,11,25,3,AS,136,N315AS,ANC,SEA,145,141,-4,17,158,199,187,164,1448,542,6,604,548,-16,0,0,,,,,,
2015,9,23,3,AA,1070,N3KCAA,SEA,MIA,2305,13,68,12,25,337,336,318,2724,843,6,742,849,67,0,0,,0,0,67,0,0
2015,8,8,6,OO,5516,N946SW,LNK,DEN,654,649,-5,4,653,91,78,67,423,700,7,725,707,-18,0,0,,,,,,
2015,4,3,5,WN,4846,N244WN,DCA,MDW,2035,2037,2,12,2049,135,119,105,601,2134,2,2150,2136,-14,0,0,,,,,,
2015,3,3,2,EV,4458,N17115,ORD,CLE,2105,2103,-2,12,2115,78,63,44,315,2259,7,2323,2306,-17,0,0,,,,,,
2015,7,26,7,UA,1918,N76503,SMF,ORD,1357,1353,-4,9,1402,238,226,203,1781,1925,14,1955,1939,-16,0,0,,,,,,
2015,5,18,1,AS,137,N537AS,PDX,ANC,1245,1253,8,9,1302,217,202,190,1542,1512,3,1522,1515,-7,0,0,,,,,,
2015,11,8,7,AA,617,N812AW,RSW,PHL,1345,1339,-6,12,1351,158,143,127,993,1558,4,1623,1602,-21,0,0,,,,,,
2015,4,17,5,WN,481,N8620H,DEN,PHX,1245,1328,43,14,1342,115,108,86,602,1408,8,1340,1416,36,0,0,,0,0,0,36,0
2015,3,10,2,OO,5319,N923SW,DLH,ORD,1819,1810,-9,9,1819,97,93,68,397,1927,16,1956,1943,-13,0,0,,,,,,
2015,6,24,3,OO,4786,N607SK,PHX,SEA,1104,1104,0,22,1126,175,177,148,1107,1354,7,1359,1401,2,0,0,,,,,,
2015,9,14,1,DL,1142,N690DL,ATL,ABQ,1640,1751,71,13,1804,200,183,164,1269,1848,6,1800,1854,54,0,0,,0,0,54,0,0
2015,6,10,3,UA,1187,N69819,IAD,BOS,1225,1224,-1,10,1234,91,83,66,413,1340,7,1356,1347,-9,0,0,,,,,,
2015,10,20,2,DL,905,N960DL,10529,11433,1113,1108,-5,15,1123,109,108,89,549,1252,4,1302,1256,-6,0,0,,,,,,
2015,7,5,7,WN,4104,N929WN,DAY,MCO,945,942,-3,9,951,135,131,113,808,1144,9,1200,1153,-7,0,0,,,,,,
2015,1,10,6,DL,2001,N314NB,DLH,MSP,700,657,-3,26,723,78,62,29,144,752,7,818,759,-19,0,0,,,,,,
2015,3,18,3,WN,2774,N286WN,FLL,BNA,1405,1403,-2,10,1413,145,127,113,793,1506,4,1530,1510,-20,0,0,,,,,,
2015,7,28,2,EV,5113,N398CA,LGA,GSO,1510,1947,277,47,2034,114,176,122,461,2236,7,1704,2243,339,0,0,,62,0,277,0,0
2015,9,20,7,OO,4547,N441SW,ATL,FWA,1751,1748,-3,15,1803,100,90,70,508,1913,5,1931,1918,-13,0,0,,,,,,
2015,9,12,6,B6,971,N665JB,LGA,FLL,1050,,,,,189,,,1076,,,1359,,,0,1,A,,,,,
2015,8,25,2,WN,3247,N8650F,HOU,PHX,1845,1901,16,6,1907,165,148,135,1020,1922,7,1930,1929,-1,0,0,,,,,,
2015,2,19,4,EV,4110,N16546,CLE,BOS,1131,1142,11,11,1153,108,110,89,563,1322,10,1319,1332,13,0,0,,,,,,
2015,7,16,4,EV,5391,N741EV,MDW,DTW,1835,1826,-9,11,1837,72,63,46,228,2023,6,2047,2029,-18,0,0,,,,,,
2015,8,3,1,WN,3223,N474WN,LGA,DAL,655,652,-3,16,708,230,200,179,1381,907,5,945,912,-33,0,0,,,,,,
2015,6,20,6,EV,2645,N904EV,SAF,DFW,1006,1000,-6,37,1037,109,126,80,551,1257,9,1255,1306,11,0,0,,,,,,
2015,8,13,4,VX,12,N840VA,SFO,JFK,700,654,-6,11,705,340,345,309,2586,1514,25,1540,1539,-1,0,0,,,,,,
2015,11,28,6,AA,320,N514AA,SAT,DFW,1238,1236,-2,13,1249,72,62,41,247,1330,8,1350,1338,-12,0,0,,,,,,
2015,9,22,2,OO,5413,N979SW,MKE,ORD,1540,1530,-10,9,1539,49,45,21,67,1600,15,1629,1615,-14,0,0,,,,,,
2015,12,31,4,WN,5417,N294WN,MCO,HOU,1150,1208,18,15,1223,155,144,126,849,1329,3,1325,1332,7,0,0,,,,,,
2015,10,17,6,UA,1442,N13248,14771,11697,840,840,0,18,858,347,328,300,2584,1658,10,1727,1708,-19,0,0,,,,,,
2015,7,16,4,AA,1808,N922US,CLT,TPA,1305,1300,-5,21,1321,97,115,89,507,1450,5,1442,1455,13,0,0,,,,,,
2015,8,2,7,AA,604,N189UW,DEN,PHX,1218,1218,0,21,1239,107,113,86,602,1305,6,1305,1311,6,0,0,,,,,,
2015,3,21,6,AS,575,N319AS,LAX,PDX,1100,1101,1,20,1121,142,141,117,834,1318,4,1322,1322,0,0,0,,,,,,
2015,4,12,7,EV,4176,N14991,CRP,IAH,1254,1249,-5,11,1300,57,59,41,201,1341,7,1351,1348,-3,0,0,,,,,,
2015,4,24,5,MQ,2915,N655MQ,CLE,JFK,1220,1211,-9,11,1222,99,82,66,425,1328,5,1359,1333,-26,0,0,,,,,,
2015,4,29,3,WN,894,N439WN,DAL,MDW,1200,1204,4,6,1210,130,123,113,793,1403,4,1410,1407,-3,0,0,,,,,,
2015,4,21,2,EV,4336,N14920,ORD,FSD,2239,2350,71,12,2,102,90,72,462,114,6,21,120,59,0,0,,0,0,59,0,0
2015,11,18,3,NK,801,N603NK,DTW,MCO,855,855,0,16,911,156,163,138,957,1129,9,1131,1138,7,0,0,,,,,,
2015,11,24,2,EV,4638,N11535,CVG,EWR,1148,1146,-2,7,1153,112,108,91,569,1324,10,1340,1334,-6,0,0,,,,,,
2015,6,8,1,US,1745,N840AW,IAH,CLT,1159,1150,-9,16,1206,151,143,116,912,1502,11,1530,1513,-17,0,0,,,,,,
2015,8,10,1,DL,1666,N949DN,ATL,RDU,1505,1506,1,17,1523,91,84,59,356,1622,8,1636,1630,-6,0,0,,,,,,
2015,4,18,6,AA,1184,N555AA,SJC,DFW,1200,1157,-3,14,1211,210,218,192,1438,1723,12,1730,1735,5,0,0,,,,,,
2015,3,8,7,EV,5146,N538CA,HPN,ATL,1529,1540,11,21,1601,142,149,118,780,1759,10,1751,1809,18,0,0,,7,0,11,0,0
2015,2,13,5,OO,6375,N713SK,DRO,DEN,1755,1750,-5,4,1754,73,72,53,251,1847,15,1908,1902,-6,0,0,,,,,,
2015,6,20,6,AA,1426,N437AA,DFW,PIT,1029,1047,18,12,1059,170,152,136,1067,1415,4,1419,1419,0,0,0,,,,,,
2015,11,1,7,AA,2002,N748UW,CLT,BOS,1415,1408,-7,16,1424,125,113,92,728,1556,5,1620,1601,-19,0,0,,,,,,
2015,11,11,3,DL,393,N917DE,ORD,ATL,1245,1248,3,17,1305,118,107,86,606,1531,4,1543,1535,-8,0,0,,,,,,
2015,10,21,3,DL,1804,N335NW,11697,11433,1342,1350,8,17,1407,179,175,155,1127,1642,3,1641,1645,4,0,0,,,,,,
2015,7,4,6,AA,281,N5EAAA,MIA,DFW,600,603,3,17,620,186,172,149,1121,749,6,806,755,-11,0,0,,,,,,
2015,10,21,3,AA,1949,N921US,14107,11884,2010,2012,2,26,2038,163,164,133,1020,2251,5,2253,2256,3,0,0,,,,,,
2015,2,6,5,US,2052,N745VJ,CLT,PWM,1755,1748,-7,19,1807,126,133,109,813,1956,5,2001,2001,0,0,0,,,,,,
2015,2,22,7,EV,3821,N11565,ORD,PHL,700,654,-6,9,703,130,115,94,678,937,12,1010,949,-21,0,0,,,,,,
2015,12,1,2,DL,2475,N945DL,ATL,MKE,1054,1050,-4,18,1108,125,111,88,669,1136,5,1159,1141,-18,0,0,,,,,,
2015,6,4,4,DL,1387,N684DA,ATL,SJU,1130,1128,-2,21,1149,218,208,181,1547,1450,6,1508,1456,-12,0,0,,,,,,
2015,4,23,4,WN,278,N7707C,STL,PHL,1945,1946,1,9,1955,125,116,99,814,2234,8,2250,2242,-8,0,0,,,,,,
2015,12,2,3,EV,4579,N12157,ECP,IAH,605,600,-5,11,611,120,111,94,572,745,6,805,751,-14,0,0,,,,,,
2015,8,13,4,B6,1262,N646JB,PBI,LGA,1841,1858,17,7,1905,169,145,132,1035,2117,6,2130,2123,-7,0,0,,,,,,
2015,6,9,2,US,1773,N950UW,PHL,IAH,1135,1157,22,13,1210,213,193,176,1325,1406,4,1408,1410,2,0,0,,,,,,
2015,8,20,4,OO,5314,N916SW,LAX,SBA,836,825,-11,39,904,49,72,27,89,931,6,925,937,12,0,0,,,,,,
2015,6,11,4,WN,330,N8657B,SAN,DEN,1625,1858,153,18,1916,140,151,123,853,2219,10,1945,2229,164,0,0,,11,0,0,1,152
2015,4,15,3,US,2162,N959UW,LGA,BOS,1100,1049,-11,22,1111,72,60,33,184,1144,5,1212,1149,-23,0,0,,,,,,
2015,2,20,5,EV,5783,N28529,IAH,LFT,740,736,-4,17,753,58,53,32,201,825,4,838,829,-9,0,0,,,,,,
2015,2,17,2,VX,783,N528VA,LAX,SEA,1305,1301,-4,12,1313,160,151,131,954,1524,8,1545,1532,-13,0,0,,,,,,
2015,8,18,2,AA,2326,N027AA,DFW,IAH,1730,1725,-5,11,1736,73,60,42,224,1818,7,1843,1825,-18,0,0,,,,,,
2015,3,3,2,B6,481,N249JB,DCA,RSW,1425,1420,-5,33,1453,153,166,129,892,1702,4,1658,1706,8,0,0,,,,,,
2015,3,1,7,EV,4422,N12201,JAX,EWR,1433,1515,42,27,1542,141,147,103,820,1725,17,1654,1742,48,0,0,,48,0,0,0,0
2015,11,12,4,DL,1655,N1607B,ATL,LAX,1230,1355,85,23,1418,300,291,251,1947,1529,17,1430,1546,76,0,0,,0,0,76,0,0
2015,12,25,5,UA,533,N78501,ATL,DEN,827,841,14,8,849,235,202,177,1199,946,17,1022,1003,-19,0,0,,,,,,
2015,9,18,5,EV,6011,N13903,ABE,ORD,1158,1201,3,10,1211,127,113,96,654,1247,7,1305,1254,-11,0,0,,,,,,
2015,2,26,4,UA,475,N445UA,ORD,SFO,703,704,1,48,752,290,310,256,1846,1008,6,953,1014,21,0,0,,21,0,0,0,0
2015,5,2,6,UA,730,N474UA,EWR,FLL,1100,1113,13,13,1126,190,162,146,1065,1352,3,1410,1355,-15,0,0,,,,,,
2015,4,14,2,B6,20,N652JB,SAN,BOS,2142,2133,-9,14,2147,318,311,293,2588,540,4,600,544,-16,0,0,,,,,,
2015,4,17,5,WN,775,N643SW,SEA,DEN,840,838,-2,9,847,155,,,1024,1519,6,1215,1525,,1,0,,,,,,
2015,10,25,7,DL,1291,N835DN,14747,10397,740,739,-1,18,757,286,266,239,2182,1456,9,1526,1505,-21,0,0,,,,,,
2015,5,17,7,AA,290,N3LKAA,MCO,JFK,1121,1116,-5,14,1130,158,156,134,944,1344,8,1359,1352,-7,0,0,,,,,,
2015,12,15,2,UA,1890,N26208,BOS,SFO,1036,1042,6,17,1059,415,386,365,2704,1404,4,1431,1408,-23,0,0,,,,,,
2015,5,4,1,DL,913,N826DN,SEA,ATL,2325,2326,1,14,2340,282,273,252,2182,652,7,707,659,-8,0,0,,,,,,
2015,11,7,6,NK,469,N613NK,DFW,LAS,959,950,-9,13,1003,171,156,138,1055,1021,5,1050,1026,-24,0,0,,,,,,
2015,9,19,6,DL,326,N3734B,SJU,JFK,700,655,-5,14,709,225,236,213,1598,1042,9,1045,1051,6,0,0,,,,,,
2015,4,8,3,DL,1597,N967AT,PHL,MSP,1755,1906,71,34,1940,194,185,148,980,2108,3,2009,2111,62,0,0,,0,0,0,62,0
2015,1,6,2,WN,486,N908WN,SJC,SNA,915,911,-4,9,920,75,74,61,342,1021,4,1030,1025,-5,0,0,,,,,,
2015,1,28,3,UA,1022,,EWR,IAH,1715,,,,,247,,,1400,,,2022,,,0,1,B,,,,,
2015,3,30,1,WN,121,N460WN,CHS,BNA,1855,1848,-7,6,1854,90,81,70,439,1904,5,1925,1909,-16,0,0,,,,,,
2015,3,18,3,EV,4896,N846AS,GSP,ATL,700,657,-3,13,710,56,55,33,153,743,9,756,752,-4,0,0,,,,,,
2015,8,4,2,WN,658,N426WN,TPA,AUS,840,838,-2,15,853,145,158,140,928,1013,3,1005,1016,11,0,0,,,,,,
2015,3,30,1,WN,4469,N276WN,CMH,MCO,1150,1144,-6,10,1154,130,122,104,802,1338,8,1400,1346,-14,0,0,,,,,,
2015,6,20,6,US,1937,N570UW,CLT,BOS,1130,1127,-3,31,1158,131,133,91,728,1329,11,1341,1340,-1,0,0,,,,,,
2015,5,2,6,OO,4817,N630SK,BOI,SEA,1534,1524,-10,10,1534,86,82,64,399,1538,8,1600,1546,-14,0,0,,,,,,
2015,12,5,6,F9,332,N232FR,DEN,MSP,2055,2047,-8,14,2101,118,111,92,680,2333,5,2353,2338,-15,0,0,,,,,,
2015,9,25,5,WN,1070,N783SW,SDF,MDW,1115,1116,1,12,1128,70,64,49,271,1117,3,1125,1120,-5,0,0,,,,,,
2015,9,17,4,DL,1382,N928DN,DEN,ATL,1150,1201,11,14,1215,177,159,139,1199,1634,6,1647,1640,-7,0,0,,,,,,
2015,11,17,2,EV,4457,N14923,LEX,IAH,1844,1836,-8,10,1846,156,184,150,828,2016,24,2020,2040,20,0,0,,20,0,0,0,0
2015,5,1,5,DL,853,N688DL,ATL,DTW,735,730,-5,32,802,114,126,85,594,927,9,929,936,7,0,0,,,,,,
2015,12,18,5,DL,901,N927DN,DTW,ATL,1449,1446,-3,12,1458,124,116,93,594,1631,11,1653,1642,-11,0,0,,,,,,
2015,10,22,4,AS,402,N793AS,14057,14831,1625,1618,-7,12,1630,101,99,83,569,1753,4,1806,1757,-9,0,0,,,,,,
2015,10,5,1,B6,618,N613JB,12478,10721,2140,2234,54,22,2256,70,65,35,187,2331,8,2250,2339,49,0,0,,0,0,36,13,0
2015,10,19,1,OO,5317,N982SW,13344,13930,1137,1127,-10,11,1138,57,59,35,118,1113,13,1134,1126,-8,0,0,,,,,,
2015,3,6,5,AS,805,N579AS,SEA,SMF,650,644,-6,14,658,104,101,82,605,820,5,834,825,-9,0,0,,,,,,
2015,9,11,5,AA,1804,N758US,PHL,BOS,1115,1124,9,17,1141,75,73,46,280,1227,10,1230,1237,7,0,0,,,,,,
2015,6,15,1,WN,729,N298WN,HOU,MDW,2220,2251,31,16,2307,140,136,114,937,101,6,40,107,27,0,0,,0,0,0,0,27
2015,10,2,5,AA,1909,N817AW,11057,14492,1120,1128,8,16,1144,50,49,29,130,1213,4,1210,1217,7,0,0,,,,,,
2015,9,7,1,AA,1269,N011AA,ATL,MIA,810,802,-8,11,813,119,125,94,594,947,20,1009,1007,-2,0,0,,,,,,
2015,2,3,2,WN,459,N410WN,TPA,ATL,1550,1550,0,12,1602,100,89,72,406,1714,5,1730,1719,-11,0,0,,,,,,
2015,5,7,4,UA,374,N435UA,ORD,IAH,1220,1221,1,15,1236,161,165,130,925,1446,20,1501,1506,5,0,0,,,,,,
2015,4,30,4,DL,1417,N916DE,ATL,CVG,1920,1931,11,22,1953,88,83,56,373,2049,5,2048,2054,6,0,0,,,,,,
2015,6,17,3,DL,1810,N927DA,DFW,ATL,1840,1958,78,13,2011,132,129,106,731,2257,10,2152,2307,75,0,0,,0,0,14,61,0
2015,5,15,5,WN,134,N433LV,FLL,MDW,620,615,-5,11,626,190,192,156,1167,802,25,830,827,-3,0,0,,,,,,
2015,6,4,4,UA,759,N835UA,DFW,SFO,953,1010,17,33,1043,231,232,191,1464,1154,8,1144,1202,18,0,0,,18,0,0,0,0
2015,5,6,3,AA,1651,N3KGAA,FLL,DFW,545,542,-3,16,558,200,186,163,1119,741,7,805,748,-17,0,0,,,,,,
2015,1,19,1,DL,2357,N909DE,DTW,MKE,1215,1214,-1,17,1231,77,71,50,237,1221,4,1232,1225,-7,0,0,,,,,,
2015,12,22,2,AA,549,N953UW,PHL,RDU,1550,1754,124,12,1806,87,77,59,337,1905,6,1717,1911,114,0,0,,0,0,17,97,0
2015,5,14,4,UA,73,N76062,SFO,HNL,1610,1620,10,15,1635,325,297,277,2398,1812,5,1835,1817,-18,0,0,,,,,,
2015,9,8,2,AA,463,N165US,ORD,CLT,1550,1616,26,17,1633,118,116,88,599,1901,11,1848,1912,24,0,0,,0,0,0,24,0
2015,5,30,6,UA,1072,N16701,EWR,ORD,629,625,-4,11,636,154,129,108,719,724,10,803,734,-29,0,0,,,,,,
2015,7,31,5,WN,1367,N966WN,MCO,IND,2200,2231,31,5,2236,135,133,122,829,38,6,15,44,29,0,0,,0,0,0,29,0
2015,1,2,5,EV,5595,N926EV,ATL,EWN,1855,1859,4,16,1915,81,80,61,433,2016,3,2016,2019,3,0,0,,,,,,
2015,5,12,2,MQ,3643,N603MQ,ORD,IND,1500,,,,,66,,,177,,,1706,,,0,1,A,,,,,
2015,8,2,7,EV,5986,N36915,ICT,ORD,747,747,0,11,758,119,112,83,588,921,18,946,939,-7,0,0,,,,,,
2015,12,31,4,WN,3997,N387SW,PHX,SJC,700,705,5,11,716,120,116,101,621,757,4,800,801,1,0,0,,,,,,
2015,1,3,6,WN,1227,N903WN,ABQ,HOU,1610,1654,44,7,1701,115,110,97,759,1938,6,1905,1944,39,0,0,,0,0,11,28,0
2015,9,2,3,UA,395,N852UA,BWI,ORD,1257,1255,-2,16,1311,127,113,91,622,1342,6,1404,1348,-16,0,0,,,,,,
2015,5,13,3,AA,351,N4WLAA,DFW,IAH,1406,1804,238,20,1824,74,74,42,224,1906,12,1520,1918,238,0,0,,0,0,7,231,0
2015,1,30,5,F9,917,N927FR,TTN,MCO,710,700,-10,21,721,167,157,131,896,932,5,957,937,-20,0,0,,,,,,
2015,5,8,5,NK,971,N616NK,DFW,PHX,2315,2327,12,12,2339,147,147,129,868,2348,6,2342,2354,12,0,0,,,,,,
2015,12,21,1,OO,4559,N631SK,SEA,SMF,755,759,4,33,832,110,120,83,605,955,4,945,959,14,0,0,,,,,,
2015,12,12,6,MQ,3569,N516MQ,ORD,MSP,715,713,-2,19,732,94,76,54,334,826,3,849,829,-20,0,0,,,,,,
2015,5,11,1,WN,3947,N647SW,PHX,SFO,1930,2004,34,22,2026,120,135,108,651,2214,5,2130,2219,49,0,0,,15,0,8,26,0
2015,8,10,1,DL,1977,N908DA,ORD,ATL,1810,2241,271,14,2255,130,100,79,606,114,7,2120,121,241,0,0,,0,0,0,236,5
2015,10,15,4,EV,4915,N872AS,10781,10397,1715,1709,-6,14,1723,94,89,67,448,1930,8,1949,1938,-11,0,0,,,,,,
2015,9,11,5,DL,1066,N920DL,BNA,ATL,1045,1042,-3,13,1055,75,62,45,214,1240,4,1300,1244,-16,0,0,,,,,,
2015,4,16,4,WN,464,N317WN,BWI,ORF,1705,1721,16,7,1728,50,47,35,159,1803,5,1755,1808,13,0,0,,,,,,
2015,5,17,7,US,640,N754UW,FLL,CLT,1013,1008,-5,14,1022,117,121,97,632,1159,10,1210,1209,-1,0,0,,,,,,
2015,11,27,5,WN,4327,N914WN,HOU,RDU,2010,2011,1,7,2018,145,137,126,1050,2324,4,2335,2328,-7,0,0,,,,,,
2015,5,3,7,WN,1985,N410WN,DAL,STL,1340,1342,2,11,1353,95,92,77,546,1510,4,1515,1514,-1,0,0,,,,,,
2015,3,13,5,EV,4540,N14998,PNS,IAH,1847,1850,3,10,1900,103,102,82,489,2022,10,2030,2032,2,0,0,,,,,,
2015,5,21,4,MQ,3289,N923MQ,SUX,ORD,1554,1544,-10,10,1554,101,82,62,436,1656,10,1735,1706,-29,0,0,,,,,,
2015,11,9,1,DL,2015,N332NW,ATL,IAD,1915,1934,19,27,2001,109,101,68,534,2109,6,2104,2115,11,0,0,,,,,,
2015,6,7,7,MQ,3108,N689MQ,DFW,LFT,1606,1611,5,13,1624,78,73,56,351,1720,4,1724,1724,0,0,0,,,,,,
2015,2,9,1,WN,4200,N215WN,SJC,SAN,1335,1337,2,8,1345,75,78,66,417,1451,4,1450,1455,5,0,0,,,,,,
2015,12,15,2,WN,2482,N363SW,SJC,LAX,905,906,1,16,922,70,73,51,308,1013,6,1015,1019,4,0,0,,,,,,
2015,8,26,3,OO,5416,N937SW,ONT,SFO,2107,2053,-14,12,2105,82,75,59,363,2204,4,2229,2208,-21,0,0,,,,,,
2015,7,24,5,EV,4562,N15527,JAN,IAH,917,921,4,8,929,74,73,55,351,1024,10,1031,1034,3,0,0,,,,,,
2015,5,12,2,UA,260,N411UA,SEA,IAD,1300,1455,115,16,1511,304,277,254,2306,2225,7,2104,2232,88,0,0,,0,0,88,0,0
2015,7,30,4,OO,6377,N918SW,CPR,DEN,1239,1238,-1,11,1249,65,65,44,230,1333,10,1344,1343,-1,0,0,,,,,,
2015,11,18,3,EV,5059,N927EV,GNV,ATL,1441,1436,-5,23,1459,75,94,61,300,1600,10,1556,1610,14,0,0,,,,,,
2015,12,21,1,OO,6525,N978SW,ORD,SGF,1930,1929,-1,27,1956,100,111,80,438,2116,4,2110,2120,10,0,0,,,,,,
2015,6,14,7,DL,2606,N3749D,SAN,JFK,2155,2151,-4,18,2209,328,323,298,2446,607,7,623,614,-9,0,0,,,,,,
2015,5,30,6,WN,2601,N425LV,MKE,LGA,700,657,-3,12,709,135,133,115,738,1004,6,1015,1010,-5,0,0,,,,,,
2015,4,28,2,WN,775,N7746C,OAK,SEA,600,558,-2,18,616,125,112,86,672,742,8,805,750,-15,0,0,,,,,,
2015,11,24,2,UA,763,N467UA,DEN,SAN,1119,1123,4,14,1137,145,139,121,853,1238,4,1244,1242,-2,0,0,,,,,,
2015,2,19,4,WN,2698,N910WN,PHL,FLL,1310,1312,2,9,1321,175,154,140,992,1541,5,1605,1546,-19,0,0,,,,,,
2015,11,5,4,UA,533,N818UA,ATL,DEN,845,841,-4,24,905,215,204,174,1199,959,6,1020,1005,-15,0,0,,,,,,
2015,4,29,3,US,2164,N950UW,LGA,DCA,1700,1654,-6,34,1728,83,82,44,214,1812,4,1823,1816,-7,0,0,,,,,,
2015,6,10,3,EV,5782,N14907,IAH,BRO,1145,1135,-10,14,1149,76,68,47,308,1236,7,1301,1243,-18,0,0,,,,,,
2015,2,17,2,OO,3493,N216AG,SBA,PDX,1720,1723,3,10,1733,135,118,106,784,1919,2,1935,1921,-14,0,0,,,,,,
2015,12,25,5,B6,475,N529JB,PVD,MCO,630,703,33,8,711,190,169,156,1072,947,5,940,952,12,0,0,,,,,,
2015,11,2,1,B6,1041,N789JB,JFK,SAV,1540,1535,-5,32,1607,145,150,113,718,1800,5,1805,1805,0,0,0,,,,,,
2015,12,4,5,WN,899,N8638A,LAS,DAL,1220,1218,-2,14,1232,160,147,127,1067,1639,6,1700,1645,-15,0,0,,,,,,
2015,3,1,7,VX,595,N526VA,PSP,SFO,915,917,2,7,924,85,78,66,421,1030,5,1040,1035,-5,0,0,,,,,,
2015,4,23,4,UA,712,N675UA,EWR,IAH,1625,1625,0,25,1650,229,230,195,1400,1905,10,1914,1915,1,0,0,,,,,,
2015,9,10,4,WN,213,N203WN,MDW,MSY,1500,1515,15,20,1535,130,132,109,825,1724,3,1710,1727,17,0,0,,2,0,15,0,0
2015,12,1,2,WN,1500,N217JC,ISP,BWI,935,931,-4,8,939,75,66,54,220,1033,4,1050,1037,-13,0,0,,,,,,
2015,3,31,2,VX,770,N525VA,DAL,LGA,1650,1648,-2,10,1658,180,186,169,1381,2047,7,2050,2054,4,0,0,,,,,,
2015,8,4,2,EV,2681,N909EV,SHV,DFW,1643,1632,-11,7,1639,61,63,42,190,1721,14,1744,1735,-9,0,0,,,,,,
2015,8,21,5,WN,289,N643SW,MSY,ATL,1845,1915,30,10,1925,95,79,60,425,2125,9,2120,2134,14,0,0,,,,,,
2015,9,1,2,AA,1724,N945UW,PHL,BOS,715,709,-6,12,721,76,72,52,280,813,8,831,821,-10,0,0,,,,,,
2015,9,18,5,WN,1353,N7715E,DEN,MCO,640,633,-7,17,650,215,206,184,1546,1154,5,1215,1159,-16,0,0,,,,,,
2015,6,28,7,F9,908,N902FR,RDU,TTN,1540,1537,-3,15,1552,80,81,59,373,1651,7,1700,1658,-2,0,0,,,,,,
2015,11,25,3,DL,116,N309DE,BHM,ATL,1445,1438,-7,14,1452,60,48,30,134,1622,4,1645,1626,-19,0,0,,,,,,
2015,9,27,7,B6,684,N579JB,MCO,JFK,1034,1343,189,11,1354,149,140,123,944,1557,6,1303,1603,180,0,0,,0,0,180,0,0
2015,7,6,1,MQ,3545,N637MQ,LFT,DFW,1616,1607,-9,16,1623,94,100,66,351,1729,18,1750,1747,-3,0,0,,,,,,
2015,12,10,4,MQ,3332,N534MQ,BNA,ORD,755,750,-5,19,809,125,89,65,409,914,5,1000,919,-41,0,0,,,,,,
2015,1,19,1,B6,2007,N599JB,PIT,FLL,710,700,-10,27,727,169,173,134,994,941,12,959,953,-6,0,0,,,,,,
2015,2,28,6,UA,528,N850UA,ORD,SRQ,745,741,-4,13,754,165,151,135,1050,1109,3,1130,1112,-18,0,0,,,,,,
2015,3,22,7,WN,3060,N8301J,LAS,MKE,735,730,-5,18,748,205,202,179,1524,1247,5,1300,1252,-8,0,0,,,,,,
2015,7,7,2,OO,6231,N709SK,OKC,ORD,1741,1740,-1,21,1801,130,130,97,693,1938,12,1951,1950,-1,0,0,,,,,,
2015,9,27,7,EV,5222,N852AS,ATL,OAJ,905,859,-6,18,917,84,88,66,399,1023,4,1029,1027,-2,0,0,,,,,,
2015,11,30,1,WN,4502,N386SW,PHX,HOU,1950,1951,1,9,2000,140,128,115,1020,2255,4,2310,2259,-11,0,0,,,,,,
2015,2,2,1,B6,392,N509JB,TPA,BOS,1600,1738,98,20,1758,174,214,148,1185,2026,46,1854,2112,138,0,0,,40,0,98,0,0
2015,3,3,2,EV,5984,N19966,ORD,SGF,2005,2001,-4,15,2016,98,105,85,438,2141,5,2143,2146,3,0,0,,,,,,
2015,5,25,1,WN,3758,N968WN,DCA,MDW,800,758,-2,9,807,120,103,89,601,836,5,900,841,-19,0,0,,,,,,
2015,3,13,5,OO,6199,N946SW,CID,DEN,1700,1650,-10,9,1659,135,128,107,692,1746,12,1815,1758,-17,0,0,,,,,,
2015,9,7,1,B6,497,N556JB,BOS,SEA,2056,2058,2,16,2114,357,359,335,2496,2349,8,2353,2357,4,0,0,,,,,,
2015,8,18,2,MQ,3250,N822MQ,RIC,LGA,600,555,-5,12,607,76,74,52,292,659,10,716,709,-7,0,0,,,,,,
2015,5,7,4,WN,778,N7749B,BNA,TPA,1900,1855,-5,7,1902,100,94,82,612,2124,5,2140,2129,-11,0,0,,,,,,
2015,11,20,5,DL,1639,N395DN,MCI,SLC,545,540,-5,14,554,165,173,153,920,727,6,730,733,3,0,0,,,,,,
2015,6,14,7,MQ,3095,N925MQ,MEM,ORD,1916,1904,-12,11,1915,121,106,80,491,2035,15,2117,2050,-27,0,0,,,,,,
2015,8,8,6,DL,1923,N317NB,MSP,TVC,1334,1332,-2,10,1342,74,70,56,376,1538,4,1548,1542,-6,0,0,,,,,,
2015,7,24,5,OO,2871,N417SW,LAX,SAN,1400,1404,4,13,1417,54,44,26,109,1443,5,1454,1448,-6,0,0,,,,,,
2015,6,23,2,UA,1547,N37462,SFO,ORD,22,54,32,15,109,256,224,203,1846,632,6,638,638,0,0,0,,,,,,
2015,10,30,5,EV,4434,N14203,11995,11618,1912,1906,-6,27,1933,100,102,63,445,2036,12,2052,2048,-4,0,0,,,,,,
2015,10,5,1,WN,979,N940WN,10529,11697,1320,1330,10,8,1338,190,160,146,1173,1604,6,1630,1610,-20,0,0,,,,,,
2015,9,8,2,AA,2324,N4XMAA,RIC,DFW,1840,1840,0,14,1854,190,183,155,1158,2029,14,2050,2043,-7,0,0,,,,,,
2015,9,17,4,AA,649,N547UW,PHX,DFW,900,905,5,33,938,158,143,103,868,1321,7,1338,1328,-10,0,0,,,,,,
2015,2,8,7,DL,82,N327NB,MEM,ATL,1200,1154,-6,28,1222,85,86,53,332,1415,5,1425,1420,-5,0,0,,,,,,
2015,2,5,4,OO,5252,N709SK,IAH,COS,1745,1802,17,26,1828,143,148,117,809,1925,5,1908,1930,22,0,0,,5,0,0,17,0
2015,1,9,5,EV,5733,N835AS,ATL,IAD,1921,1929,8,28,1957,109,107,75,534,2112,4,2110,2116,6,0,0,,,,,,
2015,6,7,7,AA,1251,N013AA,SDF,DFW,1520,1543,23,10,1553,137,116,99,733,1632,7,1637,1639,2,0,0,,,,,,
2015,11,11,3,OO,6287,N110SY,SFO,DFW,1920,1916,-4,13,1929,211,196,173,1464,22,10,51,32,-19,0,0,,,,,,
2015,12,18,5,WN,2882,N7717D,MSY,MDW,705,701,-4,6,707,135,130,109,825,856,15,920,911,-9,0,0,,,,,,
2015,11,18,3,WN,2771,N8620H,MAF,DAL,2015,2026,11,7,2033,65,62,46,319,2119,9,2120,2128,8,0,0,,,,,,
2015,12,4,5,AA,1719,N170US,CLT,FLL,1615,1723,68,13,1736,117,118,99,632,1915,6,1812,1921,69,0,0,,1,0,0,68,0
2015,2,26,4,WN,2855,N8645A,CLE,MDW,630,628,-2,25,653,100,87,56,307,649,6,710,655,-15,0,0,,,,,,
2015,2,16,1,WN,1136,N8633A,HOU,LAX,920,925,5,17,942,230,218,192,1390,1054,9,1110,1103,-7,0,0,,,,,,
2015,10,3,6,NK,906,N636NK,12266,11433,710,849,99,10,859,160,159,136,1075,1215,13,1050,1228,98,0,0,,0,0,98,0,0
2015,5,7,4,B6,23,N947JB,JFK,LAX,630,633,3,22,655,369,352,323,2475,918,7,939,925,-14,0,0,,,,,,
2015,10,25,7,AA,2156,,12953,10721,1800,,,,,80,,,184,,,1920,,,0,1,A,,,,,
2015,11,25,3,DL,994,N977DL,ATL,TLH,2011,2007,-4,9,2016,68,49,36,223,2052,4,2119,2056,-23,0,0,,,,,,
2015,12,17,4,UA,1499,N24706,MSP,DEN,1641,1653,12,12,1705,143,116,96,680,1741,8,1804,1749,-15,0,0,,,,,,
2015,3,28,6,WN,1959,N234WN,MCO,PVD,2030,2027,-3,19,2046,160,150,126,1072,2252,5,2310,2257,-13,0,0,,,,,,
2015,12,17,4,B6,28,N583JB,MCO,EWR,1945,2021,36,15,2036,154,144,123,937,2239,6,2219,2245,26,0,0,,22,0,0,4,0
2015,3,4,3,MQ,3639,N638MQ,JFK,CMH,1530,1526,-4,24,1550,120,117,88,483,1718,5,1730,1723,-7,0,0,,,,,,
2015,9,7,1,F9,682,N910FR,DEN,MCO,2355,2351,-4,15,6,207,210,189,1546,515,6,522,521,-1,0,0,,,,,,
2015,11,9,1,EV,5128,N921EV,MGM,ATL,545,551,6,14,605,46,52,29,147,734,9,731,743,12,0,0,,,,,,
2015,10,8,4,DL,1104,N144DA,12173,14869,2100,2138,38,22,2200,375,360,331,2994,731,7,715,738,23,0,0,,0,0,23,0,0
2015,12,6,7,WN,2214,N564WN,OKC,BWI,1135,1133,-2,6,1139,165,152,142,1180,1501,4,1520,1505,-15,0,0,,,,,,
2015,9,12,6,MQ,3430,N665MQ,DFW,XNA,1150,1145,-5,10,1155,74,59,44,280,1239,5,1304,1244,-20,0,0,,,,,,
2015,10,7,3,AA,1329,N3DMAA,14843,13930,1511,1500,-11,14,1514,303,337,304,2072,1918,19,1914,1937,23,0,0,,23,0,0,0,0
2015,4,4,6,WN,110,N7709A,HOU,MCO,1645,1641,-4,13,1654,130,122,104,849,1938,5,1955,1943,-12,0,0,,,,,,
2015,10,31,6,VX,22,N635VA,14771,12478,920,915,-5,19,934,335,315,289,2586,1723,7,1755,1730,-25,0,0,,,,,,
2015,12,27,7,WN,168,N647SW,DAL,ATL,1950,2133,103,15,2148,110,140,119,721,47,6,2240,53,133,0,0,,30,0,0,67,36
2015,8,20,4,OO,6270,N785SK,ORD,ATL,915,911,-4,20,931,117,111,87,606,1158,4,1212,1202,-10,0,0,,,,,,
2015,10,13,2,EV,4257,N14174,13930,13198,759,751,-8,8,759,93,98,81,403,920,9,932,929,-3,0,0,,,,,,
2015,4,26,7,UA,1912,N66837,IAH,SFO,900,901,1,27,928,260,250,216,1635,1104,7,1120,1111,-9,0,0,,,,,,
2015,1,1,4,WN,329,N770SA,BDL,TPA,1105,1104,-1,11,1115,190,180,164,1111,1359,5,1415,1404,-11,0,0,,,,,,
2015,8,20,4,OO,4667,N443SW,MSP,FAR,926,922,-4,18,940,63,65,42,223,1022,5,1029,1027,-2,0,0,,,,,,
2015,2,11,3,F9,137,N933FR,DEN,SEA,740,735,-5,10,745,173,168,154,1024,919,4,933,923,-10,0,0,,,,,,
2015,9,18,5,OO,3484,N215AG,BOI,SAN,900,856,-4,14,910,130,132,114,749,1004,4,1010,1008,-2,0,0,,,,,,
2015,10,28,3,UA,396,N215UA,12173,14771,2115,2116,1,18,2134,301,296,274,2398,508,4,516,512,-4,0,0,,,,,,
2015,11,12,4,AS,612,N474AS,SEA,LAS,705,759,54,35,834,144,159,115,867,1029,9,929,1038,69,0,0,,15,0,54,0,0
2015,7,16,4,DL,2572,N993AT,JFK,DCA,2100,2059,-1,48,2147,91,99,46,213,2233,5,2231,2238,7,0,0,,,,,,
2015,6,10,3,US,560,N176UW,PHX,SEA,735,728,-7,22,750,176,177,149,1107,1019,6,1031,1025,-6,0,0,,,,,,
2015,10,28,3,MQ,3621,N647MQ,12945,13930,549,546,-3,23,609,89,89,51,323,600,15,618,615,-3,0,0,,,,,,
2015,11,10,2,MQ,3535,N506MQ,ORD,PIT,1159,1158,-1,10,1208,86,74,60,413,1408,4,1425,1412,-13,0,0,,,,,,
2015,10,22,4,MQ,3111,N845MQ,11298,11982,1700,1700,0,26,1726,51,56,28,134,1754,2,1751,1756,5,0,0,,,,,,
2015,8,20,4,AS,584,N611AS,PDX,SNA,1530,1620,50,11,1631,144,138,122,859,1833,5,1754,1838,44,0,0,,0,0,0,44,0
2015,6,11,4,US,546,N561UW,DFW,PHX,2025,2024,-1,22,2046,156,152,125,868,2051,5,2101,2056,-5,0,0,,,,,,
2015,11,3,2,WN,2167,N482WN,BNA,DCA,1305,1259,-6,8,1307,95,90,77,562,1524,5,1540,1529,-11,0,0,,,,,,
2015,4,9,4,EV,4393,N12163,EWR,IND,718,711,-7,15,726,130,125,101,645,907,9,928,916,-12,0,0,,,,,,
2015,4,18,6,WN,2222,N297WN,DCA,BNA,1655,1647,-8,8,1655,115,102,88,562,1723,6,1750,1729,-21,0,0,,,,,,
2015,7,17,5,EV,2633,N880AS,DFW,LRD,849,854,5,22,916,79,86,63,396,1019,1,1008,1020,12,0,0,,,,,,
2015,6,7,7,OO,6532,N929EV,DEN,BUR,1205,1205,0,13,1218,152,155,138,850,1336,4,1337,1340,3,0,0,,,,,,
2015,12,12,6,DL,1482,N554NW,RDU,ATL,720,717,-3,37,754,95,137,95,356,929,5,855,934,39,0,0,,39,0,0,0,0
2015,1,4,7,AA,1151,N4YBAA,DFW,DEN,1300,1407,67,13,1420,125,145,100,641,1500,32,1405,1532,87,0,0,,20,0,8,59,0
2015,6,17,3,WN,523,N7821L,LAS,MSY,750,814,24,12,826,205,200,183,1500,1329,5,1315,1334,19,0,0,,0,0,6,13,0
2015,12,29,2,HA,21,N384HA,SEA,HNL,835,835,0,16,851,380,355,334,2677,1225,5,1255,1230,-25,0,0,,,,,,
2015,11,30,1,OO,4625,N810SK,MSP,GTF,1737,1739,2,57,1836,168,169,106,887,1922,6,1925,1928,3,0,0,,,,,,
2015,7,10,5,EV,3822,N12900,SAV,ORD,1649,1653,4,10,1703,148,131,113,773,1756,8,1817,1804,-13,0,0,,,,,,
2015,1,11,7,B6,361,N793JB,BOS,SJU,2355,2345,-10,10,2355,236,229,209,1674,424,10,451,434,-17,0,0,,,,,,
2015,8,29,6,AA,1054,N565AA,IAH,DFW,1049,1044,-5,15,1059,78,63,39,224,1138,9,1207,1147,-20,0,0,,,,,,
2015,6,2,2,DL,2266,N357NW,CLT,MSP,615,610,-5,17,627,169,152,132,930,739,3,804,742,-22,0,0,,,,,,
2015,10,13,2,WN,734,N934WN,14893,10800,630,628,-2,10,638,70,69,56,358,734,3,740,737,-3,0,0,,,,,,
2015,10,27,2,DL,709,N972DL,10397,13303,1240,1239,-1,9,1248,115,106,85,594,1413,12,1435,1425,-10,0,0,,,,,,
2015,11,5,4,AA,1929,N837AW,BUF,CLT,1145,1142,-3,10,1152,121,101,86,546,1318,5,1346,1323,-23,0,0,,,,,,
2015,8,19,3,WN,803,N558WN,BWI,PVD,625,621,-4,11,632,75,67,51,327,723,5,740,728,-12,0,0,,,,,,
2015,5,24,7,WN,3603,N8311Q,LAS,BUF,1625,1621,-4,12,1633,255,255,235,1986,2328,8,2340,2336,-4,0,0,,,,,,
2015,11,4,3,AA,1200,N3KPAA,DFW,DCA,705,703,-2,21,724,181,169,144,1192,1048,4,1106,1052,-14,0,0,,,,,,
2015,4,12,7,AA,2262,N5FKAA,MIA,JFK,1840,1901,21,33,1934,182,200,159,1089,2213,8,2142,2221,39,0,0,,32,0,0,7,0
2015,10,4,7,AA,1748,N940UW,14100,13204,1400,1356,-4,14,1410,152,134,113,861,1603,7,1632,1610,-22,0,0,,,,,,
2015,10,31,6,AA,5,N388AA,11298,12173,1045,1101,16,27,1128,503,498,468,3784,1416,3,1408,1419,11,0,0,,,,,,
2015,7,11,6,B6,2701,N294JB,BUF,JFK,1930,1928,-2,9,1937,98,84,66,301,2043,9,2108,2052,-16,0,0,,,,,,
2015,5,20,3,WN,615,N8647A,BUF,LAS,1640,1656,16,9,1705,290,304,289,1986,1854,6,1830,1900,30,0,0,,14,0,0,16,0
2015,6,3,3,OO,3474,N217AG,SEA,FAT,1340,1343,3,28,1411,118,135,103,748,1554,4,1538,1558,20,0,0,,17,0,0,3,0
2015,8,4,2,NK,821,N512NK,BWI,ATL,900,1029,89,13,1042,105,101,81,577,1203,7,1045,1210,85,0,0,,85,0,0,0,0
2015,4,1,3,OO,4794,N679CA,LAX,PHX,1130,1207,37,16,1223,95,75,56,370,1319,3,1305,1322,17,0,0,,0,0,17,0,0
2015,5,26,2,AA,1275,N3CXAA,DFW,SEA,1530,1526,-4,24,1550,265,259,225,1660,1735,10,1755,1745,-10,0,0,,,,,,
2015,2,25,3,DL,2031,N367NW,MDW,ATL,705,702,-3,18,720,119,108,85,591,945,5,1004,950,-14,0,0,,,,,,
2015,9,30,3,EV,2631,N626AE,DFW,SHV,845,841,-4,16,857,60,53,33,190,930,4,945,934,-11,0,0,,,,,,
2015,7,27,1,MQ,3541,N669MQ,DFW,AMA,1852,1909,17,22,1931,82,74,47,312,2018,5,2014,2023,9,0,0,,,,,,
2015,2,15,7,UA,841,N596UA,JFK,LAX,1430,1428,-2,21,1449,384,378,352,2475,1741,5,1754,1746,-8,0,0,,,,,,
2015,11,3,2,AA,1755,N961UW,ATL,PHL,1720,1716,-4,13,1729,123,115,99,666,1908,3,1923,1911,-12,0,0,,,,,,
2015,3,24,2,OO,3484,N215AG,BOI,SAN,700,650,-10,12,702,130,122,107,749,749,3,810,752,-18,0,0,,,,,,
2015,5,3,7,WN,1097,N387SW,RSW,BWI,1030,1114,44,11,1125,150,153,136,919,1341,6,1300,1347,47,0,0,,18,0,0,29,0
2015,8,9,7,OO,3481,N227AG,SBA,SEA,1740,1734,-6,7,1741,141,121,108,908,1929,6,2001,1935,-26,0,0,,,,,,
2015,7,9,4,EV,5261,N844AS,ATL,SHV,2100,2058,-2,23,2121,106,105,79,551,2140,3,2146,2143,-3,0,0,,,,,,
2015,8,26,3,AA,255,N797AA,JFK,LAX,1000,953,-7,33,1026,368,367,321,2475,1247,13,1308,1300,-8,0,0,,,,,,
2015,6,18,4,MQ,3138,N654MQ,ORD,TVC,1641,1642,1,41,1723,72,84,40,224,1903,3,1853,1906,13,0,0,,,,,,
2015,4,8,3,AA,1100,N3FSAA,DFW,LGA,600,558,-2,11,609,203,202,183,1389,1012,8,1023,1020,-3,0,0,,,,,,
2015,6,27,6,AA,1023,N867AA,DFW,PHX,1400,1413,13,15,1428,154,143,117,868,1425,11,1434,1436,2,0,0,,,,,,
2015,9,6,7,AA,130,N3EMAA,ORD,JFK,1230,1240,10,21,1301,151,133,106,740,1547,6,1601,1553,-8,0,0,,,,,,
2015,8,18,2,WN,172,N470WN,SAT,DAL,1530,1530,0,13,1543,60,65,48,248,1631,4,1630,1635,5,0,0,,,,,,
2015,2,27,5,DL,2686,N607AT,LGA,BOS,1600,1713,73,31,1744,78,75,31,184,1815,13,1718,1828,70,0,0,,0,0,22,48,0
2015,9,3,4,AA,2374,N4YUAA,DEN,DFW,925,1002,37,17,1019,116,113,86,641,1245,10,1221,1255,34,0,0,,0,0,34,0,0
2015,8,2,7,DL,2219,N359NW,MCO,BOS,1901,1908,7,11,1919,186,167,151,1121,2150,5,2207,2155,-12,0,0,,,,,,
2015,8,6,4,NK,475,N619NK,LGA,DTW,940,935,-5,39,1014,116,129,83,502,1137,7,1136,1144,8,0,0,,,,,,
2015,10,18,7,AS,523,N523AS,10800,14747,1100,1208,68,13,1221,150,143,124,937,1425,6,1330,1431,61,0,0,,0,0,0,61,0
2015,8,12,3,AA,503,N828AW,DTW,PHX,735,732,-3,23,755,263,257,213,1671,828,21,858,849,-9,0,0,,,,,,
2015,1,18,7,UA,1178,N76010,EWR,IAH,1630,1655,25,19,1714,236,210,183,1400,1917,8,1926,1925,-1,0,0,,,,,,
2015,3,5,4,NK,816,N503NK,MCI,DTW,1205,1202,-3,9,1211,111,119,80,629,1431,30,1456,1501,5,0,0,,,,,,
2015,7,14,2,OO,5193,N140SY,STL,ORD,1649,1646,-3,13,1659,84,77,49,258,1748,15,1813,1803,-10,0,0,,,,,,
2015,9,30,3,WN,288,N8658A,MDW,SAN,1510,1509,-1,9,1518,260,241,228,1728,1706,4,1730,1710,-20,0,0,,,,,,
2015,5,27,3,MQ,3218,N818MQ,ORD,IND,1010,1004,-6,12,1016,62,46,31,177,1147,3,1212,1150,-22,0,0,,,,,,
2015,6,11,4,WN,4742,N375SW,OAK,PHX,550,548,-2,10,558,115,109,91,646,729,8,745,737,-8,0,0,,,,,,
2015,7,25,6,EV,2647,N687JS,DFW,VPS,1147,1152,5,14,1206,117,112,92,641,1338,6,1344,1344,0,0,0,,,,,,
2015,9,6,7,DL,117,N988DL,ATL,BHM,1651,1650,-1,11,1701,57,45,30,134,1631,4,1648,1635,-13,0,0,,,,,,
2015,12,6,7,WN,5111,N7831B,MDW,ATL,1135,1132,-3,8,1140,110,109,89,591,1409,12,1425,1421,-4,0,0,,,,,,
2015,3,11,3,WN,4929,N918WN,OAK,PDX,1300,1257,-3,6,1303,95,83,74,543,1417,3,1435,1420,-15,0,0,,,,,,
2015,6,13,6,OO,4480,N609SK,SEA,GEG,1445,1453,8,12,1505,67,54,38,224,1543,4,1552,1547,-5,0,0,,,,,,
2015,4,18,6,WN,1108,N7729A,FLL,MKE,1425,1417,-8,13,1430,195,179,162,1243,1612,4,1640,1616,-24,0,0,,,,,,
2015,11,10,2,WN,656,N412WN,LAX,PHX,820,826,6,14,840,75,75,56,370,1036,5,1035,1041,6,0,0,,,,,,
2015,11,10,2,WN,893,N258WN,CLE,MDW,1335,1333,-2,9,1342,75,65,50,307,1332,6,1350,1338,-12,0,0,,,,,,
2015,8,29,6,NK,314,N519NK,IAH,TPA,1641,1637,-4,12,1649,128,124,103,787,1932,9,1949,1941,-8,0,0,,,,,,
2015,7,25,6,MQ,3167,N604MQ,ORD,LIT,1645,1638,-7,28,1706,116,114,81,552,1827,5,1841,1832,-9,0,0,,,,,,
2015,7,21,2,AS,399,N433AS,SJC,SEA,1245,1234,-11,10,1244,115,114,96,697,1420,8,1440,1428,-12,0,0,,,,,,
2015,8,6,4,AA,1938,N733UW,CLT,DCA,1455,1454,-1,61,1555,86,124,58,331,1653,5,1621,1658,37,0,0,,37,0,0,0,0
2015,10,7,3,AA,1791,N197UW,13930,11057,1145,1138,-7,11,1149,133,104,76,599,1405,17,1458,1422,-36,0,0,,,,,,
2015,12,8,2,DL,1849,N342NB,CLT,DTW,600,559,-1,12,611,112,96,78,500,729,6,752,735,-17,0,0,,,,,,
2015,10,1,4,DL,2104,N976DL,10397,14307,1511,1513,2,19,1532,151,133,111,903,1723,3,1742,1726,-16,0,0,,,,,,
2015,1,19,1,WN,119,N404WN,MDW,RSW,1520,1518,-2,14,1532,165,160,141,1105,1853,5,1905,1858,-7,0,0,,,,,,
2015,3,28,6,DL,1814,N921DL,ATL,PNS,1457,1455,-2,13,1508,78,65,47,271,1455,5,1515,1500,-15,0,0,,,,,,
2015,8,4,2,DL,1447,N908DA,LGA,ATL,600,633,33,36,709,145,151,109,762,858,6,825,904,39,0,0,,6,0,33,0,0
2015,7,21,2,DL,2842,N3736C,ATL,COS,1830,1829,-1,21,1850,187,185,157,1184,1927,7,1937,1934,-3,0,0,,,,,,
2015,10,22,4,AA,754,N173US,12892,14100,845,839,-6,15,854,321,296,275,2402,1629,6,1706,1635,-31,0,0,,,,,,
2015,4,5,7,WN,685,N244WN,MDW,DCA,1940,1931,-9,13,1944,105,93,73,601,2157,7,2225,2204,-21,0,0,,,,,,
2015,8,20,4,AA,486,N154UW,PHX,ORD,1840,2023,103,10,2033,212,188,173,1440,126,5,12,131,79,0,0,,0,0,79,0,0
2015,1,25,7,OO,6341,N594SW,LAX,SAN,2005,1958,-7,10,2008,51,43,25,109,2033,8,2056,2041,-15,0,0,,,,,,
2015,3,26,4,WN,3756,N228WN,SJC,LAX,1745,1753,8,20,1813,70,85,57,308,1910,8,1855,1918,23,0,0,,15,0,8,0,0
2015,8,10,1,DL,1462,N354NB,ATL,PIT,1520,1514,-6,22,1536,112,117,74,526,1650,21,1712,1711,-1,0,0,,,,,,
2015,11,14,6,F9,1317,N934FR,RSW,ORD,1845,1830,-15,13,1843,185,187,158,1120,2021,16,2050,2037,-13,0,0,,,,,,
2015,2,23,1,US,1993,N174US,CLT,LAX,745,746,1,17,803,330,347,323,2125,1026,7,1015,1033,18,0,0,,17,0,1,0,0
2015,6,11,4,EV,4335,N15985,CMH,EWR,1436,1441,5,22,1503,114,106,77,463,1620,7,1630,1627,-3,0,0,,,,,,
2015,2,20,5,EV,5091,N868AS,GSO,DTW,1650,1637,-13,8,1645,110,91,76,460,1801,7,1840,1808,-32,0,0,,,,,,
2015,1,23,5,B6,959,N629JB,BDL,FLL,715,714,-1,17,731,202,191,167,1173,1018,7,1037,1025,-12,0,0,,,,,,
2015,3,6,5,WN,439,N966WN,BUR,LAS,800,757,-3,8,805,60,53,41,223,846,4,900,850,-10,0,0,,,,,,
2015,10,20,2,AA,636,N604AW,11697,11057,815,858,43,11,909,121,116,100,632,1049,5,1016,1054,38,0,0,,0,0,38,0,0
2015,10,28,3,DL,2530,N914DE,11042,10397,755,751,-4,10,801,109,108,92,554,933,6,944,939,-5,0,0,,,,,,
2015,5,14,4,DL,1827,N825DN,FLL,ATL,1340,1340,0,18,1358,120,112,82,581,1520,12,1540,1532,-8,0,0,,,,,,
2015,3,3,2,OO,7414,N453SW,RHI,MSP,703,,,,,67,,,190,,,810,,,0,1,B,,,,,
2015,7,20,1,EV,2678,N684JW,DFW,TLH,1835,1836,1,17,1853,136,125,103,767,2136,5,2151,2141,-10,0,0,,,,,,
2015,11,9,1,B6,188,N828JB,SFO,LAS,1722,1727,5,19,1746,97,85,61,414,1847,5,1859,1852,-7,0,0,,,,,,
2015,1,15,4,DL,2610,N952DL,CLT,ATL,615,615,0,34,649,77,81,44,226,733,3,732,736,4,0,0,,,,,,
2015,5,8,5,EV,4967,N615QX,DTW,MDT,1005,957,-8,29,1026,80,83,51,371,1117,3,1125,1120,-5,0,0,,,,,,
2015,8,18,2,DL,2658,N911DL,LGA,MSP,1420,1416,-4,20,1436,185,161,137,1020,1553,4,1625,1557,-28,0,0,,,,,,
2015,5,19,2,WN,326,N7740A,MCO,RIC,1935,2050,75,11,2101,115,105,90,667,2231,4,2130,2235,65,0,0,,0,0,0,65,0
2015,7,3,5,WN,2876,N957WN,AUS,STL,1325,1325,0,8,1333,120,118,105,721,1518,5,1525,1523,-2,0,0,,,,,,
2015,9,21,1,MQ,3045,N655MQ,ORD,GRR,1150,1149,-1,12,1201,62,44,26,137,1327,6,1352,1333,-19,0,0,,,,,,
2015,10,24,6,B6,317,N348JB,10721,12478,1948,1958,10,13,2011,76,65,49,187,2100,3,2104,2103,-1,0,0,,,,,,
2015,2,15,7,UA,1114,N26215,LAS,IAH,530,529,-1,15,544,177,185,160,1222,1024,10,1027,1034,7,0,0,,,,,,
2015,10,9,5,EV,3928,N13992,11618,11278,1229,1227,-2,21,1248,70,66,40,199,1328,5,1339,1333,-6,0,0,,,,,,
2015,12,20,7,AA,2354,N3GVAA,PHX,ORD,1315,1312,-3,16,1328,212,184,159,1440,1707,9,1747,1716,-31,0,0,,,,,,
2015,5,30,6,OO,5371,N984CA,LAX,SBP,1304,1259,-5,27,1326,60,62,30,156,1356,5,1404,1401,-3,0,0,,,,,,
2015,7,24,5,WN,4909,N451WN,HOU,LAS,800,759,-1,8,807,185,171,156,1235,843,7,905,850,-15,0,0,,,,,,
2015,6,16,2,OO,4586,N805SK,SLC,SJC,835,828,-7,21,849,125,115,91,584,920,3,940,923,-17,0,0,,,,,,
2015,9,1,2,WN,3056,N908WN,SFO,LAS,540,535,-5,9,544,85,76,64,414,648,3,705,651,-14,0,0,,,,,,
2015,9,8,2,EV,4610,N16178,EVV,ORD,1536,,,,,74,,,272,,,1650,,,0,1,C,,,,,
2015,3,7,6,US,511,N814AW,PHX,OMA,959,958,-1,30,1028,161,157,124,1037,1332,3,1340,1335,-5,0,0,,,,,,
2015,10,11,7,B6,1502,N662JB,11697,12478,600,554,-6,12,606,164,168,148,1069,834,8,844,842,-2,0,0,,,,,,
2015,7,13,1,NK,728,N621NK,TPA,ORD,1045,1040,-5,15,1055,165,180,157,1012,1232,8,1230,1240,10,0,0,,,,,,
2015,1,11,7,UA,1700,N78285,CLE,IAH,1742,1738,-4,8,1746,197,211,170,1091,1936,33,1959,2009,10,0,0,,,,,,
2015,7,19,7,AA,2353,N7CCAA,ORD,DFW,2020,2054,34,22,2116,153,136,103,802,2259,11,2253,2310,17,0,0,,0,0,17,0,0
2015,6,6,6,WN,1078,N625SW,BDL,BWI,1050,1108,18,7,1115,75,67,57,283,1212,3,1205,1215,10,0,0,,,,,,
2015,2,19,4,AA,81,N472AA,DFW,TUS,2245,2305,20,8,2313,142,129,117,813,10,4,7,14,7,0,0,,,,,,
2015,6,6,6,EV,4302,N12142,CLE,EWR,1605,1559,-6,18,1617,96,94,66,404,1723,10,1741,1733,-8,0,0,,,,,,
2015,5,24,7,AS,852,N586AS,HNL,SEA,2115,2112,-3,18,2130,350,346,322,2677,552,6,605,558,-7,0,0,,,,,,
2015,7,27,1,DL,1591,N934DL,CLT,ATL,815,811,-4,18,829,79,63,39,226,908,6,934,914,-20,0,0,,,,,,
2015,7,23,4,WN,1353,N913WN,FLL,LAS,1140,1140,0,8,1148,310,273,260,2173,1308,5,1350,1313,-37,0,0,,,,,,
2015,11,3,2,DL,1302,N935DL,SDF,ATL,1235,1232,-3,31,1303,90,98,59,321,1402,8,1405,1410,5,0,0,,,,,,
2015,3,20,5,AA,1638,N4YRAA,MSP,ORD,955,948,-7,11,959,88,83,60,334,1059,12,1123,1111,-12,0,0,,,,,,
2015,2,8,7,UA,1696,N73291,ANC,IAH,2035,2040,5,12,2052,385,376,357,3266,549,7,600,556,-4,0,0,,,,,,
2015,3,27,5,UA,501,N834UA,EWR,BOS,1112,1128,16,16,1144,72,58,36,200,1220,6,1224,1226,2,0,0,,,,,,
2015,2,11,3,EV,5499,N979EV,PHF,ATL,1105,1101,-4,13,1114,116,114,90,508,1244,11,1301,1255,-6,0,0,,,,,,
2015,12,17,4,UA,743,N491UA,EWR,ORD,1430,1445,15,19,1504,159,138,117,719,1601,2,1609,1603,-6,0,0,,,,,,
2015,7,7,2,UA,817,N828UA,ALB,ORD,1204,1524,200,15,1539,143,143,115,723,1634,13,1327,1647,200,0,0,,0,0,0,200,0
2015,4,6,1,EV,3824,N26549,STL,IAH,1356,1355,-1,8,1403,138,123,107,667,1550,8,1614,1558,-16,0,0,,,,,,
2015,6,14,7,US,478,N510UW,LAS,DCA,1310,1302,-8,33,1335,278,295,256,2089,2051,6,2048,2057,9,0,0,,,,,,
2015,8,28,5,WN,2116,N905WN,BWI,BOS,725,725,0,13,738,85,77,56,369,834,8,850,842,-8,0,0,,,,,,
2015,6,3,3,F9,1031,N908FR,PHL,CLT,1015,1010,-5,21,1031,100,117,86,449,1157,10,1155,1207,12,0,0,,,,,,
2015,10,6,2,WN,2965,N8653A,15016,14107,1620,1617,-3,10,1627,200,194,177,1262,1724,7,1740,1731,-9,0,0,,,,,,
2015,3,14,6,DL,86,N820DN,SAN,DTW,700,655,-5,17,712,256,265,242,1956,1414,6,1416,1420,4,0,0,,,,,,
2015,11,9,1,WN,298,N633SW,PHX,LAS,1520,1600,40,8,1608,65,58,45,255,1553,5,1525,1558,33,0,0,,0,0,26,7,0
2015,7,2,4,DL,2261,N957DN,DAY,ATL,615,611,-4,14,625,100,91,71,432,736,6,755,742,-13,0,0,,,,,,
2015,9,10,4,WN,977,N411WN,PVD,BWI,555,552,-3,10,602,85,87,57,327,659,20,720,719,-1,0,0,,,,,,
2015,12,1,2,AA,1246,N013AA,STL,MIA,1700,1657,-3,12,1709,166,159,133,1068,2022,14,2046,2036,-10,0,0,,,,,,
2015,11,30,1,MQ,3279,N922MQ,DFW,SGF,1845,1853,8,19,1912,82,72,47,364,1959,6,2007,2005,-2,0,0,,,,,,
2015,6,20,6,US,655,N905AW,HNL,PHX,1300,1252,-8,17,1309,362,370,343,2917,2152,10,2202,2202,0,0,0,,,,,,
2015,7,25,6,DL,1373,N332NW,TPA,ATL,1345,1347,2,25,1412,99,102,65,406,1517,12,1524,1529,5,0,0,,,,,,
2015,12,26,6,WN,6417,N8657B,BWI,DEN,1430,1436,6,13,1449,255,232,210,1491,1619,9,1645,1628,-17,0,0,,,,,,
2015,6,9,2,OO,2877,N492SW,SMF,LAX,1835,1905,30,24,1929,93,98,63,373,2032,11,2008,2043,35,0,0,,5,0,0,30,0
2015,9,16,3,UA,1568,N77518,ATL,DEN,852,851,-1,11,902,209,204,169,1199,951,24,1021,1015,-6,0,0,,,,,,
2015,7,26,7,EV,3953,N14562,EWR,BTV,1504,1459,-5,18,1517,79,66,45,266,1602,3,1623,1605,-18,0,0,,,,,,
2015,8,13,4,DL,404,N806DN,JFK,SEA,710,711,1,24,735,370,361,319,2422,954,18,1020,1012,-8,0,0,,,,,,
2015,7,13,1,WN,916,N760SW,PHX,EWR,950,1008,18,21,1029,305,280,252,2133,1741,7,1755,1748,-7,0,0,,,,,,
2015,6,21,7,OO,5431,N924SW,MKE,ORD,1123,1150,27,12,1202,49,50,21,67,1223,17,1212,1240,28,0,0,,1,0,0,27,0
2015,2,22,7,B6,1503,N760JB,JFK,SJU,2359,56,57,15,111,221,209,190,1598,521,4,440,525,45,0,0,,0,0,11,34,0
2015,8,29,6,UA,1945,N66848,SFO,EWR,1009,1010,1,12,1022,336,320,298,2565,1820,10,1845,1830,-15,0,0,,,,,,
2015,12,11,5,UA,1612,N54711,EWR,SNA,1320,1318,-2,21,1339,387,392,366,2434,1645,5,1647,1650,3,0,0,,,,,,
2015,11,6,5,WN,3207,N639SW,BWI,PVD,630,625,-5,12,637,75,71,55,327,732,4,745,736,-9,0,0,,,,,,
2015,5,20,3,AA,1410,N474AA,ELP,DFW,1500,1512,12,13,1525,107,94,77,551,1742,4,1747,1746,-1,0,0,,,,,,
2015,2,20,5,AA,1316,N3CXAA,SNA,DFW,730,727,-3,11,738,176,152,131,1205,1149,10,1226,1159,-27,0,0,,,,,,
2015,5,7,4,WN,484,N8312C,LAX,BWI,1310,1310,0,15,1325,310,294,274,2329,2059,5,2120,2104,-16,0,0,,,,,,
2015,9,16,3,MQ,3603,N609MQ,BHM,MIA,540,539,-1,11,550,114,123,106,661,836,6,834,842,8,0,0,,,,,,
2015,12,24,4,AS,798,N552AS,SAN,BOS,835,824,-11,16,840,337,284,265,2588,1605,3,1712,1608,-64,0,0,,,,,,
2015,9,30,3,UA,695,N464UA,SEA,DEN,1529,1521,-8,12,1533,161,156,131,1024,1844,13,1910,1857,-13,0,0,,,,,,
2015,3,13,5,WN,3238,N8313F,MKE,MCO,2100,2055,-5,11,2106,160,159,142,1066,28,6,40,34,-6,0,0,,,,,,
2015,4,8,3,US,581,N661AW,PHL,SAN,730,731,1,19,750,345,352,329,2370,1019,4,1015,1023,8,0,0,,,,,,
2015,12,25,5,DL,768,N355NB,MSP,ALB,1557,1557,0,11,1608,144,120,105,980,1853,4,1921,1857,-24,0,0,,,,,,
2015,8,12,3,DL,1270,N542US,ATL,PNS,1345,1349,4,23,1412,72,73,46,271,1358,4,1357,1402,5,0,0,,,,,,
2015,8,1,6,DL,2645,N3767,SLC,FCA,2155,2212,17,14,2226,95,100,78,531,2344,8,2330,2352,22,0,0,,5,0,0,17,0
2015,10,22,4,B6,2689,N603JB,12889,14771,2011,2008,-3,9,2017,98,82,65,414,2122,8,2149,2130,-19,0,0,,,,,,
2015,9,21,1,F9,223,N919FR,AUS,DEN,1810,1822,12,14,1836,135,129,107,775,1923,8,1925,1931,6,0,0,,,,,,
2015,10,14,3,AA,1151,N3LVAA,13930,14679,1705,1702,-3,22,1724,264,246,220,1723,1904,4,1929,1908,-21,0,0,,,,,,
2015,6,20,6,MQ,3322,N657MQ,ORD,SUX,2025,2044,19,99,2223,103,177,73,436,2336,5,2208,2341,93,0,0,,74,0,0,0,19
2015,10,15,4,OO,5593,N498CA,14107,12892,1407,1438,31,16,1454,87,85,62,370,1556,7,1534,1603,29,0,0,,0,0,0,29,0
2015,7,14,2,UA,1531,N38424,SFO,RDU,1526,1535,9,18,1553,316,295,272,2400,2325,5,2342,2330,-12,0,0,,,,,,
2015,10,2,5,OO,2983,N709BR,11921,14107,815,800,-15,17,817,108,119,87,438,844,15,903,859,-4,0,0,,,,,,
2015,11,6,5,WN,2908,N551WN,PHX,SAN,910,908,-2,13,921,70,67,51,304,912,3,920,915,-5,0,0,,,,,,
2015,1,29,4,MQ,3070,N518MQ,ORD,CMH,2035,2139,64,20,2159,72,72,47,296,2346,5,2247,2351,64,0,0,,0,0,0,63,1
2015,12,7,1,HA,208,N492HA,HNL,KOA,1046,1038,-8,11,1049,47,43,27,163,1116,5,1133,1121,-12,0,0,,,,,,
2015,9,30,3,DL,2194,N945DL,ATL,GPT,2101,2059,-2,36,2135,79,92,52,352,2127,4,2120,2131,11,0,0,,,,,,
2015,7,22,3,UA,795,N819UA,IAH,BOS,1905,1916,11,24,1940,232,220,190,1597,2350,6,2357,2356,-1,0,0,,,,,,
2015,8,9,7,UA,1687,N73406,TPA,ORD,1053,1058,5,17,1115,167,186,151,1012,1246,18,1240,1304,24,0,0,,24,0,0,0,0
2015,7,23,4,WN,4905,N204WN,DCA,BNA,610,605,-5,13,618,95,101,84,562,642,4,645,646,1,0,0,,,,,,
2015,7,4,6,AA,130,N3FUAA,ORD,JFK,1308,1302,-6,20,1322,140,125,101,740,1603,4,1628,1607,-21,0,0,,,,,,
2015,6,11,4,UA,1187,N28478,BOS,SFO,1446,1449,3,15,1504,391,377,353,2704,1757,9,1817,1806,-11,0,0,,,,,,
2015,6,4,4,EV,4904,N197PQ,MSP,FAR,1121,1117,-4,20,1137,66,62,38,223,1215,4,1227,1219,-8,0,0,,,,,,
2015,2,9,1,B6,1090,N179JB,DCA,BOS,2000,2000,0,20,2020,85,93,62,399,2122,11,2125,2133,8,0,0,,,,,,
2015,12,28,1,DL,2471,N703TW,ATL,MCO,1740,1741,1,14,1755,90,82,59,404,1854,9,1910,1903,-7,0,0,,,,,,
2015,6,19,5,UA,1440,N53442,SFO,IAD,955,953,-2,13,1006,315,301,273,2419,1739,15,1810,1754,-16,0,0,,,,,,
2015,10,15,4,AA,2375,N4YCAA,13930,11298,1700,1702,2,22,1724,164,152,116,802,1920,14,1944,1934,-10,0,0,,,,,,
2015,4,11,6,DL,1941,N952DL,MHT,ATL,640,639,-1,11,650,184,177,156,952,926,10,944,936,-8,0,0,,,,,,
2015,10,3,6,DL,1829,N932DN,13487,11433,850,846,-4,13,859,96,112,90,528,1129,9,1126,1138,12,0,0,,,,,,
2015,3,27,5,OO,2894,N869AS,LAX,SMF,1405,1435,30,26,1501,88,88,58,373,1559,4,1533,1603,30,0,0,,0,0,30,0,0
2015,10,29,4,AA,1934,N756US,11057,14492,1430,1431,1,23,1454,50,64,34,130,1528,7,1520,1535,15,0,0,,14,0,1,0,0
2015,2,19,4,AA,1179,N3APAA,DCA,MIA,1440,1437,-3,27,1504,170,177,137,919,1721,13,1730,1734,4,0,0,,,,,,
2015,1,13,2,B6,1315,N316JB,JAX,FLL,1840,1852,12,15,1907,72,83,57,319,2004,11,1952,2015,23,0,0,,11,0,2,10,0
2015,8,10,1,WN,2941,N953WN,LAX,SJC,745,741,-4,13,754,65,63,47,308,841,3,850,844,-6,0,0,,,,,,
2015,5,23,6,DL,811,N556NW,ATL,TPA,1230,1229,-1,20,1249,84,82,59,406,1348,3,1354,1351,-3,0,0,,,,,,
2015,7,1,3,DL,2463,N966DL,ATL,ICT,910,906,-4,15,921,129,131,112,782,1013,4,1019,1017,-2,0,0,,,,,,
2015,10,8,4,OO,3484,N219AG,10713,14679,900,851,-9,20,911,130,126,103,749,954,3,1010,957,-13,0,0,,,,,,
2015,2,28,6,AS,472,N461AS,SEA,LAX,1420,1427,7,11,1438,147,149,128,954,1646,10,1647,1656,9,0,0,,,,,,
2015,8,27,4,UA,1636,N75854,HNL,LAX,1505,1548,43,18,1606,318,303,273,2556,2339,12,2323,2351,28,0,0,,0,0,0,28,0
2015,11,11,3,DL,929,N712TW,LAX,ATL,530,536,6,14,550,244,223,205,1947,1215,4,1234,1219,-15,0,0,,,,,,
2015,4,12,7,UA,1252,N69840,DEN,ORD,757,756,-1,10,806,144,133,113,888,1059,10,1121,1109,-12,0,0,,,,,,
2015,1,15,4,US,671,N580UW,DFW,PHX,1825,1824,-1,10,1834,161,152,133,868,1947,9,2006,1956,-10,0,0,,,,,,
2015,4,23,4,OO,2747,N885AS,YUM,PHX,1505,1537,32,7,1544,53,46,33,160,1617,6,1558,1623,25,0,0,,0,0,0,25,0
2015,9,29,2,UA,1730,N77871,HNL,SFO,1255,1331,36,15,1346,307,293,272,2398,2118,6,2102,2124,22,0,0,,0,0,6,16,0
2015,7,26,7,DL,2394,N954DL,ATL,PHL,1750,1751,1,33,1824,135,142,104,666,2008,5,2005,2013,8,0,0,,,,,,
2015,1,8,4,WN,3305,N365SW,ELP,HOU,1050,,,,,105,,,677,,,1335,,,0,1,A,,,,,
2015,6,14,7,AS,19,N520AS,MCO,SEA,1855,1847,-8,11,1858,355,353,337,2554,2135,5,2150,2140,-10,0,0,,,,,,
2015,1,15,4,B6,1025,N633JB,JFK,TPA,835,826,-9,28,854,187,190,152,1005,1126,10,1142,1136,-6,0,0,,,,,,
2015,12,26,6,DL,1414,N337NB,SLC,LAX,830,839,9,16,855,134,141,75,590,910,50,944,1000,16,0,0,,7,0,2,7,0
2015,7,2,4,DL,2263,N840DN,DTW,SEA,1735,1731,-4,15,1746,286,283,258,1927,1904,10,1921,1914,-7,0,0,,,,,,
2015,4,30,4,OO,6234,N929SW,ABQ,SFO,948,939,-9,12,951,167,149,132,896,1103,5,1135,1108,-27,0,0,,,,,,
2015,9,7,1,AA,1432,N520AA,MCI,DFW,930,925,-5,15,940,100,102,74,460,1054,13,1110,1107,-3,0,0,,,,,,
2015,12,27,7,F9,767,N701FR,DEN,LAS,1800,1830,30,16,1846,115,111,85,628,1911,10,1855,1921,26,0,0,,0,0,26,0,0
2015,10,25,7,B6,185,N229JB,14576,12478,550,549,-1,13,602,79,78,49,264,651,16,709,707,-2,0,0,,,,,,
2015,5,27,3,UA,1026,N33262,LAX,EWR,1530,1535,5,21,1556,324,319,288,2454,2344,10,2354,2354,0,0,0,,,,,,
2015,3,12,4,AA,1185,N3GLAA,MIA,IAH,1845,1857,12,27,1924,184,184,144,964,2048,13,2049,2101,12,0,0,,,,,,
2015,5,5,2,OO,5179,N778SK,DEN,SAT,1002,1003,1,19,1022,130,132,109,794,1311,4,1312,1315,3,0,0,,,,,,
2015,4,20,1,WN,497,N8303R,BWI,LAX,1655,1653,-2,63,1756,345,388,315,2329,2011,10,1940,2021,41,0,0,,41,0,0,0,0
2015,9,11,5,AA,293,N790AA,JFK,LAX,2000,2018,18,31,2049,363,362,325,2475,2314,6,2303,2320,17,0,0,,0,0,17,0,0
2015,9,25,5,AA,1519,N3BLAA,ORD,SEA,1403,1355,-8,26,1421,277,270,239,1721,1620,5,1640,1625,-15,0,0,,,,,,
2015,12,17,4,MQ,3436,N932MQ,MIA,GNV,1540,1532,-8,16,1548,70,67,49,294,1637,2,1650,1639,-11,0,0,,,,,,
2015,7,19,7,AA,2207,N851AA,DFW,SFO,905,913,8,16,929,229,212,191,1464,1040,5,1054,1045,-9,0,0,,,,,,
2015,4,7,2,US,2007,N573UW,RSW,PHL,1200,1156,-4,13,1209,160,151,135,993,1424,3,1440,1427,-13,0,0,,,,,,
2015,8,6,4,AA,18,N793AA,SFO,JFK,2255,2249,-6,39,2328,343,344,289,2586,717,16,738,733,-5,0,0,,,,,,
2015,5,6,3,EV,4588,N12175,IAH,GJT,900,851,-9,25,916,167,187,158,979,1054,4,1047,1058,11,0,0,,,,,,
2015,1,28,3,WN,1447,N793SA,SLC,LAS,2005,2001,-4,10,2011,80,73,60,368,2011,3,2025,2014,-11,0,0,,,,,,
2015,3,26,4,MQ,3634,N632MQ,JAN,DFW,1144,1303,79,10,1313,96,94,73,408,1426,11,1320,1437,77,0,0,,0,0,7,70,0
2015,7,14,2,OO,4772,N439SW,MSP,ICT,1745,1741,-4,20,1801,109,105,78,545,1919,7,1934,1926,-8,0,0,,,,,,
2015,3,28,6,UA,1455,N76508,DEN,IAH,1443,1528,45,11,1539,140,119,103,862,1822,5,1803,1827,24,0,0,,0,0,4,20,0
2015,8,13,4,DL,710,N382DA,MSP,PDX,1949,1958,9,28,2026,213,216,186,1426,2132,2,2122,2134,12,0,0,,,,,,
2015,11,6,5,UA,1251,N69840,ORD,IAH,732,751,19,14,805,174,177,155,925,1040,8,1026,1048,22,0,0,,3,0,19,0,0
2015,3,16,1,US,671,N581UW,BWI,PHX,1705,1704,-1,14,1718,309,304,273,1999,1851,17,1914,1908,-6,0,0,,,,,,
2015,12,29,2,WN,895,N492WN,BWI,BOS,1600,1648,48,25,1713,85,117,50,369,1803,42,1725,1845,80,0,0,,32,0,9,39,0
2015,5,10,7,B6,1197,N715JB,PVD,FLL,1850,1854,4,16,1910,188,198,172,1188,2202,10,2158,2212,14,0,0,,,,,,
2015,7,9,4,MQ,3306,N646MQ,DFW,BIS,1830,1828,-2,16,1844,168,167,131,977,2055,20,2118,2115,-3,0,0,,,,,,
2015,11,9,1,AS,648,N307AS,SEA,TUS,955,958,3,18,1016,170,177,155,1216,1351,4,1345,1355,10,0,0,,,,,,
2015,6,24,3,EV,5153,N844AS,DTW,BHM,1952,1943,-9,13,1956,116,108,90,625,2026,5,2048,2031,-17,0,0,,,,,,
2015,6,19,5,WN,1529,N770SA,RDU,BWI,1345,1352,7,11,1403,65,59,43,255,1446,5,1450,1451,1,0,0,,,,,,
2015,10,1,4,AA,1179,N548AA,13495,11298,1436,1441,5,9,1450,104,91,74,447,1604,8,1620,1612,-8,0,0,,,,,,
2015,8,16,7,OO,6468,N920SW,DEN,CPR,2202,2158,-4,15,2213,64,60,41,230,2254,4,2306,2258,-8,0,0,,,,,,
2015,2,10,2,F9,745,N923FR,DEN,PHX,1235,1230,-5,20,1250,105,121,96,602,1426,5,1420,1431,11,0,0,,,,,,
2015,9,6,7,AA,433,N548UW,SFO,PHL,1335,1329,-6,15,1344,323,308,289,2521,2133,4,2158,2137,-21,0,0,,,,,,
2015,11,6,5,AA,2026,N581UW,PHX,PHL,2340,2335,-5,13,2348,259,232,216,2075,524,3,559,527,-32,0,0,,,,,,
2015,8,6,4,WN,384,N8669B,SAN,HOU,1110,1118,8,10,1128,195,181,165,1313,1613,6,1625,1619,-6,0,0,,,,,,
2015,1,17,6,WN,3337,N963WN,SAT,ATL,1640,1635,-5,5,1640,130,121,107,874,1927,9,1950,1936,-14,0,0,,,,,,
2015,9,22,2,WN,2008,N364SW,SAN,SFO,1450,1444,-6,14,1458,85,84,66,447,1604,4,1615,1608,-7,0,0,,,,,,
2015,12,14,1,EV,4135,N16170,ORD,SAV,1911,1917,6,27,1944,124,133,101,773,2225,5,2215,2230,15,0,0,,9,0,0,6,0
2015,6,1,1,WN,861,N634SW,SLC,DEN,1350,1355,5,11,1406,90,78,59,391,1505,8,1520,1513,-7,0,0,,,,,,
2015,11,2,1,UA,1760,N12238,PDX,EWR,2215,2214,-1,13,2227,317,290,267,2434,554,10,632,604,-28,0,0,,,,,,
2015,5,11,1,OO,5382,N926SW,MBS,ORD,2011,2044,33,11,2055,77,64,43,222,2038,10,2028,2048,20,0,0,,0,0,0,20,0
2015,4,6,1,WN,471,N473WN,LAS,RNO,2125,2120,-5,11,2131,80,71,55,345,2226,5,2245,2231,-14,0,0,,,,,,
2015,2,1,7,EV,5206,N176PQ,AVP,ATL,630,630,0,12,642,148,134,115,714,837,7,858,844,-14,0,0,,,,,,
2015,5,26,2,B6,2036,N192JB,DTW,BOS,954,951,-3,8,959,110,101,82,632,1121,11,1144,1132,-12,0,0,,,,,,
2015,7,2,4,MQ,3177,N830MQ,DFW,MGM,1646,1647,1,17,1704,111,104,84,622,1828,3,1837,1831,-6,0,0,,,,,,
2015,7,1,3,UA,1698,N38458,SFO,DEN,953,956,3,18,1014,153,150,125,967,1319,7,1326,1326,0,0,0,,,,,,
2015,7,23,4,WN,4461,N384SW,LAX,SMF,815,812,-3,6,818,75,73,60,373,918,7,930,925,-5,0,0,,,,,,
2015,9,9,3,OO,5563,N793SK,DEN,MOT,1945,1940,-5,13,1953,105,98,80,604,2213,5,2230,2218,-12,0,0,,,,,,
2015,6,8,1,DL,1320,N921AT,ATL,SAV,2305,2312,7,14,2326,63,54,36,214,2,4,8,6,-2,0,0,,,,,,
2015,2,18,3,OO,6404,N957SW,EUG,SFO,1046,1124,38,26,1150,91,100,70,451,1300,4,1217,1304,47,0,0,,47,0,0,0,0
2015,4,20,1,WN,914,N414WN,STL,LAS,1215,1212,-3,9,1221,210,230,186,1371,1327,35,1345,1402,17,0,0,,17,0,0,0,0
2015,11,1,7,DL,1534,N911DA,IND,ATL,1653,1702,9,23,1725,97,101,67,432,1832,11,1830,1843,13,0,0,,,,,,
2015,7,26,7,UA,1104,N36444,ANC,DEN,2353,43,50,13,56,307,303,284,2405,740,6,700,746,46,0,0,,0,0,3,43,0
2015,1,19,1,DL,2428,N956AT,TYS,ATL,1849,1849,0,36,1925,71,78,35,152,2000,7,2000,2007,7,0,0,,,,,,
2015,7,31,5,UA,376,N455UA,IAH,TPA,1059,1107,8,13,1120,137,133,113,787,1413,7,1416,1420,4,0,0,,,,,,
2015,2,22,7,DL,1857,N366NW,SLC,SEA,825,822,-3,23,845,135,123,93,689,918,7,940,925,-15,0,0,,,,,,
2015,3,5,4,AA,2273,N434AA,DFW,SAT,1830,1911,41,20,1931,66,76,49,247,2020,7,1936,2027,51,0,0,,10,0,39,2,0
2015,9,3,4,EV,4965,N755EV,HPN,ATL,1230,1303,33,24,1327,142,135,101,780,1508,10,1452,1518,26,0,0,,0,0,0,26,0
2015,9,27,7,AA,2240,N3BCAA,MIA,LGA,1655,1658,3,22,1720,177,173,144,1096,1944,7,1952,1951,-1,0,0,,,,,,
2015,2,26,4,US,695,N550UW,CLT,PHX,1425,1421,-4,11,1432,280,276,259,1773,1651,6,1705,1657,-8,0,0,,,,,,
2015,9,7,1,AA,1350,N640AA,STT,MIA,810,757,-13,9,806,174,158,144,1107,1030,5,1104,1035,-29,0,0,,,,,,
2015,1,15,4,WN,3479,N606SW,PHX,PDX,1610,1618,8,20,1638,170,186,161,1009,1819,5,1800,1824,24,0,0,,16,0,5,3,0
2015,11,20,5,B6,698,N665JB,MCO,LGA,1923,1923,0,33,1956,156,159,117,950,2153,9,2159,2202,3,0,0,,,,,,
2015,5,19,2,WN,956,N459WN,RSW,BWI,1340,1340,0,9,1349,155,136,120,919,1549,7,1615,1556,-19,0,0,,,,,,
2015,3,29,7,DL,965,N655DL,SLC,MSP,831,825,-6,17,842,148,149,129,991,1151,3,1159,1154,-5,0,0,,,,,,
2015,6,5,5,WN,4464,N922WN,HOU,STL,605,601,-4,7,608,115,111,99,687,747,5,800,752,-8,0,0,,,,,,
2015,11,5,4,UA,1232,N33284,LAX,HNL,1833,1943,70,11,1954,362,339,321,2556,2315,7,2235,2322,47,0,0,,0,0,13,34,0
2015,2,4,3,HA,132,N476HA,OGG,ITO,927,917,-10,13,930,37,42,24,121,954,5,1004,959,-5,0,0,,,,,,
2015,7,26,7,WN,278,N697SW,MCO,MKE,905,918,13,7,925,165,162,151,1066,1056,4,1050,1100,10,0,0,,,,,,
2015,10,23,5,DL,2800,N344NW,11433,10721,1345,1345,0,11,1356,114,100,84,632,1520,5,1539,1525,-14,0,0,,,,,,
2015,2,7,6,AS,345,N562AS,OAK,SEA,610,604,-6,20,624,115,120,89,671,753,11,805,804,-1,0,0,,,,,,
2015,10,30,5,EV,4901,N181PQ,10397,10980,1432,1447,15,14,1501,44,36,21,106,1522,1,1516,1523,7,0,0,,,,,,
2015,7,20,1,AS,407,N549AS,SJC,PDX,845,837,-8,11,848,95,95,80,569,1008,4,1020,1012,-8,0,0,,,,,,
2015,11,20,5,AA,1460,N3GRAA,DFW,DCA,1155,1154,-1,11,1205,169,169,137,1192,1522,21,1544,1543,-1,0,0,,,,,,
2015,5,23,6,DL,2048,N970AT,BDL,MSP,1415,1425,10,7,1432,176,166,155,1050,1607,4,1611,1611,0,0,0,,,,,,
2015,1,7,3,DL,1355,N303DQ,EYW,ATL,1215,1211,-4,7,1218,121,108,93,646,1351,8,1416,1359,-17,0,0,,,,,,
2015,4,15,3,MQ,3453,N694MQ,CVG,MIA,605,605,0,31,636,154,171,137,948,853,3,839,856,17,0,0,,17,0,0,0,0
2015,3,17,2,MQ,3376,N654MQ,DFW,FSD,950,948,-2,13,1001,126,129,103,737,1144,13,1156,1157,1,0,0,,,,,,
2015,5,11,1,OO,5181,N969SW,CHS,ORD,959,1001,2,22,1023,144,137,110,760,1113,5,1123,1118,-5,0,0,,,,,,
2015,11,16,1,AA,1243,N3LNAA,ORD,LAX,709,706,-3,10,716,279,273,236,1744,912,27,948,939,-9,0,0,,,,,,
2015,6,8,1,DL,1873,N971DL,MIA,ATL,2025,2100,35,17,2117,123,107,83,594,2240,7,2228,2247,19,0,0,,0,0,0,19,0
2015,10,5,1,AA,2072,N951UW,14100,13495,1845,1958,73,13,2011,196,155,140,1089,2131,2,2101,2133,32,0,0,,0,0,14,18,0
2015,4,29,3,US,673,N656AW,EWR,CLT,1725,1724,-1,12,1736,118,92,77,529,1853,3,1923,1856,-27,0,0,,,,,,
2015,4,11,6,EV,4513,N12167,CLE,ORD,630,625,-5,13,638,88,83,64,315,642,6,658,648,-10,0,0,,,,,,
2015,4,16,4,DL,1356,N319US,SLC,AUS,951,952,1,22,1014,164,175,148,1086,1342,5,1335,1347,12,0,0,,,,,,
2015,3,25,3,UA,1535,N23708,ORD,SNA,1911,1913,2,25,1938,269,258,229,1726,2127,4,2140,2131,-9,0,0,,,,,,
2015,6,28,7,UA,1446,N68822,FLL,EWR,1222,1221,-1,15,1236,195,159,134,1065,1450,10,1537,1500,-37,0,0,,,,,,
2015,10,31,6,DL,690,N960DN,10397,10423,1610,1729,79,22,1751,147,155,130,813,1901,3,1737,1904,87,0,0,,87,0,0,0,0
2015,7,4,6,OO,6435,N740SK,SAT,LAX,605,602,-3,14,616,190,177,156,1211,652,7,715,659,-16,0,0,,,,,,
2015,3,4,3,DL,2449,N906DL,GRR,MSP,1816,1812,-4,10,1822,92,101,74,408,1836,17,1848,1853,5,0,0,,,,,,
2015,3,20,5,WN,873,N783SW,BOS,BWI,800,756,-4,,,95,,,369,,,935,,,0,1,A,,,,,
2015,3,16,1,UA,1652,N77530,PBI,EWR,1435,1503,28,12,1515,170,171,152,1023,1747,7,1725,1754,29,0,0,,1,0,22,6,0
2015,6,18,4,DL,2566,N583NW,SFO,MSP,620,631,11,15,646,220,203,183,1589,1149,5,1200,1154,-6,0,0,,,,,,
2015,9,29,2,EV,4747,N14568,BRO,IAH,1641,1631,-10,15,1646,79,96,57,308,1743,24,1800,1807,7,0,0,,,,,,
2015,3,16,1,WN,1336,N7714B,MDW,AUS,1225,1219,-6,8,1227,160,139,126,972,1433,5,1505,1438,-27,0,0,,,,,,
2015,12,29,2,DL,395,N341NW,SJU,DTW,1545,1540,-5,21,1601,303,273,247,1930,1908,5,1948,1913,-35,0,0,,,,,,
2015,2,2,1,B6,1245,N337JB,BOS,CLT,849,,,,,150,,,728,,,1119,,,0,1,B,,,,,
2015,8,1,6,EV,4338,N14920,CMH,IAH,1500,1454,-6,10,1504,170,163,143,986,1627,10,1650,1637,-13,0,0,,,,,,
2015,6,15,1,B6,827,N274JB,BOS,BWI,1705,1923,138,17,1940,93,86,65,369,2045,4,1838,2049,131,0,0,,121,0,0,10,0
2015,8,10,1,AA,79,N3AJAA,DFW,SLC,2205,2321,76,14,2335,167,152,129,989,44,9,2352,53,61,0,0,,0,0,61,0,0
2015,11,30,1,DL,1478,N847DN,PHL,ATL,1017,1015,-2,39,1054,143,145,100,666,1234,6,1240,1240,0,0,0,,,,,,
2015,8,17,1,MQ,3342,N604MQ,GRI,DFW,1410,1355,-15,5,1400,105,95,78,561,1518,12,1555,1530,-25,0,0,,,,,,
2015,6,12,5,B6,116,N294JB,JFK,SYR,922,917,-5,20,937,78,68,42,209,1019,6,1040,1025,-15,0,0,,,,,,
2015,9,13,7,OO,4458,N913EV,RAP,MSP,1604,1556,-8,27,1623,96,107,72,489,1835,8,1840,1843,3,0,0,,,,,,
2015,12,10,4,AS,73,N793AS,JNU,ANC,737,724,-13,10,734,110,96,81,571,855,5,927,900,-27,0,0,,,,,,
2015,2,14,6,HA,265,N488HA,OGG,HNL,1900,2008,68,9,2017,35,43,28,100,2045,6,1935,2051,76,0,0,,0,0,8,68,0
2015,12,28,1,DL,1262,N153DL,LAX,JFK,2255,2253,-2,30,2323,320,315,271,2475,654,14,715,708,-7,0,0,,,,,,
2015,7,25,6,AS,500,N549AS,SEA,SNA,1220,1216,-4,23,1239,160,168,141,978,1500,4,1500,1504,4,0,0,,,,,,
2015,4,11,6,MQ,3268,N907MQ,ORD,GRR,715,710,-5,12,722,53,45,30,137,852,3,908,855,-13,0,0,,,,,,
2015,1,4,7,EV,4628,N13908,STL,EWR,1538,1852,194,18,1910,142,139,106,872,2156,15,1900,2211,191,0,0,,186,0,0,5,0
2015,11,9,1,WN,1904,N383SW,MCI,DAL,2140,2156,16,6,2202,90,83,66,460,2308,11,2310,2319,9,0,0,,,,,,
2015,7,17,5,WN,3593,N955WN,MCO,PVD,2120,2128,8,6,2134,155,153,141,1072,2355,6,2355,1,6,0,0,,,,,,
2015,10,7,3,OO,5428,N908SW,12255,11292,1016,1008,-8,12,1020,74,86,56,298,1016,18,1030,1034,4,0,0,,,,,,
2015,12,15,2,AS,309,N760AS,SFO,SEA,2025,2025,0,22,2047,130,138,110,679,2237,6,2235,2243,8,0,0,,,,,,
2015,3,1,7,AS,344,N536AS,SEA,OAK,1610,1607,-3,20,1627,118,116,90,671,1757,6,1808,1803,-5,0,0,,,,,,
2015,6,24,3,DL,1461,N331NW,DFW,MSP,805,807,2,14,821,145,138,119,852,1020,5,1030,1025,-5,0,0,,,,,,
2015,3,16,1,DL,1942,N937AT,ATL,EWR,1235,1233,-2,12,1245,140,131,116,746,1441,3,1455,1444,-11,0,0,,,,,,
2015,11,15,7,DL,1435,N368NB,BIL,MSP,1330,1323,-7,9,1332,118,115,104,748,1616,2,1628,1618,-10,0,0,,,,,,
2015,3,9,1,OO,5377,N580SW,LAX,CLD,722,717,-5,26,743,48,59,29,86,812,4,810,816,6,0,0,,,,,,
2015,2,15,7,US,680,N640AW,PHX,DCA,1340,1336,-4,14,1350,248,235,218,1979,1928,3,1948,1931,-17,0,0,,,,,,
2015,12,17,4,OO,6491,N983CA,TUS,DEN,1858,1854,-4,24,1918,130,140,106,639,2104,10,2108,2114,6,0,0,,,,,,
2015,4,23,4,OO,4499,N805SK,SLC,ABQ,1515,1513,-2,10,1523,98,106,89,493,1652,7,1653,1659,6,0,0,,,,,,
2015,10,13,2,OO,5170,N951SW,13930,14783,1937,1959,22,32,2031,93,100,64,438,2135,4,2110,2139,29,0,0,,7,0,16,6,0
2015,10,16,5,AA,1181,N426AA,11298,11267,2025,2019,-6,14,2033,143,137,106,861,2319,17,2348,2336,-12,0,0,,,,,,
2015,8,30,7,EV,4603,N16919,ORF,EWR,625,623,-2,8,631,84,70,55,284,726,7,749,733,-16,0,0,,,,,,
2015,5,13,3,AS,544,N779AS,BLI,SEA,640,630,-10,15,645,40,48,26,93,711,7,720,718,-2,0,0,,,,,,
2015,12,5,6,B6,573,N648JB,EWR,TPA,1241,1305,24,12,1317,176,161,144,997,1541,5,1537,1546,9,0,0,,,,,,
2015,2,26,4,B6,777,N558JB,BOS,LAS,1950,1957,7,22,2019,363,352,319,2381,2238,11,2253,2249,-4,0,0,,,,,,
2015,4,13,1,WN,4113,N287WN,MCO,HOU,1630,1704,34,12,1716,150,134,118,849,1814,4,1800,1818,18,0,0,,0,0,18,0,0
2015,8,19,3,EV,2677,N901EV,TYS,DFW,1629,1738,69,18,1756,135,187,123,772,1859,46,1744,1945,121,0,0,,52,0,54,15,0
2015,5,29,5,NK,878,N629NK,MCO,LBE,1519,1553,34,11,1604,137,133,116,824,1800,6,1736,1806,30,0,0,,23,0,7,0,0
2015,3,6,5,WN,954,N742SW,ATL,LAS,1905,1923,18,19,1942,285,271,248,1747,2050,4,2050,2054,4,0,0,,,,,,
2015,7,28,2,WN,4733,N7818L,BWI,HOU,1905,1905,0,73,2018,200,242,164,1246,2202,5,2125,2207,42,0,0,,42,0,0,0,0
2015,10,11,7,AA,131,N7BVAA,12478,13930,1705,1733,28,35,1808,168,160,110,740,1858,15,1853,1913,20,0,0,,0,0,20,0,0
2015,2,20,5,WN,529,N8329B,RSW,STL,1440,1438,-2,11,1449,165,163,147,979,1616,5,1625,1621,-4,0,0,,,,,,
2015,6,18,4,AA,1178,N3DEAA,BOS,DFW,1616,1745,89,32,1817,259,263,226,1562,2103,5,1935,2108,93,0,0,,40,0,0,53,0
2015,11,13,5,UA,1945,N23708,IAH,EWR,1430,1514,44,23,1537,215,189,154,1400,1911,12,1905,1923,18,0,0,,18,0,0,0,0
2015,9,7,1,OO,6440,N874AS,SBN,ORD,1128,1159,31,7,1206,47,35,20,84,1126,8,1115,1134,19,0,0,,0,0,19,0,0
2015,11,28,6,AA,1284,N3CKAA,MIA,ORD,1520,1516,-4,21,1537,207,221,181,1197,1738,19,1747,1757,10,0,0,,,,,,
2015,11,2,1,WN,2257,N373SW,SFO,LAX,1320,1319,-1,30,1349,85,98,64,337,1453,4,1445,1457,12,0,0,,,,,,
2015,8,24,1,WN,58,N255WN,DAL,LBB,2135,2132,-3,12,2144,65,59,43,293,2227,4,2240,2231,-9,0,0,,,,,,
2015,1,9,5,HA,155,N491HA,OGG,HNL,817,814,-3,5,819,35,36,23,100,842,8,852,850,-2,0,0,,,,,,
2015,8,28,5,DL,2133,N968DL,CLT,ATL,1543,1536,-7,14,1550,77,70,50,226,1640,6,1700,1646,-14,0,0,,,,,,
2015,12,20,7,UA,704,N57857,IAH,SFO,1952,2236,164,16,2252,264,269,244,1635,56,9,2216,105,169,0,0,,142,0,0,27,0
2015,2,11,3,DL,1087,N965DN,ATL,DAB,1205,1201,-4,13,1214,78,71,55,366,1309,3,1323,1312,-11,0,0,,,,,,
2015,7,31,5,MQ,3552,N634MQ,IND,ORD,2105,2058,-7,11,2109,71,57,38,177,2047,8,2116,2055,-21,0,0,,,,,,
2015,1,23,5,OO,4479,N548CA,SLC,DEN,1059,1056,-3,13,1109,86,81,63,391,1212,5,1225,1217,-8,0,0,,,,,,
2015,4,21,2,B6,1233,N239JB,MCO,SJU,1730,1740,10,18,1758,163,158,137,1189,2015,3,2013,2018,5,0,0,,,,,,
2015,7,6,1,WN,540,N455WN,LAS,MCI,600,558,-2,10,608,160,152,139,1139,1027,3,1040,1030,-10,0,0,,,,,,
2015,12,20,7,WN,621,N7740A,FLL,BWI,855,851,-4,12,903,150,145,128,925,1111,5,1125,1116,-9,0,0,,,,,,
2015,11,20,5,B6,1808,N216JB,IAD,JFK,2015,2014,-1,13,2027,81,64,46,228,2113,5,2136,2118,-18,0,0,,,,,,
2015,3,26,4,WN,641,N240WN,SJC,SNA,1530,1612,42,8,1620,75,70,58,342,1718,4,1645,1722,37,0,0,,0,0,37,0,0
2015,7,12,7,WN,3398,N279WN,PIT,MDW,1820,1906,46,8,1914,85,84,66,402,1920,10,1845,1930,45,0,0,,0,0,1,44,0
2015,11,23,1,WN,495,N213WN,OAK,MDW,1450,1456,6,6,1502,245,231,218,1844,2040,7,2055,2047,-8,0,0,,,,,,
2015,6,30,2,UA,1528,N68836,LAS,SFO,1745,2149,244,11,2200,96,86,61,414,2301,14,1921,2315,234,0,0,,0,0,19,215,0
2015,7,11,6,MQ,3531,N827MQ,ORF,LGA,855,852,-3,26,918,82,91,56,296,1014,9,1017,1023,6,0,0,,,,,,
2015,1,26,1,B6,402,N794JB,FLL,JFK,1820,,,,,168,,,1069,,,2108,,,0,1,B,,,,,
2015,9,20,7,MQ,3328,N656MQ,MIA,CLE,920,916,-4,14,930,178,166,149,1080,1159,3,1218,1202,-16,0,0,,,,,,
2015,6,14,7,EV,5422,N678CA,BMI,ATL,605,557,-8,9,606,96,92,76,533,822,7,841,829,-12,0,0,,,,,,
2015,10,21,3,B6,71,N665JB,12478,14869,1954,2001,7,16,2017,314,296,278,1990,2255,2,2308,2257,-11,0,0,,,,,,
2015,6,27,6,AA,299,N3DTAA,FLL,DFW,1837,1835,-2,11,1846,188,164,144,1119,2010,9,2045,2019,-26,0,0,,,,,,
2015,9,11,5,AA,1442,N566AA,STL,DFW,755,755,0,13,808,120,111,89,550,937,9,955,946,-9,0,0,,,,,,
2015,9,29,2,AS,6,N529AS,LAX,DCA,1255,1246,-9,14,1300,302,289,270,2311,2030,5,2057,2035,-22,0,0,,,,,,
2015,7,13,1,DL,2596,N337NB,ATL,CHS,1642,1639,-3,12,1651,75,56,40,259,1731,4,1757,1735,-22,0,0,,,,,,
2015,11,30,1,AA,1884,N725UW,JAX,PHL,635,632,-3,10,642,133,115,98,742,820,7,848,827,-21,0,0,,,,,,
2015,10,9,5,MQ,3087,N631MQ,13290,11298,1100,1100,0,10,1110,99,79,64,431,1214,5,1239,1219,-20,0,0,,,,,,
2015,4,22,3,DL,1351,N921DL,MIA,LGA,1100,1054,-6,24,1118,179,175,144,1096,1342,7,1359,1349,-10,0,0,,,,,,
2015,4,18,6,MQ,3423,N640MQ,TYR,DFW,529,518,-11,17,535,51,59,28,102,603,14,620,617,-3,0,0,,,,,,
2015,1,5,1,DL,1997,N336NB,DEN,LGA,1559,1629,30,20,1649,216,200,173,1620,2142,7,2135,2149,14,0,0,,,,,,
2015,4,14,2,OO,4698,N633SK,SJC,LAX,1638,1714,36,14,1728,82,76,51,308,1819,11,1800,1830,30,0,0,,0,0,0,30,0
2015,5,23,6,AA,1301,N3ESAA,EWR,MIA,550,550,0,14,604,182,164,144,1085,828,6,852,834,-18,0,0,,,,,,
2015,8,17,1,DL,1782,N351NB,MSO,MSP,545,538,-7,16,554,153,146,126,1013,900,4,918,904,-14,0,0,,,,,,
2015,7,15,3,DL,2463,N943DL,ICT,ATL,1059,1056,-3,11,1107,136,120,101,782,1348,8,1415,1356,-19,0,0,,,,,,
2015,2,26,4,DL,159,N334NB,BOS,DTW,1225,1330,65,21,1351,132,133,102,632,1533,10,1437,1543,66,0,0,,1,0,0,65,0
2015,3,25,3,MQ,3323,N650MQ,ORD,CMI,1905,1922,17,25,1947,49,57,27,135,2014,5,1954,2019,25,0,0,,8,0,11,6,0
2015,5,3,7,WN,1277,N798SW,HOU,FLL,1045,1045,0,4,1049,140,127,119,957,1348,4,1405,1352,-13,0,0,,,,,,
2015,9,3,4,WN,2302,N446WN,MSY,HOU,1040,1032,-8,6,1038,70,59,50,302,1128,3,1150,1131,-19,0,0,,,,,,
2015,6,1,1,WN,4027,N7723E,PHX,ATL,1505,1607,62,9,1616,210,212,193,1587,2229,10,2135,2239,64,0,0,,2,0,8,54,0
2015,3,19,4,WN,547,N8617E,LAX,STL,1300,1258,-2,18,1316,210,202,181,1592,1817,3,1830,1820,-10,0,0,,,,,,
2015,12,14,1,DL,2415,N934DL,ATL,EWR,2200,2158,-2,15,2213,128,120,101,746,2354,4,8,2358,-10,0,0,,,,,,
2015,7,7,2,NK,706,N607NK,DTW,LAX,2030,2046,16,17,2103,285,289,262,1979,2225,10,2215,2235,20,0,0,,4,0,16,0,0
2015,10,24,6,WN,767,N419WN,15370,11259,645,648,3,8,656,65,62,47,237,743,7,750,750,0,0,0,,,,,,
2015,12,1,2,DL,2372,N717JL,ATL,CHA,1940,1941,1,10,1951,51,44,29,106,2020,5,2031,2025,-6,0,0,,,,,,
2015,1,11,7,OO,5306,N578SW,CLD,LAX,2035,,,,,46,,,86,,,2121,,,0,1,A,,,,,
2015,5,7,4,OO,7380,N915EV,SLC,CDC,1700,2002,182,16,2018,50,58,38,221,2056,4,1750,2100,190,0,0,,8,0,163,19,0
2015,12,10,4,AA,2053,N194UW,TPA,PHL,1420,1436,16,9,1445,153,142,129,920,1654,4,1653,1658,5,0,0,,,,,,
2015,11,2,1,EV,4726,N11565,ORD,CAK,2052,2100,8,15,2115,83,69,49,343,2304,5,2315,2309,-6,0,0,,,,,,
2015,4,25,6,WN,2665,N963WN,ABQ,MDW,1535,1540,5,17,1557,160,162,139,1121,1916,6,1915,1922,7,0,0,,,,,,
2015,1,12,1,EV,6156,N14171,DEN,MSN,1510,1623,73,13,1636,130,130,108,826,1924,9,1820,1933,73,0,0,,0,0,0,73,0
2015,11,21,6,OO,5309,N976SW,SGU,DEN,1332,1331,-1,19,1350,95,94,70,517,1500,5,1507,1505,-2,0,0,,,,,,
2015,8,13,4,EV,5680,N11127,EWR,STL,900,922,22,32,954,166,158,120,872,1054,6,1046,1100,14,0,0,,,,,,
2015,7,2,4,AA,1042,N3GGAA,SAN,MIA,2210,2205,-5,33,2238,293,310,273,2267,611,4,603,615,12,0,0,,,,,,
2015,3,16,1,WN,823,N716SW,IAD,MDW,1715,1725,10,13,1738,120,114,95,577,1813,6,1815,1819,4,0,0,,,,,,
2015,5,10,7,OO,5531,N744SK,ICT,DEN,1730,1726,-4,10,1736,92,82,68,420,1744,4,1802,1748,-14,0,0,,,,,,
2015,9,26,6,EV,2719,N675AE,DFW,BRO,900,854,-6,25,919,101,98,69,482,1028,4,1041,1032,-9,0,0,,,,,,
2015,8,7,5,DL,128,N330NW,SEA,LAX,1630,1630,0,16,1646,165,162,128,954,1854,18,1915,1912,-3,0,0,,,,,,
2015,10,23,5,OO,6454,N963SW,14570,14771,1344,1334,-10,15,1349,70,66,47,192,1436,4,1454,1440,-14,0,0,,,,,,
2015,11,4,3,DL,1858,N351NW,AUS,ATL,1221,1223,2,11,1234,128,123,101,813,1515,11,1529,1526,-3,0,0,,,,,,
2015,11,19,4,WN,142,N210WN,MDW,MCO,2040,2038,-2,12,2050,155,143,127,990,2357,4,15,1,-14,0,0,,,,,,
2015,8,13,4,AA,1649,N4UCAA,DFW,DAY,1515,1512,-3,26,1538,145,138,109,861,1827,3,1840,1830,-10,0,0,,,,,,
2015,5,3,7,AA,1186,N021AA,DFW,ATL,1830,1825,-5,15,1840,137,129,108,731,2128,6,2147,2134,-13,0,0,,,,,,
2015,2,27,5,UA,240,N487UA,EWR,MCO,2048,2233,105,15,2248,176,166,146,937,114,5,2344,119,95,0,0,,0,0,7,88,0
2015,11,15,7,OO,5455,N980SW,ORD,MKE,1757,1751,-6,23,1814,49,51,19,67,1833,9,1846,1842,-4,0,0,,,,,,
2015,2,25,3,UA,678,N814UA,SFO,DFW,1305,1258,-7,17,1315,215,201,174,1464,1809,10,1840,1819,-21,0,0,,,,,,
2015,1,13,2,MQ,3633,N649MQ,DFW,GRK,1825,1825,0,13,1838,46,52,36,134,1914,3,1911,1917,6,0,0,,,,,,
2015,2,7,6,DL,1136,N687DL,ATL,RSW,1340,1340,0,11,1351,101,87,71,515,1502,5,1521,1507,-14,0,0,,,,,,
2015,8,17,1,UA,1753,N37409,ORD,SAN,1550,1634,44,24,1658,258,249,220,1723,1838,5,1808,1843,35,0,0,,0,0,0,0,35
2015,7,12,7,EV,6019,N14148,ELM,ORD,701,653,-8,19,712,114,124,91,566,743,14,755,757,2,0,0,,,,,,
2015,2,27,5,EV,5289,N839AS,ATL,TLH,1120,1117,-3,27,1144,66,73,41,223,1225,5,1226,1230,4,0,0,,,,,,
2015,5,27,3,WN,3224,N906WN,SMF,ONT,2225,2258,33,10,2308,75,68,53,390,1,5,2340,6,26,0,0,,0,0,0,26,0
2015,6,15,1,F9,1295,N227FR,DEN,ORD,1000,1212,132,54,1306,140,190,125,888,1611,11,1320,1622,182,0,0,,107,0,0,75,0
2015,4,5,7,NK,878,N515NK,MCO,LBE,1441,1439,-2,14,1453,137,139,121,824,1654,4,1658,1658,0,0,0,,,,,,
2015,12,23,3,UA,584,N37466,LAX,IAD,2222,2224,2,13,2237,288,251,231,2288,528,7,610,535,-35,0,0,,,,,,
2015,6,17,3,B6,1968,N656JB,PBI,HPN,1739,1739,0,11,1750,170,160,144,1056,2014,5,2029,2019,-10,0,0,,,,,,
2015,4,9,4,DL,1221,N971DL,ATL,PIT,1349,1358,9,11,1409,106,87,71,526,1520,5,1535,1525,-10,0,0,,,,,,
2015,10,3,6,DL,1553,N332NB,10397,11298,1505,1516,11,11,1527,146,126,107,731,1614,8,1631,1622,-9,0,0,,,,,,
2015,12,8,2,AA,1758,N546UW,PHL,MCO,1005,957,-8,38,1035,174,173,124,861,1239,11,1259,1250,-9,0,0,,,,,,
2015,10,6,2,OO,5436,N947SW,11823,13930,700,650,-10,19,709,60,64,37,157,646,8,700,654,-6,0,0,,,,,,
2015,7,17,5,EV,5916,N14923,ORD,MOB,1910,1931,21,52,2023,134,158,101,779,2204,5,2124,2209,45,0,0,,24,0,12,9,0
2015,9,24,4,OO,4661,N426SW,FAT,SLC,1630,1631,1,17,1648,97,99,71,501,1859,11,1907,1910,3,0,0,,,,,,
2015,2,12,4,OO,7404,N823AS,HIB,MSP,719,719,0,23,742,66,71,37,174,819,11,825,830,5,0,0,,,,,,
2015,12,30,3,AA,1897,N561UW,CLT,ATL,2245,2352,67,12,4,71,64,44,226,48,8,2356,56,60,0,0,,0,0,24,36,0
2015,6,6,6,WN,1379,N8640D,FLL,BWI,1805,1824,19,10,1834,160,137,121,925,2035,6,2045,2041,-4,0,0,,,,,,
2015,6,4,4,WN,3924,N515SW,HOU,MSY,800,811,11,8,819,60,61,48,302,907,5,900,912,12,0,0,,,,,,
2015,10,28,3,OO,5414,N925SW,14771,14489,2257,2242,-15,21,2303,98,99,74,462,17,4,35,21,-14,0,0,,,,,,
2015,5,22,5,US,528,N756US,PHX,RNO,2005,2002,-3,14,2016,110,101,85,601,2141,2,2155,2143,-12,0,0,,,,,,
2015,10,22,4,B6,489,N355JB,10721,11278,1023,1037,14,17,1054,90,94,72,399,1206,5,1153,1211,18,0,0,,4,0,0,14,0
2015,4,19,7,AA,1695,N630AA,MCO,MIA,725,722,-3,12,734,63,67,37,192,811,18,828,829,1,0,0,,,,,,
2015,10,28,3,MQ,3335,N822MQ,10469,13930,1433,1535,62,7,1542,60,51,34,122,1516,10,1433,1526,53,0,0,,0,0,0,53,0
2015,11,26,4,F9,1249,N210FR,ORD,SFO,655,724,29,27,751,290,300,266,1846,1017,7,945,1024,39,0,0,,10,0,29,0,0
2015,11,10,2,AA,1396,N4WTAA,DFW,BNA,1840,1834,-6,16,1850,108,97,76,631,2006,5,2028,2011,-17,0,0,,,,,,
2015,10,7,3,DL,2608,N947DL,10397,15919,2101,2107,6,18,2125,121,108,86,589,2151,4,2202,2155,-7,0,0,,,,,,
2015,10,14,3,NK,877,N531NK,10397,11697,1010,1007,-3,23,1030,110,117,88,581,1158,6,1200,1204,4,0,0,,,,,,
2015,7,26,7,UA,1752,N67846,LAX,SFO,1343,1341,-2,18,1359,94,81,52,337,1451,11,1517,1502,-15,0,0,,,,,,
2015,5,30,6,AS,641,N546AS,TUS,SEA,1405,1353,-12,13,1406,181,181,163,1216,1649,5,1706,1654,-12,0,0,,,,,,
2015,3,26,4,DL,1932,N801DZ,LAS,DTW,600,602,2,14,616,234,232,213,1749,1249,5,1254,1254,0,0,0,,,,,,
2015,7,11,6,WN,53,N797MX,MDW,GSP,1815,1829,14,7,1836,95,81,71,562,2047,3,2050,2050,0,0,0,,,,,,
2015,11,25,3,OO,4778,N604SK,SEA,GEG,1445,1439,-6,17,1456,59,65,44,224,1540,4,1544,1544,0,0,0,,,,,,
2015,4,29,3,UA,438,N443UA,LAX,ORD,1657,1648,-9,17,1705,253,255,229,1744,2254,9,2310,2303,-7,0,0,,,,,,
2015,10,23,5,EV,5096,N751EV,14685,11433,1656,1701,5,12,1713,129,128,107,705,1900,9,1905,1909,4,0,0,,,,,,
2015,7,16,4,WN,460,N8611F,BNA,MCI,1450,1445,-5,7,1452,95,84,73,491,1605,4,1625,1609,-16,0,0,,,,,,
2015,3,2,1,HA,122,N486HA,HNL,ITO,721,715,-6,13,728,50,54,35,216,803,6,811,809,-2,0,0,,,,,,
2015,7,16,4,WN,917,N7736A,MDW,LGA,1305,1323,18,9,1332,130,112,98,725,1610,5,1615,1615,0,0,0,,,,,,
2015,10,24,6,WN,4287,N964WN,10821,10397,1850,1850,0,13,1903,120,106,86,577,2029,7,2050,2036,-14,0,0,,,,,,
2015,6,16,2,B6,1733,N228JB,BTV,JFK,2014,2155,101,11,2206,92,79,63,266,2309,5,2146,2314,88,0,0,,75,0,0,13,0
2015,5,1,5,WN,1245,N921WN,RNO,LAS,2225,2220,-5,8,2228,70,71,59,345,2327,4,2335,2331,-4,0,0,,,,,,
2015,1,9,5,B6,606,N633JB,LGB,SEA,806,804,-2,9,813,164,155,138,965,1031,8,1050,1039,-11,0,0,,,,,,
2015,4,3,5,US,439,N817AW,PHX,SMF,710,707,-3,15,722,121,121,101,647,903,5,911,908,-3,0,0,,,,,,
2015,6,2,2,US,1949,N751UW,PHX,GEG,2010,2001,-9,11,2012,163,141,126,1020,2218,4,2253,2222,-31,0,0,,,,,,
2015,9,27,7,EV,4302,N14920,LGA,CLE,1307,1251,-16,16,1307,110,85,63,419,1410,6,1457,1416,-41,0,0,,,,,,
2015,6,5,5,WN,3033,N713SW,CAK,DEN,530,525,-5,8,533,205,181,168,1224,621,5,655,626,-29,0,0,,,,,,
2015,7,23,4,DL,1218,N3745B,DTW,DCA,734,730,-4,15,745,85,80,63,405,848,2,859,850,-9,0,0,,,,,,
2015,9,14,1,OO,5221,N130SY,OKC,ORD,704,822,78,14,836,126,113,93,693,1009,6,910,1015,65,0,0,,0,0,0,0,65
2015,12,14,1,OO,4723,N613SK,LGB,SLC,1822,1819,-3,11,1830,109,103,84,588,2054,8,2111,2102,-9,0,0,,,,,,
2015,9,1,2,UA,575,N833UA,CLE,ORD,1610,1619,9,28,1647,90,83,50,315,1637,5,1640,1642,2,0,0,,,,,,
2015,12,7,1,DL,2246,N582NW,HNL,SEA,2225,2223,-2,22,2245,348,323,294,2677,539,7,613,546,-27,0,0,,,,,,
2015,6,23,2,HA,183,N485HA,HNL,LIH,1616,1610,-6,8,1618,38,30,18,102,1636,4,1654,1640,-14,0,0,,,,,,
2015,10,11,7,WN,2071,N424WN,14831,13232,1450,1513,23,10,1523,250,238,224,1838,2107,4,2100,2111,11,0,0,,,,,,
2015,1,24,6,HA,301,N493HA,ITO,HNL,1600,1556,-4,8,1604,52,51,36,216,1640,7,1652,1647,-5,0,0,,,,,,
2015,8,11,2,DL,2369,N591NW,ATL,MCO,1255,1256,1,14,1310,90,82,60,404,1410,8,1425,1418,-7,0,0,,,,,,
2015,4,30,4,EV,3256,N14907,ORD,CAK,1409,1407,-2,20,1427,77,82,56,343,1623,6,1626,1629,3,0,0,,,,,,
2015,10,15,4,EV,4623,N16170,11042,12953,851,942,51,8,950,97,77,64,419,1054,5,1028,1059,31,0,0,,0,0,5,26,0
2015,12,20,7,NK,711,N504NK,MYR,LGA,1423,1422,-1,13,1435,106,99,81,563,1556,5,1609,1601,-8,0,0,,,,,,
2015,1,21,3,F9,902,N954FR,ATL,TTN,600,553,-7,13,606,110,117,96,701,742,8,750,750,0,0,0,,,,,,
2015,10,23,5,EV,5029,N870AS,11433,15096,1530,1528,-2,30,1558,83,93,59,374,1657,4,1653,1701,8,0,0,,,,,,
2015,7,24,5,AS,578,N796AS,PDX,LAX,1435,1432,-3,15,1447,145,150,121,834,1648,14,1700,1702,2,0,0,,,,,,
2015,5,25,1,VX,351,N835VA,BOS,SFO,715,718,3,23,741,400,387,358,2704,1039,6,1055,1045,-10,0,0,,,,,,
2015,12,9,3,DL,1846,N953AT,CLT,DTW,940,937,-3,16,953,110,97,77,500,1110,4,1130,1114,-16,0,0,,,,,,
2015,1,19,1,UA,1031,N17229,IAH,DEN,1543,1547,4,23,1610,158,161,127,862,1717,11,1721,1728,7,0,0,,,,,,
2015,8,9,7,OO,5267,N701SK,IAH,JAX,1250,1247,-3,27,1314,134,139,107,817,1601,5,1604,1606,2,0,0,,,,,,
2015,6,4,4,AS,572,N433AS,PDX,SAN,1215,1211,-4,10,1221,141,141,127,933,1428,4,1436,1432,-4,0,0,,,,,,
2015,11,14,6,WN,3546,N438WN,STL,DEN,1400,1357,-3,6,1403,140,124,109,770,1452,9,1520,1501,-19,0,0,,,,,,
2015,8,5,3,AA,433,N912UY,JFK,PHX,650,647,-3,27,714,324,339,300,2153,914,12,914,926,12,0,0,,,,,,
2015,10,6,2,B6,1295,N635JB,12478,10423,2116,2116,0,18,2134,240,219,197,1521,2351,4,16,2355,-21,0,0,,,,,,
2015,5,20,3,AS,40,N799AS,ADQ,ANC,1715,1803,48,12,1815,50,51,36,253,1851,3,1805,1854,49,0,0,,1,0,0,48,0
2015,5,22,5,HA,336,N488HA,HNL,OGG,1434,1440,6,10,1450,39,42,24,100,1514,8,1513,1522,9,0,0,,,,,,
2015,12,10,4,F9,291,N934FR,TPA,DEN,2005,2004,-1,14,2018,250,261,231,1506,2209,16,2215,2225,10,0,0,,,,,,
2015,1,6,2,OO,4511,N629BR,GRB,MSP,1730,1724,-6,13,1737,71,82,61,252,1838,8,1841,1846,5,0,0,,,,,,
2015,5,2,6,US,599,N814AW,MCI,PHX,1450,1450,0,12,1502,167,159,143,1044,1525,4,1537,1529,-8,0,0,,,,,,
2015,3,9,1,AA,2435,N3BSAA,DFW,PHX,2020,2020,0,18,2038,159,141,117,868,2035,6,2059,2041,-18,0,0,,,,,,
2015,6,23,2,WN,208,N770SA,PVD,MCO,1530,1553,23,7,1600,175,,,1072,1956,53,1825,2049,,1,0,,,,,,
2015,1,25,7,EV,3262,N16919,TYR,IAH,700,655,-5,10,705,63,58,39,163,744,9,803,753,-10,0,0,,,,,,
2015,6,4,4,WN,4989,N637SW,ATL,IND,1530,1527,-3,15,1542,100,92,71,432,1653,6,1710,1659,-11,0,0,,,,,,
2015,11,25,3,WN,193,N655WN,BWI,MSY,1615,1653,38,6,1659,180,142,133,998,1812,3,1815,1815,0,0,0,,,,,,
2015,10,31,6,MQ,3080,N516MQ,14122,13930,1825,1818,-7,8,1826,97,89,75,413,1841,6,1902,1847,-15,0,0,,,,,,
2015,5,29,5,AS,518,N618AS,SEA,SNA,1945,1937,-8,15,1952,148,163,142,978,2214,6,2213,2220,7,0,0,,,,,,
2015,5,19,2,MQ,3452,N655MQ,AEX,DFW,630,625,-5,26,651,75,98,63,285,754,9,745,803,18,0,0,,18,0,0,0,0
2015,2,19,4,WN,4972,N617SW,SLC,PHX,1440,1509,29,21,1530,95,104,77,507,1647,6,1615,1653,38,0,0,,9,0,18,11,0
2015,6,19,5,AA,2214,N438AA,DFW,ABQ,905,903,-2,16,919,114,100,78,569,937,6,959,943,-16,0,0,,,,,,
2015,4,11,6,AS,828,N508AS,OGG,SAN,1520,1529,9,13,1542,320,302,286,2541,2328,3,2340,2331,-9,0,0,,,,,,
2015,11,18,3,WN,584,N515SW,HOU,HRL,1305,1318,13,11,1329,65,55,41,277,1410,3,1410,1413,3,0,0,,,,,,
2015,11,13,5,AA,489,N805AW,PHX,PIT,955,950,-5,37,1027,242,235,194,1814,1541,4,1557,1545,-12,0,0,,,,,,
2015,4,23,4,HA,239,N489HA,HNL,LIH,1706,1707,1,10,1717,37,38,24,102,1741,4,1743,1745,2,0,0,,,,,,
2015,2,2,1,MQ,3250,N612MQ,CMH,ORD,954,,,,,91,,,296,,,1025,,,0,1,B,,,,,
2015,11,30,1,DL,2781,N988AT,SFO,LAX,2100,2400,180,12,12,90,76,51,337,103,13,2230,116,166,0,0,,0,0,0,166,0
2015,10,8,4,OO,5645,N702BR,14689,14771,1751,1744,-7,18,1802,65,78,47,262,1849,13,1856,1902,6,0,0,,,,,,
2015,7,14,2,B6,23,N942JB,JFK,LAX,630,630,0,25,655,355,365,329,2475,924,11,925,935,10,0,0,,,,,,
2015,3,30,1,AA,1581,N3LRAA,DFW,BDL,1220,1320,60,16,1336,216,190,171,1471,1727,3,1656,1730,34,0,0,,0,0,10,24,0
2015,9,16,3,WN,3043,N451WN,LAX,PHX,1300,,,,,80,,,370,,,1420,,,0,1,A,,,,,
2015,3,22,7,WN,1456,N619SW,MCO,PVD,1640,1708,28,9,1717,155,155,141,1072,1938,5,1915,1943,28,0,0,,0,0,5,23,0
2015,8,2,7,WN,895,N8622A,MCO,MDW,1915,2102,107,7,2109,175,155,142,990,2231,6,2110,2237,87,0,0,,84,0,0,3,0
2015,8,26,3,WN,2028,N904WN,MDW,LAX,530,528,-2,9,537,270,251,224,1750,721,18,800,739,-21,0,0,,,,,,
2015,2,17,2,EV,5931,N13553,JAN,ORD,1446,1520,34,8,1528,133,125,107,677,1715,10,1659,1725,26,0,0,,0,0,0,26,0
2015,2,12,4,DL,2577,N923DL,JFK,FLL,1900,1935,35,67,2042,203,227,153,1069,2315,7,2223,2322,59,0,0,,24,0,35,0,0
2015,9,16,3,WN,128,N611SW,SMF,ONT,1730,1817,47,12,1829,75,80,63,390,1932,5,1845,1937,52,0,0,,30,0,0,22,0
2015,10,19,1,EV,4908,N153PQ,14576,11433,1722,1723,1,27,1750,87,104,69,296,1859,8,1849,1907,18,0,0,,17,0,1,0,0
2015,2,18,3,DL,1801,N921DN,BOS,ATL,1100,1059,-1,23,1122,190,186,141,946,1343,22,1410,1405,-5,0,0,,,,,,
2015,1,28,3,UA,690,N833UA,ORD,LGA,1700,1701,1,17,1718,127,122,101,733,1959,4,2007,2003,-4,0,0,,,,,,
2015,9,14,1,MQ,3404,N670MQ,ORD,SUX,1334,1330,-4,10,1340,101,81,68,436,1448,3,1515,1451,-24,0,0,,,,,,
2015,4,27,1,OO,5568,N903SW,PSP,DEN,1600,1551,-9,10,1601,130,127,113,776,1854,4,1910,1858,-12,0,0,,,,,,
2015,10,6,2,AA,1133,N3JJAA,14262,13930,1115,1106,-9,8,1114,244,214,192,1651,1626,14,1719,1640,-39,0,0,,,,,,
2015,1,8,4,EV,5963,N13914,ORD,SCE,1440,1620,100,51,1711,97,123,68,528,1919,4,1717,1923,126,0,0,,26,0,0,0,100
2015,12,31,4,AA,1524,N4WJAA,SAT,DFW,1710,1658,-12,13,1711,75,75,38,247,1749,24,1825,1813,-12,0,0,,,,,,
2015,1,13,2,EV,4918,N755EV,ATL,AGS,1145,1143,-2,30,1213,47,65,32,143,1245,3,1232,1248,16,0,0,,16,0,0,0,0
2015,7,7,2,UA,1586,N68801,SFO,ORD,630,626,-4,11,637,258,260,215,1846,1212,34,1248,1246,-2,0,0,,,,,,
2015,2,27,5,AA,392,N3MFAA,ORD,LGA,730,757,27,19,816,120,135,92,733,1048,24,1030,1112,42,0,0,,15,0,27,0,0
2015,4,11,6,DL,1556,N994AT,XNA,ATL,1520,1513,-7,11,1524,106,90,75,589,1739,4,1806,1743,-23,0,0,,,,,,
2015,6,3,3,OO,4448,N817SK,MSP,MCI,1010,1005,-5,27,1032,92,146,62,393,1134,57,1142,1231,49,0,0,,49,0,0,0,0
2015,6,2,2,AA,2335,N501AA,ORD,DFW,1325,1322,-3,12,1334,154,127,103,802,1517,12,1559,1529,-30,0,0,,,,,,
2015,3,17,2,OO,6476,N925SW,SFO,MFR,1601,1600,-1,22,1622,79,78,52,329,1714,4,1720,1718,-2,0,0,,,,,,
2015,7,20,1,MQ,3492,N689MQ,MOB,DFW,742,739,-3,8,747,113,103,82,539,909,13,935,922,-13,0,0,,,,,,
2015,7,19,7,WN,4819,N7750A,AUS,PHX,1725,1843,78,8,1851,150,130,114,872,1845,8,1755,1853,58,0,0,,0,0,58,0,0
2015,12,20,7,MQ,3069,N662MQ,ORD,CVG,1510,1511,1,28,1539,75,80,44,264,1723,8,1725,1731,6,0,0,,,,,,
2015,3,16,1,OO,6234,N945SW,ABQ,SFO,958,952,-6,14,1006,167,149,130,896,1116,5,1145,1121,-24,0,0,,,,,,
2015,11,25,3,DL,1779,N902DA,OMA,MSP,1525,1521,-4,10,1531,70,59,42,282,1613,7,1635,1620,-15,0,0,,,,,,
2015,7,12,7,DL,2212,N675DL,ATL,PNS,810,810,0,12,822,64,60,46,271,808,2,814,810,-4,0,0,,,,,,
2015,12,12,6,OO,4670,N783CA,FSD,MSP,1245,1258,13,10,1308,59,46,33,196,1341,3,1344,1344,0,0,0,,,,,,
2015,1,8,4,B6,928,N590JB,MCO,EWR,1520,1515,-5,11,1526,159,145,128,937,1734,6,1759,1740,-19,0,0,,,,,,
2015,3,2,1,B6,1098,N193JB,DCA,BDL,2000,1958,-2,16,2014,80,83,59,313,2113,8,2120,2121,1,0,0,,,,,,
2015,12,9,3,AA,654,N551UW,JFK,PHX,1330,1327,-3,14,1341,339,295,278,2153,1619,3,1709,1622,-47,0,0,,,,,,
2015,12,1,2,WN,471,N703SW,SNA,DEN,1610,1614,4,7,1621,135,127,112,846,1913,8,1925,1921,-4,0,0,,,,,,
2015,12,6,7,MQ,3243,N528MQ,BDL,ORD,1900,1855,-5,11,1906,171,146,120,783,2006,15,2051,2021,-30,0,0,,,,,,
2015,5,19,2,NK,710,N587NK,FLL,LGA,2006,2031,25,11,2042,173,169,151,1076,2313,7,2259,2320,21,0,0,,0,0,21,0,0
2015,3,9,1,UA,1498,N87507,MCO,DEN,806,807,1,15,822,257,244,213,1546,955,16,1023,1011,-12,0,0,,,,,,
2015,1,21,3,OO,6496,N709SK,LAX,COS,1910,1906,-4,12,1918,132,130,111,833,2209,7,2222,2216,-6,0,0,,,,,,
2015,7,30,4,DL,1240,N953DN,ATL,TUS,1143,1142,-1,15,1157,221,202,184,1541,1201,3,1224,1204,-20,0,0,,,,,,
2015,7,15,3,UA,1451,N38443,IAH,FLL,1307,1313,6,10,1323,158,151,135,966,1638,6,1645,1644,-1,0,0,,,,,,
2015,8,10,1,AA,1162,N3BFAA,LGA,DFW,1130,1129,-1,18,1147,231,212,182,1389,1349,12,1421,1401,-20,0,0,,,,,,
2015,5,14,4,AA,1691,N3GLAA,ORD,DEN,2015,2011,-4,15,2026,166,174,147,888,2153,12,2201,2205,4,0,0,,,,,,
2015,7,17,5,EV,6126,N36915,ORD,OMA,1914,1932,18,53,2025,93,123,65,416,2130,5,2047,2135,48,0,0,,30,0,18,0,0
2015,6,11,4,EV,5144,N881AS,ATL,EVV,1001,1025,24,31,1056,85,85,51,350,1047,3,1026,1050,24,0,0,,0,0,23,1,0
2015,2,9,1,EV,5575,N870AS,ILM,ATL,600,555,-5,10,605,95,79,63,377,708,6,735,714,-21,0,0,,,,,,
2015,3,13,5,US,760,N748UW,MIA,CLT,1710,1703,-7,29,1732,139,131,93,650,1905,9,1929,1914,-15,0,0,,,,,,
2015,6,2,2,AA,1033,N3JGAA,DCA,DFW,1025,1021,-4,30,1051,208,191,150,1192,1221,11,1253,1232,-21,0,0,,,,,,
2015,10,21,3,AA,1273,N876AA,14107,11298,1635,1635,0,15,1650,144,147,117,868,2047,15,2059,2102,3,0,0,,,,,,
2015,4,13,1,UA,1536,N37427,IAH,PHX,910,927,17,33,1000,176,173,135,1009,1015,5,1006,1020,14,0,0,,,,,,
2015,9,20,7,DL,2830,N530US,MCO,ATL,1930,1929,-1,27,1956,102,114,60,404,2056,27,2112,2123,11,0,0,,,,,,
2015,4,30,4,DL,1997,N3760C,ATL,SAN,1930,1929,-1,18,1947,292,253,231,1892,2038,4,2122,2042,-40,0,0,,,,,,
2015,7,22,3,UA,1481,N32404,ORD,LAX,2051,2049,-2,27,2116,270,279,230,1744,2306,22,2321,2328,7,0,0,,,,,,
2015,2,20,5,OO,2705,N906SW,PHX,PSP,2055,2053,-2,12,2105,64,64,47,261,2052,5,2059,2057,-2,0,0,,,,,,
2015,1,19,1,EV,4582,N10575,IAH,GPT,1915,1917,2,15,1932,74,74,52,376,2024,7,2029,2031,2,0,0,,,,,,
2015,6,19,5,WN,4158,N461WN,PHX,OAK,2045,2246,121,9,2255,115,102,88,646,23,5,2240,28,108,0,0,,0,0,17,91,0
2015,4,24,5,OO,5536,N925SW,DEN,MLI,955,952,-3,21,1013,122,118,90,752,1243,7,1257,1250,-7,0,0,,,,,,
2015,9,22,2,AA,1964,N716UW,CLT,MCI,1135,1126,-9,26,1152,148,153,120,808,1252,7,1303,1259,-4,0,0,,,,,,
2015,4,4,6,NK,103,N605NK,BOS,MYR,510,500,-10,17,517,130,137,115,738,712,5,720,717,-3,0,0,,,,,,
2015,1,28,3,UA,201,N768UA,HNL,GUM,1450,1459,9,49,1548,470,489,436,3801,1904,4,1840,1908,28,0,0,,19,0,9,0,0
2015,4,29,3,WN,4186,N422WN,LAS,SFO,1040,1038,-2,10,1048,100,83,66,414,1154,7,1220,1201,-19,0,0,,,,,,
2015,8,1,6,MQ,3256,N808MQ,AZO,ORD,613,608,-5,10,618,50,43,27,122,545,6,603,551,-12,0,0,,,,,,
2015,2,4,3,WN,1121,N354SW,SFO,SAN,950,949,-1,11,1000,85,82,69,447,1109,2,1115,1111,-4,0,0,,,,,,
2015,6,24,3,UA,1603,N72405,SEA,ORD,2251,2253,2,9,2302,229,214,194,1721,416,11,440,427,-13,0,0,,,,,,
2015,7,2,4,UA,1143,N68842,IAH,SMF,2138,2233,55,10,2243,237,206,190,1609,2353,6,2335,2359,24,0,0,,0,0,5,19,0
2015,1,30,5,AS,109,N644AS,SEA,ANC,1840,1845,5,18,1903,227,229,207,1448,2130,4,2127,2134,7,0,0,,,,,,
2015,1,3,6,WN,1659,N740SW,HOU,ATL,2020,2043,23,12,2055,110,102,82,696,2317,8,2310,2325,15,0,0,,0,0,0,15,0
2015,11,12,4,EV,4572,N11535,GSP,EWR,2108,2201,53,26,2227,112,123,86,594,2353,11,2300,4,64,0,0,,11,0,6,47,0
2015,11,9,1,DL,1198,N690DL,RIC,ATL,1917,1917,0,18,1935,113,111,85,481,2100,8,2110,2108,-2,0,0,,,,,,
2015,11,22,7,NK,878,N613NK,MCO,LBE,1455,1539,44,14,1553,135,114,96,824,1729,4,1710,1733,23,0,0,,0,0,0,23,0
2015,6,4,4,WN,3564,N254WN,BWI,ROC,2230,2250,20,19,2309,70,68,43,277,2352,6,2340,2358,18,0,0,,0,0,0,18,0
2015,1,13,2,MQ,3236,N526MQ,LGA,ATL,1910,1907,-3,21,1928,157,147,117,762,2125,9,2147,2134,-13,0,0,,,,,,
2015,5,17,7,AS,324,N756AS,SEA,SJC,1215,1210,-5,10,1220,120,121,107,697,1407,4,1415,1411,-4,0,0,,,,,,
2015,3,18,3,OO,6365,N740SK,ORD,MSN,1728,1727,-1,23,1750,55,53,26,108,1816,4,1823,1820,-3,0,0,,,,,,
2015,12,22,2,AA,1496,N027AA,DFW,MTJ,1055,1114,19,13,1127,135,132,115,722,1222,4,1210,1226,16,0,0,,0,0,16,0,0
2015,10,30,5,MQ,3054,N698MQ,11298,13422,2020,,,,,102,,,539,,,2202,,,0,1,B,,,,,
2015,2,11,3,EV,4442,N12163,IAH,HOB,1800,1807,7,12,1819,104,98,82,501,1841,4,1844,1845,1,0,0,,,,,,
2015,2,19,4,VX,211,N635VA,ORD,SFO,1620,1616,-4,13,1629,285,285,266,1846,1855,6,1905,1901,-4,0,0,,,,,,
2015,7,14,2,AA,194,N3FXAA,MIA,BWI,1405,1458,53,46,1544,154,193,129,946,1753,18,1639,1811,92,0,0,,92,0,0,0,0
2015,11,25,3,UA,1768,N17245,MCO,IAH,615,608,-7,12,620,155,159,133,854,733,14,750,747,-3,0,0,,,,,,
2015,3,6,5,AA,1662,N574AA,DFW,DAY,2010,2008,-2,16,2024,127,124,100,861,2304,8,2317,2312,-5,0,0,,,,,,
2015,5,26,2,B6,2,N913JB,FLL,JFK,705,720,15,14,734,171,152,133,1069,947,5,956,952,-4,0,0,,,,,,
2015,8,8,6,WN,1387,N799SW,TUS,LAS,1040,1032,-8,8,1040,70,65,53,365,1133,4,1150,1137,-13,0,0,,,,,,
2015,12,22,2,MQ,3532,N9EAMQ,OKC,DFW,656,653,-3,20,713,72,63,37,175,750,6,808,756,-12,0,0,,,,,,
2015,11,17,2,WN,813,N487WN,OAK,BUR,1210,1216,6,10,1226,65,60,48,325,1314,2,1315,1316,1,0,0,,,,,,
2015,10,20,2,DL,2399,N943DL,14524,10397,1425,1420,-5,11,1431,109,93,73,481,1544,9,1614,1553,-21,0,0,,,,,,
2015,6,15,1,UA,1685,N24702,DEN,JAC,1112,1112,0,11,1123,82,75,60,406,1223,4,1234,1227,-7,0,0,,,,,,
2015,10,11,7,DL,1755,N333NW,14492,13487,630,629,-1,11,640,173,150,136,980,756,3,823,759,-24,0,0,,,,,,
2015,5,13,3,OO,5651,N134SY,ORD,COS,1019,1018,-1,28,1046,164,173,138,911,1204,7,1203,1211,8,0,0,,,,,,
2015,6,10,3,WN,678,N7741C,IND,TPA,1550,1551,1,12,1603,130,154,123,837,1806,19,1800,1825,25,0,0,,25,0,0,0,0
2015,6,9,2,WN,3337,N387SW,MDW,CMH,1505,1526,21,8,1534,65,56,44,283,1718,4,1710,1722,12,0,0,,,,,,
2015,8,18,2,WN,3115,N217JC,OMA,DEN,1335,1330,-5,9,1339,90,86,71,472,1350,6,1405,1356,-9,0,0,,,,,,
2015,12,22,2,B6,1903,N644JB,JFK,SJU,1300,1259,-1,17,1316,224,222,200,1598,1736,5,1744,1741,-3,0,0,,,,,,
2015,6,4,4,DL,1379,N960AT,ATL,BHM,1110,1109,-1,13,1122,54,47,32,134,1054,2,1104,1056,-8,0,0,,,,,,
2015,12,2,3,AA,1954,N924US,CLT,LGA,2020,2022,2,20,2042,106,101,72,544,2154,9,2206,2203,-3,0,0,,,,,,
2015,9,11,5,DL,14,N806DN,SLC,ATL,950,1021,31,13,1034,225,212,192,1590,1546,7,1535,1553,18,0,0,,0,0,18,0,0
2015,4,5,7,NK,948,N603NK,DFW,ORD,1640,1644,4,11,1655,139,138,102,802,1837,25,1859,1902,3,0,0,,,,,,
2015,3,30,1,AS,328,N618AS,SEA,SJC,1755,1747,-8,12,1759,125,128,112,697,1951,4,2000,1955,-5,0,0,,,,,,
2015,8,2,7,UA,1696,N62884,PHL,ORD,1654,1656,2,15,1711,146,136,99,678,1750,22,1820,1812,-8,0,0,,,,,,
2015,11,15,7,DL,1259,N916DE,ATL,OKC,2100,2055,-5,13,2108,147,130,113,761,2201,4,2227,2205,-22,0,0,,,,,,
2015,9,4,5,OO,5211,N956SW,DEN,COS,1651,1656,5,9,1705,40,29,15,73,1720,5,1731,1725,-6,0,0,,,,,,
2015,10,10,6,AA,818,N963UW,14100,12953,1615,1608,-7,25,1633,64,51,22,96,1655,4,1719,1659,-20,0,0,,,,,,
2015,6,26,5,OO,5205,N139SY,ORD,DCA,1600,1622,22,22,1644,122,116,83,612,1907,11,1902,1918,16,0,0,,0,0,0,16,0
2015,3,21,6,OO,2836,N423SW,ORD,MKE,1510,1511,1,11,1522,41,43,16,67,1538,16,1551,1554,3,0,0,,,,,,
2015,2,27,5,US,412,N809AW,PHX,DTW,1615,1624,9,10,1634,222,207,188,1671,2142,9,2157,2151,-6,0,0,,,,,,
2015,11,12,4,WN,2097,N200WN,PHX,SMF,655,651,-4,9,700,125,109,97,647,737,3,800,740,-20,0,0,,,,,,
2015,9,29,2,AA,2469,N351AA,DFW,LAX,1015,1014,-1,13,1027,203,180,163,1235,1110,4,1138,1114,-24,0,0,,,,,,
2015,8,23,7,DL,1178,N954DN,RIC,ATL,1644,1651,7,21,1712,106,99,70,481,1822,8,1830,1830,0,0,0,,,,,,
2015,2,12,4,MQ,3196,N656MQ,ORD,TUL,1450,1448,-2,19,1507,117,109,86,585,1633,4,1647,1637,-10,0,0,,,,,,
2015,1,20,2,WN,2513,N8641B,BWI,RSW,840,837,-3,21,858,175,172,146,919,1124,5,1135,1129,-6,0,0,,,,,,
2015,11,12,4,AA,705,N916US,CLT,LAX,1645,1650,5,23,1713,329,328,285,2125,1858,20,1914,1918,4,0,0,,,,,,
2015,4,22,3,B6,2020,N351JB,FLL,ORH,1125,1118,-7,14,1132,179,168,149,1211,1401,5,1424,1406,-18,0,0,,,,,,
2015,10,10,6,AA,1733,N180US,12889,11057,920,913,-7,15,928,260,276,246,1916,1634,15,1640,1649,9,0,0,,,,,,
2015,11,12,4,WN,1639,N7739A,HOU,LAS,820,825,5,10,835,200,193,178,1235,933,5,940,938,-2,0,0,,,,,,
2015,6,6,6,DL,2221,N124DE,MSP,SEA,900,859,-1,15,914,220,223,196,1399,1030,12,1040,1042,2,0,0,,,,,,
2015,4,26,7,WN,3798,N259WN,RDU,MCO,630,630,0,20,650,100,109,79,534,809,10,810,819,9,0,0,,,,,,
2015,10,7,3,WN,2930,N256WN,14100,15016,1640,1647,7,12,1659,160,131,116,814,1755,3,1820,1758,-22,0,0,,,,,,
2015,10,23,5,WN,267,N412WN,13891,14831,1310,1315,5,6,1321,65,61,51,333,1412,4,1415,1416,1,0,0,,,,,,
2015,7,27,1,WN,5703,N947WN,MCO,OMA,1950,2034,44,10,2044,185,168,155,1211,2219,3,2155,2222,27,0,0,,0,0,0,27,0
2015,3,27,5,OO,5613,N124SY,ORD,ATL,915,926,11,25,951,118,124,91,606,1222,8,1213,1230,17,0,0,,6,0,11,0,0
2015,7,1,3,WN,4189,N385SW,BWI,TPA,1120,1124,4,11,1135,140,132,117,842,1332,4,1340,1336,-4,0,0,,,,,,
2015,9,22,2,UA,1694,N39415,BOS,IAD,1437,1442,5,29,1511,103,106,71,413,1622,6,1620,1628,8,0,0,,,,,,
2015,5,18,1,DL,1350,N944DL,ATL,CHS,935,929,-6,16,945,68,64,41,259,1026,7,1043,1033,-10,0,0,,,,,,
2015,1,28,3,MQ,2950,N660MQ,ORD,RST,1145,1145,0,25,1210,68,84,56,268,1306,3,1253,1309,16,0,0,,16,0,0,0,0
2015,2,2,1,UA,1743,N27421,LAX,SFO,1725,1722,-3,18,1740,89,86,62,337,1842,6,1854,1848,-6,0,0,,,,,,
2015,2,24,2,HA,325,N484HA,OGG,HNL,1700,1656,-4,4,1700,35,32,21,100,1721,7,1735,1728,-7,0,0,,,,,,
2015,12,30,3,DL,2833,N370NB,BOS,DTW,1435,1455,20,11,1506,140,129,113,632,1659,5,1655,1704,9,0,0,,,,,,
2015,4,11,6,AS,730,N403AS,SEA,IAH,1015,1018,3,21,1039,246,249,219,1874,1618,9,1621,1627,6,0,0,,,,,,
2015,5,3,7,US,565,N956UW,DFW,PHL,1050,1202,72,24,1226,204,196,167,1303,1613,5,1514,1618,64,0,0,,0,0,64,0,0
2015,9,17,4,DL,2337,N905DA,DAY,ATL,1810,1804,-6,14,1818,115,93,70,432,1928,9,2005,1937,-28,0,0,,,,,,
2015,7,18,6,DL,1940,N936DL,IAH,ATL,810,807,-3,11,818,125,110,93,689,1051,6,1115,1057,-18,0,0,,,,,,
2015,7,24,5,DL,1867,N978AT,TUL,ATL,605,600,-5,17,617,118,118,95,674,852,6,903,858,-5,0,0,,,,,,
2015,7,23,4,HA,177,N475HA,KOA,HNL,1155,1150,-5,8,1158,44,42,29,163,1227,5,1239,1232,-7,0,0,,,,,,
2015,4,23,4,DL,2225,N915DE,PVD,ATL,1223,1221,-2,8,1229,167,152,139,903,1448,5,1510,1453,-17,0,0,,,,,,
2015,4,29,3,US,565,N705UW,DFW,PHL,1050,1047,-3,14,1101,203,190,168,1303,1449,8,1513,1457,-16,0,0,,,,,,
2015,1,3,6,WN,1754,N438WN,ATL,DCA,1110,1126,16,23,1149,105,102,76,547,1305,3,1255,1308,13,0,0,,,,,,
2015,5,11,1,AS,502,N593AS,SEA,SNA,905,858,-7,11,909,154,158,139,978,1128,8,1139,1136,-3,0,0,,,,,,
2015,12,12,6,WN,2662,N370SW,SFO,SAN,1945,1938,-7,8,1946,85,73,61,447,2047,4,2110,2051,-19,0,0,,,,,,
2015,4,8,3,AA,1094,N3GGAA,SEA,DFW,510,514,4,11,525,235,226,202,1660,1047,13,1105,1100,-5,0,0,,,,,,
2015,5,20,3,WN,4126,N417WN,MDW,DEN,1805,1816,11,11,1827,155,159,143,895,1950,5,1940,1955,15,0,0,,4,0,9,2,0
2015,11,28,6,DL,1719,N832DN,DTW,LAX,1205,1202,-3,16,1218,305,315,295,1979,1413,4,1410,1417,7,0,0,,,,,,
2015,12,3,4,MQ,3399,N661MQ,CWA,ORD,1818,1831,13,12,1843,86,75,50,213,1933,13,1944,1946,2,0,0,,,,,,
2015,10,2,5,DL,1374,N3735D,14869,13796,1514,1533,19,11,1544,107,104,89,588,1613,4,1601,1617,16,0,0,,0,0,16,0,0
2015,7,6,1,DL,1426,N555NW,ATL,STL,2221,2218,-3,19,2237,102,93,69,484,2246,5,2303,2251,-12,0,0,,,,,,
2015,7,3,5,NK,470,N635NK,SAN,LAS,926,926,0,14,940,71,68,49,258,1029,5,1037,1034,-3,0,0,,,,,,
2015,9,12,6,AA,1357,N3BHAA,MCO,MIA,730,729,-1,20,749,63,72,40,192,829,12,833,841,8,0,0,,,,,,
2015,4,7,2,US,1916,N700UW,CLT,DCA,2215,2223,8,19,2242,74,83,56,331,2338,8,2329,2346,17,0,0,,9,0,8,0,0
2015,3,8,7,MQ,3350,N822MQ,RDU,JFK,600,557,-3,24,621,92,93,65,427,726,4,732,730,-2,0,0,,,,,,
2015,1,9,5,US,2070,N753US,CLT,CLE,2220,2215,-5,13,2228,92,85,64,430,2332,8,2352,2340,-12,0,0,,,,,,
2015,1,16,5,WN,1320,N459WN,STL,LGA,1940,1938,-2,19,1957,140,152,122,888,2259,11,2300,2310,10,0,0,,,,,,
2015,7,27,1,WN,657,N208WN,MCO,AUS,1520,1515,-5,15,1530,155,153,134,994,1644,4,1655,1648,-7,0,0,,,,,,
2015,11,7,6,MQ,3314,N661MQ,MIA,JAX,1440,1440,0,17,1457,76,75,53,335,1550,5,1556,1555,-1,0,0,,,,,,
2015,2,15,7,DL,2284,N357NW,SLC,SMF,1145,1140,-5,17,1157,99,95,74,532,1211,4,1224,1215,-9,0,0,,,,,,
2015,7,31,5,DL,2518,N899AT,ATL,VPS,2219,2250,31,13,2303,73,60,39,250,2242,8,2232,2250,18,0,0,,0,0,18,0,0
2015,6,26,5,UA,899,N492UA,ORD,BOS,943,1034,51,15,1049,145,123,101,867,1330,7,1308,1337,29,0,0,,0,0,3,26,0
2015,4,24,5,AA,1312,N3BFAA,PHX,JFK,1240,1420,100,18,1438,293,263,239,2153,2137,6,2033,2143,70,0,0,,70,0,0,0,0
2015,6,10,3,DL,1746,N593NW,MKE,MSP,919,917,-2,17,934,76,76,55,297,1029,4,1035,1033,-2,0,0,,,,,,
2015,11,7,6,VX,927,N631VA,LAX,SFO,1125,1123,-2,8,1131,75,63,49,337,1220,6,1240,1226,-14,0,0,,,,,,
2015,7,16,4,WN,4084,N560WN,DAL,DCA,2000,2141,101,22,2203,175,169,142,1184,125,5,2355,130,95,0,0,,0,0,23,72,0
2015,7,17,5,DL,751,N348NB,GRR,ATL,1328,1337,9,9,1346,126,107,87,640,1513,11,1534,1524,-10,0,0,,,,,,
2015,4,23,4,B6,205,N583JB,EWR,FLL,1330,1332,2,23,1355,178,,,1065,1829,41,1628,1910,,1,0,,,,,,
2015,10,6,2,AS,697,N708AS,11884,14747,1745,1734,-11,14,1748,63,67,44,224,1832,9,1848,1841,-7,0,0,,,,,,
2015,4,6,1,F9,141,N204FR,DEN,SEA,1629,1649,20,12,1701,171,163,143,1024,1824,8,1820,1832,12,0,0,,,,,,
2015,10,23,5,AA,1856,N193UW,14107,14100,700,701,1,15,716,271,253,231,2075,1407,7,1431,1414,-17,0,0,,,,,,
2015,11,20,5,AA,1821,N837AW,ILM,CLT,1430,1422,-8,14,1436,70,57,38,185,1514,5,1540,1519,-21,0,0,,,,,,
2015,4,22,3,DL,456,N668DN,JFK,LAS,800,759,-1,18,817,352,327,304,2248,1021,5,1052,1026,-26,0,0,,,,,,
2015,3,6,5,B6,136,N760JB,PHX,JFK,2356,45,49,26,111,285,275,244,2153,715,5,641,720,39,0,0,,0,0,6,33,0
2015,1,19,1,AA,2297,N504AA,DFW,AUS,1250,1243,-7,11,1254,57,59,38,190,1332,10,1347,1342,-5,0,0,,,,,,
2015,2,20,5,WN,490,N295WN,SJC,BUR,840,836,-4,9,845,60,57,47,296,932,1,940,933,-7,0,0,,,,,,
2015,3,17,2,EV,2566,N685AE,DFW,SHV,2030,2029,-1,13,2042,56,52,32,190,2114,7,2126,2121,-5,0,0,,,,,,
2015,9,23,3,B6,1001,N179JB,BUF,JFK,2044,2026,-18,12,2038,84,77,61,301,2139,4,2208,2143,-25,0,0,,,,,,
2015,1,5,1,OO,4786,N432SW,MBS,DTW,1030,1023,-7,28,1051,52,60,25,98,1116,7,1122,1123,1,0,0,,,,,,
2015,4,17,5,EV,4435,N12175,LBB,DEN,1414,,,,,91,,,456,,,1445,,,0,1,B,,,,,
2015,7,15,3,EV,4269,N13538,DCA,CLE,1431,1450,19,16,1506,80,82,58,310,1604,8,1551,1612,21,0,0,,2,0,11,8,0
2015,2,3,2,UA,1241,N69835,IAH,SFO,1900,1918,18,24,1942,259,252,224,1635,2126,4,2119,2130,11,0,0,,,,,,
2015,7,24,5,AA,1722,N767UW,CLT,DCA,940,938,-2,17,955,86,75,52,331,1047,6,1106,1053,-13,0,0,,,,,,
2015,6,18,4,WN,1337,N965WN,MDW,LAS,1100,1228,88,19,1247,225,222,199,1521,1406,4,1245,1410,85,0,0,,0,0,66,19,0
2015,5,25,1,B6,1415,N306JB,BOS,BUF,2025,2022,-3,18,2040,87,90,68,395,2148,4,2152,2152,0,0,0,,,,,,
2015,4,8,3,WN,240,N370SW,TPA,ATL,815,814,-1,8,822,90,86,70,406,932,8,945,940,-5,0,0,,,,,,
2015,7,31,5,UA,1681,N69824,RDU,SFO,1846,1838,-8,9,1847,346,320,306,2400,2053,5,2132,2058,-34,0,0,,,,,,
2015,3,4,3,WN,437,N226WN,SJC,SNA,1425,1431,6,9,1440,75,74,61,342,1541,4,1540,1545,5,0,0,,,,,,
2015,10,16,5,AS,306,N769AS,14747,14771,1145,1310,85,21,1331,134,132,106,679,1517,5,1359,1522,83,0,0,,0,0,83,0,0
2015,9,16,3,DL,2143,N328NW,PIT,MSP,1705,1701,-4,28,1729,133,136,102,726,1811,6,1818,1817,-1,0,0,,,,,,
2015,9,4,5,OO,4734,N809SK,SLC,SJC,1114,1205,51,14,1219,123,107,90,584,1249,3,1217,1252,35,0,0,,0,0,21,14,0
2015,2,15,7,WN,1615,N483WN,BWI,ISP,2205,,,,,65,,,220,,,2310,,,0,1,B,,,,,
2015,8,16,7,AA,767,N152UW,CLT,SJU,1310,1354,44,17,1411,229,209,186,1475,1717,6,1659,1723,24,0,0,,0,0,0,24,0
2015,12,16,3,OO,4825,N685BR,CMH,DTW,640,632,-8,18,650,77,71,45,155,735,8,757,743,-14,0,0,,,,,,
2015,10,29,4,AA,1704,N914UY,11057,10529,2209,2206,-3,13,2219,108,96,79,644,2338,4,2357,2342,-15,0,0,,,,,,
2015,9,21,1,OO,6396,N149SY,SFO,DFW,1040,1039,-1,22,1101,215,212,180,1464,1601,10,1615,1611,-4,0,0,,,,,,
2015,10,16,5,DL,669,N552NW,10397,15016,1930,1929,-1,26,1955,106,105,76,484,2011,3,2016,2014,-2,0,0,,,,,,
2015,11,28,6,WN,3412,N7711N,LAS,MCI,1305,1304,-1,10,1314,165,148,120,1139,1714,18,1750,1732,-18,0,0,,,,,,
2015,4,13,1,WN,1628,N930WN,MCI,MCO,1240,1234,-6,6,1240,160,182,166,1072,1626,10,1620,1636,16,0,0,,16,0,0,0,0
2015,3,3,2,WN,4236,N380SW,PHX,LAX,755,755,0,30,825,95,94,57,370,822,7,830,829,-1,0,0,,,,,,
2015,9,20,7,WN,1433,N361SW,DEN,SEA,1445,1449,4,11,1500,170,177,157,1024,1637,9,1635,1646,11,0,0,,,,,,
2015,9,20,7,UA,1578,N17233,LAX,IAH,900,856,-4,18,914,200,190,163,1379,1357,9,1420,1406,-14,0,0,,,,,,
2015,11,20,5,VX,202,N528VA,SFO,ORD,800,758,-2,15,813,255,230,205,1846,1338,10,1415,1348,-27,0,0,,,,,,
2015,8,13,4,B6,1272,N794JB,FLL,LGA,1235,1232,-3,53,1325,175,210,153,1076,1558,4,1530,1602,32,0,0,,32,0,0,0,0
2015,5,29,5,UA,618,N812UA,MSY,IAH,1535,1546,11,19,1605,77,74,50,305,1655,5,1652,1700,8,0,0,,,,,,
2015,1,23,5,AA,2443,N4XJAA,DFW,LAS,2015,2025,10,15,2040,180,164,141,1055,2101,8,2115,2109,-6,0,0,,,,,,
2015,5,18,1,AA,1219,N3LVAA,DCA,ORD,535,530,-5,9,539,132,108,89,612,608,10,647,618,-29,0,0,,,,,,
2015,8,2,7,EV,4530,N13975,OMA,IAH,1420,1427,7,11,1438,138,136,116,781,1634,9,1638,1643,5,0,0,,,,,,
2015,1,4,7,OO,6343,N796SK,SFO,SNA,1559,2004,245,16,2020,89,80,59,372,2119,5,1728,2124,236,0,0,,0,0,236,0,0
2015,5,23,6,WN,2574,N265WN,TUS,LAX,1105,1116,11,6,1122,90,86,69,451,1231,11,1235,1242,7,0,0,,,,,,
2015,8,25,2,DL,676,N6702,STT,JFK,1326,1320,-6,14,1334,247,234,202,1623,1656,18,1733,1714,-19,0,0,,,,,,
2015,5,21,4,WN,1719,N390SW,LAX,TUS,1540,1543,3,12,1555,80,82,64,451,1659,6,1700,1705,5,0,0,,,,,,
2015,8,11,2,AS,311,N402AS,PSP,SFO,640,637,-3,13,650,88,80,61,421,751,6,808,757,-11,0,0,,,,,,
2015,2,20,5,DL,1081,N697DL,ATL,PBI,2005,2033,28,33,2106,110,110,74,545,2220,3,2155,2223,28,0,0,,0,0,28,0,0
2015,10,5,1,OO,4458,N631SK,14869,10713,1345,1340,-5,17,1357,70,66,44,290,1441,5,1455,1446,-9,0,0,,,,,,
2015,8,27,4,OO,4492,N161PQ,LAX,SMF,750,742,-8,16,758,90,86,63,373,901,7,920,908,-12,0,0,,,,,,
2015,6,29,1,UA,373,N422UA,DEN,IAH,600,558,-2,10,608,142,142,120,862,908,12,922,920,-2,0,0,,,,,,
2015,12,2,3,WN,1373,N527SW,OKC,HOU,1210,1203,-7,5,1208,85,76,67,419,1315,4,1335,1319,-16,0,0,,,,,,
2015,5,10,7,DL,2139,N938DL,DCA,ATL,1800,1800,0,38,1838,120,122,75,547,1953,9,2000,2002,2,0,0,,,,,,
2015,8,29,6,F9,223,N910FR,AUS,DEN,1720,1711,-9,11,1722,128,128,108,775,1810,9,1828,1819,-9,0,0,,,,,,
2015,7,6,1,AA,658,N912UY,ATL,CLT,550,553,3,16,609,67,65,43,226,652,6,657,658,1,0,0,,,,,,
2015,8,11,2,AA,2134,N836AW,BOS,DCA,2100,2055,-5,28,2123,94,113,70,399,2233,15,2234,2248,14,0,0,,,,,,
2015,1,18,7,UA,230,N454UA,SFO,IAH,1200,1246,46,28,1314,226,225,192,1635,1826,5,1746,1831,45,0,0,,0,0,45,0,0
2015,7,1,3,WN,4519,N7812G,STL,DCA,2000,2035,35,10,2045,115,110,91,719,2316,9,2255,2325,30,0,0,,20,0,0,10,0
2015,8,19,3,EV,4237,N12195,ORD,JAN,1917,1907,-10,24,1931,127,136,101,677,2112,11,2124,2123,-1,0,0,,,,,,
2015,4,9,4,OO,5571,N912SW,DEN,MOT,1009,1024,15,15,1039,109,114,95,604,1314,4,1258,1318,20,0,0,,5,0,8,7,0
2015,1,27,2,EV,4089,N13538,IAH,GPT,1330,1323,-7,14,1337,74,78,61,376,1438,3,1444,1441,-3,0,0,,,,,,
2015,1,10,6,B6,418,N190JB,JFK,BOS,2055,2054,-1,16,2110,69,56,36,187,2146,4,2204,2150,-14,0,0,,,,,,
2015,3,7,6,DL,1521,N954DL,DAY,ATL,1024,1022,-2,9,1031,96,89,74,432,1145,6,1200,1151,-9,0,0,,,,,,
2015,7,28,2,OO,2951,N821AS,PHX,SBP,1000,1159,119,24,1223,105,101,72,509,1335,5,1145,1340,115,0,0,,0,0,115,0,0
2015,9,9,3,UA,1436,N27205,DEN,SFO,603,559,-4,9,608,156,137,125,967,713,3,739,716,-23,0,0,,,,,,
2015,3,24,2,AS,355,N431AS,SMF,SEA,1135,1131,-4,17,1148,105,121,97,605,1325,7,1320,1332,12,0,0,,,,,,
2015,6,24,3,AA,1120,N3GCAA,PHX,ORD,1020,1016,-4,26,1042,219,229,187,1440,1549,16,1559,1605,6,0,0,,,,,,
2015,3,31,2,MQ,3322,N632MQ,PIA,ORD,1015,1033,18,10,1043,56,47,32,130,1115,5,1111,1120,9,0,0,,,,,,
2015,7,17,5,EV,4270,N11547,DAY,ORD,1927,1921,-6,34,1955,76,138,46,240,1941,58,1943,2039,56,0,0,,56,0,0,0,0
2015,3,27,5,WN,699,N718SW,STL,PHX,1050,1136,46,7,1143,205,176,164,1262,1227,5,1215,1232,17,0,0,,0,0,16,1,0
2015,9,19,6,DL,1123,N618DL,SLC,ATL,710,707,-3,16,723,214,199,176,1590,1219,7,1244,1226,-18,0,0,,,,,,
2015,8,8,6,AA,1261,N505AA,LAX,AUS,1150,1145,-5,25,1210,191,186,157,1242,1647,4,1701,1651,-10,0,0,,,,,,
2015,6,17,3,AS,239,N317AS,SAN,SEA,1950,1947,-3,11,1958,160,163,136,1050,2214,16,2230,2230,0,0,0,,,,,,
2015,10,11,7,WN,2272,N8320J,10821,13232,1715,1821,66,9,1830,125,104,88,611,1858,7,1820,1905,45,0,0,,0,0,39,6,0
2015,2,5,4,OO,5243,N744SK,IAH,AUS,1015,1013,-2,26,1039,56,79,48,140,1127,5,1111,1132,21,0,0,,21,0,0,0,0
2015,5,21,4,EV,4270,N14972,ORD,MEM,1930,1934,4,14,1948,109,96,76,491,2104,6,2119,2110,-9,0,0,,,,,,
2015,10,17,6,WN,4694,N655WN,14057,13198,1035,1031,-4,8,1039,200,192,179,1482,1538,5,1555,1543,-12,0,0,,,,,,
2015,4,13,1,OO,6326,N903SW,SFO,SBA,1840,1837,-3,14,1851,73,65,46,262,1937,5,1953,1942,-11,0,0,,,,,,
2015,4,1,3,DL,1562,N909DE,LGA,RSW,815,812,-3,22,834,205,186,160,1080,1114,4,1140,1118,-22,0,0,,,,,,
2015,6,18,4,AA,1163,N3DVAA,CLT,DFW,1905,1929,24,11,1940,163,159,139,936,2059,9,2048,2108,20,0,0,,0,0,3,17,0
2015,8,15,6,WN,1944,N776WN,RNO,LAX,900,900,0,19,919,85,90,64,391,1023,7,1025,1030,5,0,0,,,,,,
2015,1,18,7,EV,4750,N14143,CLE,ORD,1040,1035,-5,6,1041,96,82,62,315,1043,14,1116,1057,-19,0,0,,,,,,
2015,1,22,4,B6,531,N794JB,SLC,LGB,1843,1850,7,16,1906,106,104,84,588,1930,4,1929,1934,5,0,0,,,,,,
2015,1,21,3,EV,4441,N11194,CLE,DFW,1622,1614,-8,20,1634,198,200,161,1021,1815,19,1840,1834,-6,0,0,,,,,,
2015,3,10,2,OO,4816,N953SW,MSP,CMH,1420,1419,-1,7,1426,115,103,91,626,1657,5,1715,1702,-13,0,0,,,,,,
2015,12,27,7,DL,976,N943AT,DCA,ATL,1600,1616,16,13,1629,124,101,83,547,1752,5,1804,1757,-7,0,0,,,,,,
2015,12,13,7,WN,5904,N7741C,DEN,TUL,950,946,-4,11,957,95,94,79,541,1216,4,1225,1220,-5,0,0,,,,,,
2015,7,18,6,WN,4316,N7730A,MDW,MCI,1415,1453,38,15,1508,80,84,65,405,1613,4,1535,1617,42,0,0,,4,0,10,28,0
2015,5,13,3,EV,3814,N17560,ORD,GSP,710,718,8,15,733,110,101,83,578,956,3,1000,959,-1,0,0,,,,,,
2015,5,12,2,AA,938,N3KGAA,JFK,SJU,2000,2008,8,29,2037,239,226,191,1598,2348,6,2359,2354,-5,0,0,,,,,,
2015,5,29,5,EV,5273,N719EV,LGA,CLE,1205,1201,-4,43,1244,113,114,66,419,1350,5,1358,1355,-3,0,0,,,,,,
2015,12,7,1,WN,206,N623SW,CMH,ATL,1120,1120,0,11,1131,95,87,68,447,1239,8,1255,1247,-8,0,0,,,,,,
2015,9,18,5,WN,1086,N528SW,DAL,MAF,2140,2132,-8,9,2141,70,63,51,319,2232,3,2250,2235,-15,0,0,,,,,,
2015,5,29,5,AA,1377,N3FMAA,DFW,SFO,1545,1552,7,16,1608,236,217,199,1464,1727,2,1741,1729,-12,0,0,,,,,,
2015,11,8,7,DL,2281,N932DN,IND,ATL,1824,1822,-2,23,1845,101,107,69,432,1954,15,2005,2009,4,0,0,,,,,,
2015,8,6,4,EV,2697,N672AE,DFW,BTR,1745,1744,-1,16,1800,84,79,58,383,1858,5,1909,1903,-6,0,0,,,,,,
2015,4,25,6,DL,393,N912DL,ORD,ATL,1330,1349,19,27,1416,121,120,88,606,1644,5,1631,1649,18,0,0,,0,0,14,4,0
2015,8,11,2,UA,1255,N32404,SAN,IAH,1542,1551,9,12,1603,191,184,167,1303,2050,5,2053,2055,2,0,0,,,,,,
2015,7,31,5,AA,1471,N3ABAA,MIA,PHX,2005,2029,24,32,2101,292,280,240,1972,2201,8,2157,2209,12,0,0,,,,,,
2015,10,6,2,WN,2900,N226WN,14683,10821,535,530,-5,10,540,200,191,177,1407,937,4,955,941,-14,0,0,,,,,,
2015,12,8,2,DL,2164,N359NB,MSP,DCA,1924,1921,-3,9,1930,145,129,117,931,2227,3,2249,2230,-19,0,0,,,,,,
2015,6,23,2,UA,1719,N16701,MSP,ORD,1743,1750,7,23,1813,91,87,57,334,1910,7,1914,1917,3,0,0,,,,,,
2015,5,17,7,EV,5568,N872AS,ATL,GSP,2056,2053,-3,17,2110,57,54,34,153,2144,3,2153,2147,-6,0,0,,,,,,
2015,4,19,7,MQ,3498,N847MQ,CHO,LGA,1445,1715,150,6,1721,77,68,55,305,1816,7,1602,1823,141,0,0,,0,0,141,0,0
2015,2,24,2,WN,345,N632SW,DEN,OMA,1610,,,,,80,,,472,,,1830,,,0,1,A,,,,,
2015,11,12,4,OO,2945,N506CA,PHX,GJT,950,1003,13,26,1029,97,89,60,438,1129,3,1127,1132,5,0,0,,,,,,
2015,6,4,4,WN,857,N279WN,TUL,STL,1800,1753,-7,12,1805,70,67,52,351,1857,3,1910,1900,-10,0,0,,,,,,
2015,3,15,7,AS,400,N614AS,PDX,SFO,1310,1311,1,19,1330,104,127,102,550,1512,6,1454,1518,24,0,0,,24,0,0,0,0
2015,6,16,2,OO,4488,N455SW,MSP,FWA,1910,1907,-3,16,1923,95,104,75,488,2138,13,2145,2151,6,0,0,,,,,,
2015,3,14,6,WN,2675,N496WN,DCA,MDW,815,814,-1,8,822,125,113,94,601,856,11,920,907,-13,0,0,,,,,,
2015,1,21,3,EV,5663,N11199,IAH,LBB,1431,1428,-3,15,1443,98,100,78,458,1601,7,1609,1608,-1,0,0,,,,,,
2015,3,18,3,AA,2419,N853AA,DFW,LAX,915,912,-3,20,932,208,186,162,1235,1014,4,1043,1018,-25,0,0,,,,,,
2015,3,12,4,WN,622,N927WN,DAL,AUS,600,555,-5,7,602,55,48,37,189,639,4,655,643,-12,0,0,,,,,,
2015,2,6,5,OO,2692,N468CA,PSP,PHX,1510,1504,-6,18,1522,65,69,44,261,1706,7,1715,1713,-2,0,0,,,,,,
2015,9,18,5,B6,938,N523JB,BQN,JFK,1010,1003,-7,11,1014,229,216,200,1576,1334,5,1359,1339,-20,0,0,,,,,,
2015,11,12,4,AA,1794,N953UW,PHL,BOS,1815,1927,72,9,1936,86,77,62,280,2038,6,1941,2044,63,0,0,,63,0,0,0,0
2015,10,18,7,AS,720,N307AS,14869,14679,805,753,-12,11,804,114,107,92,626,836,4,859,840,-19,0,0,,,,,,
2015,7,25,6,WN,4525,N748SW,GSP,HOU,1740,1736,-4,11,1747,135,134,105,845,1832,18,1855,1850,-5,0,0,,,,,,
2015,7,12,7,UA,1666,N78448,BOS,IAD,1930,1928,-2,30,1958,98,104,69,413,2107,5,2108,2112,4,0,0,,,,,,
2015,1,20,2,WN,4541,N235WN,DEN,LAX,1645,1644,-1,7,1651,160,148,136,862,1807,5,1825,1812,-13,0,0,,,,,,
2015,5,3,7,WN,1084,N433LV,MSY,DEN,925,922,-3,6,928,170,155,142,1062,1050,7,1115,1057,-18,0,0,,,,,,
2015,2,8,7,US,520,N662AW,PHX,BWI,950,947,-3,19,1006,261,250,228,1999,1554,3,1611,1557,-14,0,0,,,,,,
2015,1,10,6,OO,6396,N117SY,BOI,SFO,815,820,5,16,836,115,106,87,522,903,3,910,906,-4,0,0,,,,,,
2015,3,4,3,US,1733,N200UU,CLT,MCO,1820,1834,14,12,1846,102,95,77,468,2003,6,2002,2009,7,0,0,,,,,,
2015,6,12,5,DL,1221,N944DL,OKC,ATL,1555,1553,-2,9,1602,130,145,123,761,1905,13,1905,1918,13,0,0,,,,,,
2015,3,1,7,B6,366,N580JB,LGB,SMF,650,645,-5,16,701,82,75,55,387,756,4,812,800,-12,0,0,,,,,,
2015,1,19,1,UA,1606,N39461,ORD,LAX,1506,1506,0,13,1519,269,269,244,1744,1723,12,1735,1735,0,0,0,,,,,,
2015,9,1,2,OO,4630,N426SW,COS,SLC,825,822,-3,19,841,105,105,79,411,1000,7,1010,1007,-3,0,0,,,,,,
2015,1,31,6,UA,1100,N26208,AUS,SFO,1009,1031,22,11,1042,235,214,198,1504,1200,5,1204,1205,1,0,0,,,,,,
2015,7,13,1,DL,2064,N911DL,SDF,ATL,1826,1833,7,31,1904,99,90,55,321,1959,4,2005,2003,-2,0,0,,,,,,
2015,6,12,5,WN,1565,N8611F,LAS,LAX,1025,1020,-5,11,1031,65,59,39,236,1110,9,1130,1119,-11,0,0,,,,,,
2015,12,16,3,UA,215,N76516,DEN,SEA,800,759,-1,12,811,183,173,154,1024,945,7,1003,952,-11,0,0,,,,,,
2015,1,9,5,UA,1076,N37470,ORD,FLL,1313,1337,24,16,1353,190,170,152,1182,1725,2,1723,1727,4,0,0,,,,,,
2015,12,13,7,B6,395,N571JB,HPN,MCO,1029,1019,-10,14,1033,165,147,125,972,1238,8,1314,1246,-28,0,0,,,,,,
2015,6,20,6,EV,4638,N14143,CVG,EWR,1059,1139,40,12,1151,120,104,82,569,1313,10,1259,1323,24,0,0,,0,0,0,24,0
2015,5,3,7,WN,4634,N418WN,RSW,ATL,1945,1938,-7,11,1949,110,97,77,515,2106,9,2135,2115,-20,0,0,,,,,,
2015,5,4,1,US,492,N111US,PIT,PHL,1815,1814,-1,35,1849,85,101,57,268,1946,9,1940,1955,15,0,0,,15,0,0,0,0
2015,5,23,6,AA,2203,N3KJAA,MIA,LAS,2105,2100,-5,15,2115,327,325,302,2174,2317,8,2332,2325,-7,0,0,,,,,,
2015,9,25,5,WN,638,N747SA,DCA,MDW,1150,1200,10,13,1213,125,104,86,601,1239,5,1255,1244,-11,0,0,,,,,,
2015,8,4,2,AA,436,N152UW,PHX,SFO,2015,2012,-3,16,2028,125,113,93,651,2201,4,2220,2205,-15,0,0,,,,,,
2015,2,27,5,WN,3300,N960WN,BOS,BWI,950,953,3,34,1027,100,108,69,369,1136,5,1130,1141,11,0,0,,,,,,
2015,6,11,4,UA,605,N427UA,ORD,DEN,1025,1039,14,15,1054,155,155,128,888,1202,12,1200,1214,14,0,0,,,,,,
2015,3,9,1,WN,1719,N8601C,DEN,MSP,1020,1020,0,11,1031,120,108,93,680,1304,4,1320,1308,-12,0,0,,,,,,
2015,11,28,6,AA,664,N668AW,EWR,PHX,1630,1626,-4,15,1641,332,329,309,2133,1950,5,2002,1955,-7,0,0,,,,,,
2015,5,6,3,DL,445,N709TW,JFK,BOS,1650,1646,-4,23,1709,93,74,41,187,1750,10,1823,1800,-23,0,0,,,,,,
2015,6,12,5,WN,1445,N796SW,BWI,BDL,1150,1147,-3,11,1158,65,61,44,283,1242,6,1255,1248,-7,0,0,,,,,,
2015,6,21,7,US,2069,N117UW,CLT,IAH,1455,1451,-4,21,1512,158,145,119,912,1611,5,1633,1616,-17,0,0,,,,,,
2015,2,15,7,UA,728,N460UA,LAS,SFO,1419,1412,-7,18,1430,100,86,64,414,1534,4,1559,1538,-21,0,0,,,,,,
2015,4,25,6,EV,5109,N925EV,ATL,TYS,1505,1501,-4,24,1525,48,54,28,152,1553,2,1553,1555,2,0,0,,,,,,
2015,6,26,5,DL,2416,N943DN,ATL,TLH,2310,2309,-1,16,2325,65,56,37,223,2,3,15,5,-10,0,0,,,,,,
2015,7,31,5,DL,1642,N366NW,MSP,BIL,2214,2210,-4,15,2225,131,128,108,748,2313,5,2325,2318,-7,0,0,,,,,,
2015,10,13,2,WN,2872,N7704B,13198,15016,930,931,1,10,941,55,52,39,237,1020,3,1025,1023,-2,0,0,,,,,,
2015,1,4,7,B6,403,N637JB,JFK,SJU,955,952,-3,32,1024,227,235,196,1598,1440,7,1442,1447,5,0,0,,,,,,
2015,8,24,1,OO,4466,N439SW,PLN,DTW,1150,1150,0,18,1208,74,73,46,243,1254,9,1304,1303,-1,0,0,,,,,,
2015,7,3,5,AA,1176,N3KFAA,DFW,LGA,1905,1904,-1,12,1916,219,193,176,1389,2312,5,2344,2317,-27,0,0,,,,,,
2015,11,9,1,DL,1877,N318US,ORD,ATL,1645,1646,1,12,1658,121,115,90,606,1928,13,1946,1941,-5,0,0,,,,,,
2015,9,3,4,UA,1704,N68834,IAD,DEN,1440,1444,4,10,1454,226,211,195,1452,1609,6,1626,1615,-11,0,0,,,,,,
2015,2,4,3,WN,504,N714CB,HOU,BOS,1835,1907,32,9,1916,210,199,183,1609,2319,7,2305,2326,21,0,0,,0,0,18,3,0
2015,3,22,7,UA,202,N215UA,ORD,OGG,930,1052,82,21,1113,557,552,523,4184,1456,8,1347,1504,77,0,0,,0,0,77,0,0
2015,5,6,3,EV,4239,N12160,IAH,JAN,1708,1707,-1,20,1727,75,75,52,351,1819,3,1823,1822,-1,0,0,,,,,,
2015,8,5,3,AA,271,N5EDAA,LAX,OGG,1115,1105,-10,29,1134,349,365,330,2486,1404,6,1404,1410,6,0,0,,,,,,
2015,1,9,5,AS,64,N762AS,ANC,JNU,1130,1122,-8,8,1130,100,95,83,571,1253,4,1310,1257,-13,0,0,,,,,,
2015,1,17,6,AA,1615,N852AA,MIA,DFW,1145,1150,5,16,1206,202,191,163,1121,1349,12,1407,1401,-6,0,0,,,,,,
2015,8,18,2,OO,4581,N630SK,SEA,BOI,1515,1511,-4,17,1528,87,91,71,399,1739,3,1742,1742,0,0,0,,,,,,
2015,10,18,7,UA,1941,N14235,12266,10423,1535,1533,-2,10,1543,60,57,27,140,1610,20,1635,1630,-5,0,0,,,,,,
2015,6,30,2,WN,104,N225WN,MDW,MSP,2210,2244,34,8,2252,80,77,61,349,2353,8,2330,1,31,0,0,,0,0,31,0,0
2015,6,22,1,UA,1927,N73860,SFO,IAH,1056,1118,22,32,1150,233,240,198,1635,1708,10,1649,1718,29,0,0,,7,0,21,1,0
2015,11,3,2,F9,1456,N228FR,LAS,ATL,40,39,-1,17,56,220,232,209,1747,725,6,720,731,11,0,0,,,,,,
2015,4,17,5,WN,4464,N291WN,CMH,MDW,1130,1127,-3,10,1137,65,66,48,283,1125,8,1135,1133,-2,0,0,,,,,,
2015,3,10,2,WN,1454,N277WN,PVD,PBI,700,701,1,9,710,190,177,164,1148,954,4,1010,958,-12,0,0,,,,,,
2015,12,9,3,UA,350,N820UA,ORD,SAT,1955,1947,-8,14,2001,185,153,136,1041,2217,3,2300,2220,-40,0,0,,,,,,
2015,5,9,6,US,608,N180US,TPA,PHX,1730,1730,0,16,1746,277,272,248,1788,1854,8,1907,1902,-5,0,0,,,,,,
2015,1,24,6,EV,5121,N181PQ,DTW,CLE,1936,1933,-3,12,1945,59,48,26,95,2011,10,2035,2021,-14,0,0,,,,,,
2015,4,9,4,WN,2023,N8630B,BUF,MDW,1745,1750,5,14,1804,105,106,76,468,1820,16,1830,1836,6,0,0,,,,,,
2015,6,27,6,DL,147,N837DN,SLC,ATL,1353,1352,-1,16,1408,231,213,191,1590,1919,6,1944,1925,-19,0,0,,,,,,
2015,12,8,2,EV,2748,N629AE,BRO,DFW,600,553,-7,12,605,109,98,76,482,721,10,749,731,-18,0,0,,,,,,
2015,6,22,1,B6,802,N588JB,SLC,MCO,2350,8,18,16,24,262,251,230,1931,614,5,612,619,7,0,0,,,,,,
2015,7,31,5,EV,4391,N13988,IAH,CRP,1735,1759,24,11,1810,61,71,56,201,1906,4,1836,1910,34,0,0,,31,0,3,0,0
2015,4,5,7,WN,4037,N907WN,OKC,DEN,850,845,-5,8,853,105,92,77,495,910,7,935,917,-18,0,0,,,,,,
2015,11,2,1,UA,277,N826UA,OMA,DEN,623,614,-9,19,633,100,96,73,472,646,4,703,650,-13,0,0,,,,,,
2015,9,11,5,DL,1078,N908DA,PNS,ATL,725,723,-2,12,735,77,67,46,271,921,9,942,930,-12,0,0,,,,,,
2015,10,14,3,DL,1310,N933AT,10397,15624,1345,1340,-5,15,1355,75,62,40,250,1335,7,1400,1342,-18,0,0,,,,,,
2015,8,15,6,DL,2387,N995DL,ATL,DAB,927,920,-7,18,938,75,75,53,366,1031,4,1042,1035,-7,0,0,,,,,,
2015,8,7,5,DL,853,N963DN,RSW,DTW,1157,1151,-6,14,1205,173,172,150,1084,1435,8,1450,1443,-7,0,0,,,,,,
2015,1,26,1,NK,431,N529NK,RSW,DFW,1929,2149,140,11,2200,171,177,158,1017,2338,8,2120,2346,146,0,0,,6,0,11,129,0
2015,10,30,5,DL,2812,N317NB,10397,11540,1421,1417,-4,11,1428,200,201,185,1282,1533,5,1541,1538,-3,0,0,,,,,,
2015,7,8,3,AA,1524,N4YRAA,DFW,SAT,1510,1511,1,11,1522,71,58,44,247,1606,3,1621,1609,-12,0,0,,,,,,
2015,12,20,7,UA,369,N11206,EWR,SJU,655,655,0,12,707,235,216,197,1608,1124,7,1150,1131,-19,0,0,,,,,,
2015,3,19,4,DL,1704,N831DN,FLL,DTW,1743,1739,-4,10,1749,182,168,152,1127,2021,6,2045,2027,-18,0,0,,,,,,
2015,10,31,6,AA,249,N3FVAA,11298,14771,1550,1550,0,15,1605,225,213,194,1464,1719,4,1735,1723,-12,0,0,,,,,,
2015,7,1,3,VX,713,N523VA,DAL,SFO,800,757,-3,30,827,215,214,179,1476,926,5,935,931,-4,0,0,,,,,,
2015,4,8,3,DL,1907,N935DN,GRR,DTW,815,810,-5,18,828,59,63,36,120,904,9,914,913,-1,0,0,,,,,,
2015,12,29,2,AA,1067,N4XMAA,DFW,SJC,1710,1708,-2,15,1723,231,228,209,1438,1852,4,1901,1856,-5,0,0,,,,,,
2015,12,6,7,DL,1887,N669DN,ATL,MKE,1916,1933,17,12,1945,130,107,90,669,2015,5,2026,2020,-6,0,0,,,,,,
2015,4,30,4,AS,354,N590AS,SEA,SMF,905,859,-6,14,913,102,104,84,605,1037,6,1047,1043,-4,0,0,,,,,,
2015,1,14,3,WN,529,N8614M,STL,PHX,1715,1708,-7,6,1714,215,183,171,1262,1905,6,1950,1911,-39,0,0,,,,,,
2015,1,18,7,B6,1115,N229JB,BOS,DFW,1500,1459,-1,14,1513,269,245,220,1562,1753,11,1829,1804,-25,0,0,,,,,,
2015,6,17,3,UA,656,N434UA,ORD,BUF,1404,1400,-4,22,1422,96,88,63,473,1625,3,1640,1628,-12,0,0,,,,,,
2015,12,20,7,OO,6368,N909SW,PSC,DEN,1333,1331,-2,11,1342,138,130,112,852,1634,7,1651,1641,-10,0,0,,,,,,
2015,8,2,7,OO,4549,N427SW,ATL,CHO,1025,1020,-5,18,1038,92,92,68,457,1146,6,1157,1152,-5,0,0,,,,,,
2015,12,13,7,WN,1344,N7817J,DEN,RDU,1110,1112,2,16,1128,185,197,176,1436,1624,5,1615,1629,14,0,0,,,,,,
2015,10,5,1,WN,2777,N220WN,11259,14683,625,625,0,11,636,60,57,42,248,718,4,725,722,-3,0,0,,,,,,
2015,12,15,2,F9,1164,N701FR,MCO,CLE,2145,2137,-8,17,2154,150,143,116,895,2350,10,15,2400,-15,0,0,,,,,,
2015,2,8,7,US,1711,N126UW,DTW,CLT,1530,1525,-5,17,1542,110,106,79,500,1701,10,1720,1711,-9,0,0,,,,,,
2015,11,12,4,WN,2850,N434WN,PHX,LAX,1505,1510,5,10,1520,80,71,57,370,1517,4,1525,1521,-4,0,0,,,,,,
2015,11,21,6,OO,2967,N435SW,SBA,PHX,1635,1701,26,2,1703,92,73,66,455,1909,5,1907,1914,7,0,0,,,,,,
2015,12,29,2,DL,2212,N972DL,ATL,PNS,815,812,-3,16,828,71,69,49,271,817,4,826,821,-5,0,0,,,,,,
2015,10,16,5,WN,2463,N7831B,13232,11066,2145,2144,-1,13,2157,65,60,42,283,2339,5,2350,2344,-6,0,0,,,,,,
2015,5,10,7,DL,2487,N337NB,DTW,PHL,2140,2244,64,12,2256,101,83,68,453,4,3,2321,7,46,0,0,,0,0,1,45,0
2015,5,27,3,DL,931,N922AT,CLT,MSP,1121,1121,0,13,1134,164,146,130,930,1244,3,1305,1247,-18,0,0,,,,,,
2015,1,12,1,EV,5221,N750EV,SAT,DTW,725,724,-1,11,735,178,171,154,1214,1109,6,1123,1115,-8,0,0,,,,,,
2015,6,14,7,MQ,3507,N836MQ,ROC,ORD,1818,1812,-6,7,1819,118,99,83,528,1842,9,1916,1851,-25,0,0,,,,,,
2015,5,20,3,OO,6360,N912SW,SMX,SFO,1403,1540,97,13,1553,66,53,36,216,1629,4,1509,1633,84,0,0,,0,0,0,84,0
2015,6,8,1,WN,837,N750SA,SJC,PHX,1350,1404,14,7,1411,110,107,94,621,1545,6,1540,1551,11,0,0,,,,,,
2015,10,30,5,AA,1300,N3BAAA,13495,11298,1746,1740,-6,11,1751,104,103,75,447,1906,17,1930,1923,-7,0,0,,,,,,
2015,11,17,2,EV,4997,N707EV,LGA,SDF,1005,957,-8,49,1046,160,172,113,659,1239,10,1245,1249,4,0,0,,,,,,
2015,10,23,5,DL,1879,N893AT,12953,11697,700,653,-7,20,713,190,157,134,1076,927,3,1010,930,-40,0,0,,,,,,
2015,1,28,3,OO,5636,N928SW,SFO,MFR,1206,1200,-6,33,1233,81,85,47,329,1320,5,1327,1325,-2,0,0,,,,,,
2015,10,6,2,AA,735,N161UW,14100,12889,1610,1609,-1,26,1635,327,322,288,2176,1823,8,1837,1831,-6,0,0,,,,,,
2015,2,24,2,F9,624,N929FR,DEN,DTW,1415,1415,0,12,1427,161,173,151,1123,1858,10,1856,1908,12,0,0,,,,,,
2015,6,11,4,UA,1273,N57863,SFO,OGG,1245,1341,56,19,1400,325,309,283,2338,1543,7,1510,1550,40,0,0,,0,0,40,0,0
2015,9,17,4,B6,1885,N206JB,BOS,PIT,1750,1749,-1,30,1819,106,105,71,496,1930,4,1936,1934,-2,0,0,,,,,,
2015,4,19,7,DL,1351,N921DL,MIA,LGA,1100,1056,-4,37,1133,179,189,145,1096,1358,7,1359,1405,6,0,0,,,,,,
2015,3,6,5,AS,518,N614AS,SEA,SNA,1950,1946,-4,12,1958,149,149,134,978,2212,3,2219,2215,-4,0,0,,,,,,
2015,6,1,1,VX,399,N630VA,JFK,LAX,700,653,-7,27,720,365,353,320,2475,940,6,1005,946,-19,0,0,,,,,,
2015,12,9,3,DL,2646,N927DN,ATL,MSY,950,946,-4,17,1003,100,84,63,425,1006,4,1030,1010,-20,0,0,,,,,,
2015,12,19,6,DL,2463,N6713Y,JFK,SEA,1905,1903,-2,29,1932,385,405,359,2422,2231,17,2230,2248,18,0,0,,18,0,0,0,0
2015,12,21,1,WN,1971,N234WN,LAS,SJC,2130,2137,7,12,2149,85,81,64,386,2253,5,2255,2258,3,0,0,,,,,,
2015,12,28,1,UA,366,N39418,IAD,AUS,815,820,5,14,834,234,217,192,1297,1046,11,1109,1057,-12,0,0,,,,,,
2015,5,11,1,US,1737,N535UW,CLT,LAX,2210,41,151,14,55,312,323,275,2125,230,34,22,304,162,0,0,,11,0,127,24,0
2015,1,19,1,AS,172,N534AS,ANC,PHX,945,934,-11,14,948,345,323,304,2552,1652,5,1730,1657,-33,0,0,,,,,,
2015,6,27,6,US,1994,N201UU,PHL,ORD,1345,1341,-4,18,1359,137,136,103,678,1442,15,1502,1457,-5,0,0,,,,,,
2015,1,31,6,MQ,3635,N823MQ,PNS,DFW,1235,1230,-5,13,1243,130,121,96,604,1419,12,1445,1431,-14,0,0,,,,,,
2015,1,16,5,OO,6536,N929EV,DEN,SBA,1850,1853,3,24,1917,160,159,131,916,2028,4,2030,2032,2,0,0,,,,,,
2015,11,15,7,VX,954,N835VA,SFO,SAN,1205,1219,14,23,1242,90,90,65,447,1347,2,1335,1349,14,0,0,,,,,,
2015,5,13,3,OO,4976,N131SY,SFO,STL,1621,1621,0,35,1656,253,248,207,1735,2223,6,2234,2229,-5,0,0,,,,,,
2015,2,5,4,WN,2684,N8616C,DAL,MCO,1850,1853,3,12,1905,145,137,119,973,2204,6,2215,2210,-5,0,0,,,,,,
2015,1,11,7,WN,197,N606SW,HOU,OKC,2010,2053,43,25,2118,80,95,64,419,2222,6,2130,2228,58,0,0,,15,0,9,34,0
2015,9,4,5,DL,2053,N925DL,FNT,ATL,1749,1749,0,9,1758,134,120,105,645,1943,6,2003,1949,-14,0,0,,,,,,
2015,7,19,7,AA,531,N767UW,PHX,RNO,950,952,2,14,1006,107,104,84,601,1130,6,1137,1136,-1,0,0,,,,,,
2015,8,31,1,DL,1878,N627DL,ATL,MKE,1936,2021,45,14,2035,125,112,89,669,2104,9,2041,2113,32,0,0,,0,0,6,26,0
2015,12,22,2,DL,2310,N908DL,ATL,DFW,850,849,-1,17,906,148,146,117,731,1003,12,1018,1015,-3,0,0,,,,,,
2015,7,14,2,UA,1668,N36469,SFO,ORD,1206,1228,22,16,1244,263,242,209,1846,1813,17,1829,1830,1,0,0,,,,,,
2015,8,21,5,AA,1898,N171US,CLT,JFK,2209,2216,7,14,2230,110,100,75,541,2345,11,2359,2356,-3,0,0,,,,,,
2015,1,16,5,MQ,3542,N673MQ,CHS,MIA,1145,1136,-9,8,1144,102,84,73,489,1257,3,1327,1300,-27,0,0,,,,,,
2015,6,14,7,DL,764,N366NW,MKE,ATL,958,1058,60,9,1107,116,104,92,669,1339,3,1254,1342,48,0,0,,0,0,48,0,0
2015,11,5,4,WN,1302,N416WN,PHX,SFO,2140,2139,-1,12,2151,125,116,99,651,2230,5,2245,2235,-10,0,0,,,,,,
2015,11,14,6,EV,4171,N16918,EWR,MSN,1703,1702,-1,14,1716,158,148,125,799,1821,9,1841,1830,-11,0,0,,,,,,
2015,7,23,4,AA,386,N4XVAA,DFW,JAX,1505,1500,-5,12,1512,149,138,119,918,1811,7,1834,1818,-16,0,0,,,,,,
2015,6,13,6,WN,1056,N231WN,LAS,AMA,910,920,10,11,931,120,109,94,758,1305,4,1310,1309,-1,0,0,,,,,,
2015,3,4,3,UA,1692,N14219,LAX,DEN,815,811,-4,12,823,142,150,127,862,1130,11,1137,1141,4,0,0,,,,,,
2015,11,6,5,B6,164,N339JB,SRQ,JFK,1315,1309,-6,17,1326,157,154,133,1041,1539,4,1552,1543,-9,0,0,,,,,,
2015,4,18,6,F9,1127,N220FR,IAD,LAS,2245,2239,-6,12,2251,315,314,282,2065,33,20,100,53,-7,0,0,,,,,,
2015,9,25,5,OO,4751,N936SW,MSP,GFK,1532,1528,-4,14,1542,74,76,59,284,1641,3,1646,1644,-2,0,0,,,,,,
2015,9,15,2,DL,2403,N909DA,DCA,ATL,1800,1819,19,15,1834,123,109,84,547,1958,10,2003,2008,5,0,0,,,,,,
2015,9,19,6,WN,4298,N958WN,PHX,SAN,705,659,-6,9,708,70,61,49,304,757,3,815,800,-15,0,0,,,,,,
2015,11,3,2,WN,32,N515SW,SAT,ELP,1720,1720,0,7,1727,95,84,74,496,1741,3,1755,1744,-11,0,0,,,,,,
2015,6,15,1,EV,5462,N870AS,ILM,ATL,1053,1048,-5,7,1055,86,71,57,377,1152,7,1219,1159,-20,0,0,,,,,,
2015,5,25,1,US,689,N601AW,PHX,EWR,2145,2143,-2,10,2153,277,267,252,2133,505,5,522,510,-12,0,0,,,,,,
2015,6,5,5,EV,4385,N12564,ORD,MDT,658,710,12,28,738,109,113,82,594,1000,3,947,1003,16,0,0,,4,0,0,12,0
2015,4,26,7,MQ,3312,N683MQ,ORD,RST,1240,1238,-2,22,1300,80,70,46,268,1346,2,1400,1348,-12,0,0,,,,,,
2015,8,19,3,EV,6144,N11539,ABE,ORD,1722,1744,22,20,1804,128,124,95,654,1839,9,1830,1848,18,0,0,,0,0,0,18,0
2015,2,25,3,AA,220,N004AA,TPA,MIA,1910,1932,22,17,1949,64,71,37,204,2026,17,2014,2043,29,0,0,,7,0,0,22,0
2015,6,8,1,OO,5330,N986SW,SPI,ORD,1349,1347,-2,7,1354,64,58,38,174,1432,13,1453,1445,-8,0,0,,,,,,
2015,1,9,5,AA,937,N023AA,EGE,LAX,1850,1837,-13,17,1854,131,127,101,748,1935,9,2001,1944,-17,0,0,,,,,,
2015,8,14,5,MQ,3664,N824MQ,CMH,LGA,820,811,-9,23,834,107,112,81,479,955,8,1007,1003,-4,0,0,,,,,,
2015,2,1,7,WN,835,N8648A,MSY,LAS,1135,1131,-4,8,1139,240,226,213,1500,1312,5,1335,1317,-18,0,0,,,,,,
2015,4,24,5,DL,2555,N802DN,FLL,DTW,1554,1555,1,9,1604,183,173,161,1127,1845,3,1857,1848,-9,0,0,,,,,,
2015,3,7,6,AA,2482,N514AA,DFW,AUS,1815,1813,-2,12,1825,57,50,33,190,1858,5,1912,1903,-9,0,0,,,,,,
2015,9,15,2,WN,2493,N484WN,MDW,STL,1720,1730,10,15,1745,65,66,45,251,1830,6,1825,1836,11,0,0,,,,,,
2015,10,12,1,AA,1276,N3FCAA,14635,11298,1500,1454,-6,11,1505,184,160,139,1017,1624,10,1704,1634,-30,0,0,,,,,,
2015,11,18,3,UA,737,N37290,IAH,DEN,1258,1259,1,23,1322,154,165,131,862,1433,11,1432,1444,12,0,0,,,,,,
2015,6,26,5,MQ,3455,N820MQ,ORF,LGA,1355,1411,16,15,1426,86,74,54,296,1520,5,1521,1525,4,0,0,,,,,,
2015,9,14,1,AA,2291,N852AA,LAS,DFW,800,755,-5,12,807,171,152,128,1055,1215,12,1251,1227,-24,0,0,,,,,,
2015,8,13,4,F9,1359,N908FR,IAH,PHX,1525,1519,-6,14,1533,160,152,130,1009,1543,8,1605,1551,-14,0,0,,,,,,
2015,5,22,5,WN,611,N284WN,LAS,BDL,930,925,-5,16,941,295,271,251,2297,1652,4,1725,1656,-29,0,0,,,,,,
2015,9,11,5,WN,1964,N296WN,MKE,LAS,1255,1257,2,11,1308,235,207,192,1524,1420,4,1450,1424,-26,0,0,,,,,,
2015,5,3,7,WN,4098,N8313F,BOS,BNA,715,710,-5,14,724,175,149,128,942,832,7,910,839,-31,0,0,,,,,,
2015,6,3,3,WN,371,N254WN,BUR,OAK,1730,1747,17,9,1756,70,70,51,325,1847,10,1840,1857,17,0,0,,0,0,0,17,0
2015,10,25,7,AA,1433,N4UBAA,14683,11298,658,657,-1,11,708,72,64,43,247,751,10,810,801,-9,0,0,,,,,,
2015,5,21,4,UA,1560,N69804,ORD,MCO,600,603,3,18,621,161,160,132,1005,933,10,941,943,2,0,0,,,,,,
2015,6,15,1,MQ,3466,N695MQ,ORD,DBQ,2000,2000,0,6,2006,58,37,27,147,2033,4,2058,2037,-21,0,0,,,,,,
2015,3,24,2,MQ,3626,N629MQ,CVG,DFW,1435,1443,8,11,1454,165,160,133,812,1607,16,1620,1623,3,0,0,,,,,,
2015,3,19,4,WN,3223,N658SW,LAS,LAX,715,733,18,15,748,65,62,42,236,830,5,820,835,15,0,0,,0,0,15,0,0
2015,1,26,1,EV,4392,N25134,IAH,COS,900,856,-4,14,910,148,135,116,809,1006,5,1028,1011,-17,0,0,,,,,,
2015,12,10,4,WN,2955,N738CB,BWI,TPA,615,612,-3,20,632,150,140,116,842,828,4,845,832,-13,0,0,,,,,,
2015,8,7,5,WN,4276,N7813P,ABQ,MDW,1730,1814,44,7,1821,170,148,134,1121,2135,7,2120,2142,22,0,0,,0,0,0,22,0
2015,3,5,4,EV,5339,N197PQ,PWM,DTW,1630,1624,-6,13,1637,138,137,120,668,1837,4,1848,1841,-7,0,0,,,,,,
2015,10,7,3,AA,2318,N3GDAA,11292,11298,800,759,-1,15,814,127,117,89,641,1043,13,1107,1056,-11,0,0,,,,,,
2015,9,1,2,OO,2936,N930EV,CHO,ORD,1825,1953,88,8,2001,119,94,77,567,2018,9,1924,2027,63,0,0,,0,0,0,63,0
2015,2,11,3,WN,954,N246LV,CAK,ATL,1630,1624,-6,8,1632,110,95,80,528,1752,7,1820,1759,-21,0,0,,,,,,
2015,9,20,7,OO,6475,N941SW,SLC,DEN,943,937,-6,11,948,95,80,61,391,1049,8,1118,1057,-21,0,0,,,,,,
2015,3,31,2,WN,424,N483WN,MDW,BWI,700,655,-5,12,707,110,100,83,611,930,5,950,935,-15,0,0,,,,,,
2015,10,18,7,DL,412,N187DN,12892,12478,1135,1131,-4,20,1151,330,326,297,2475,1948,9,2005,1957,-8,0,0,,,,,,
2015,1,16,5,DL,2489,N329NB,FAR,MSP,500,500,0,11,511,81,53,39,223,550,3,621,553,-28,0,0,,,,,,
2015,5,13,3,OO,6233,N938SW,SFO,PSP,1842,1836,-6,27,1903,90,109,75,421,2018,7,2012,2025,13,0,0,,,,,,
2015,3,4,3,EV,2554,N877AS,LFT,DFW,1542,,,,,83,,,351,,,1705,,,0,1,A,,,,,
2015,8,30,7,HA,332,N491HA,HNL,ITO,647,640,-7,13,653,53,57,40,216,733,4,740,737,-3,0,0,,,,,,
2015,10,19,1,B6,783,N192JB,10721,14492,2038,2105,27,16,2121,117,110,90,612,2251,4,2235,2255,20,0,0,,0,0,20,0,0
2015,11,6,5,AA,44,N3CHAA,SEA,JFK,710,709,-1,19,728,317,305,277,2422,1505,9,1527,1514,-13,0,0,,,,,,
2015,4,4,6,EV,6076,N15912,ORD,ATW,905,904,-1,11,915,59,50,36,160,951,3,1004,954,-10,0,0,,,,,,
2015,6,5,5,OO,4465,N602XJ,MSP,RST,1125,1124,-1,25,1149,51,44,16,76,1205,3,1216,1208,-8,0,0,,,,,,
2015,7,26,7,DL,477,N154DL,JFK,LAX,1531,1536,5,39,1615,399,379,320,2475,1835,20,1910,1855,-15,0,0,,,,,,
2015,1,18,7,OO,4679,N459SW,DTW,DAY,1203,1159,-4,22,1221,67,66,36,166,1257,8,1310,1305,-5,0,0,,,,,,
2015,8,5,3,DL,882,N929AT,CAE,ATL,1535,1702,87,23,1725,75,67,39,192,1804,5,1650,1809,79,0,0,,0,0,79,0,0
2015,4,5,7,DL,833,N386DA,DTW,SAN,855,909,14,13,922,296,287,270,1956,1052,4,1051,1056,5,0,0,,,,,,
2015,7,27,1,DL,1410,N322US,DEN,DTW,1600,1558,-2,27,1625,174,165,132,1123,2037,6,2054,2043,-11,0,0,,,,,,
2015,10,2,5,WN,850,N7817J,10423,10397,1800,1756,-4,12,1808,135,129,103,813,2051,14,2115,2105,-10,0,0,,,,,,
2015,3,2,1,EV,5436,N867AS,DTW,CHA,2030,2029,-1,16,2045,103,92,74,505,2159,2,2213,2201,-12,0,0,,,,,,
2015,12,3,4,OO,5451,N874AS,SBP,SFO,2041,2055,14,25,2120,59,69,35,190,2155,9,2140,2204,24,0,0,,24,0,0,0,0
2015,1,10,6,OO,5493,N715SK,DEN,BOI,1129,1126,-3,21,1147,123,131,105,649,1332,5,1332,1337,5,0,0,,,,,,
2015,4,3,5,UA,405,N474UA,LGA,DEN,1200,1157,-3,11,1208,271,266,251,1620,1419,4,1431,1423,-8,0,0,,,,,,
2015,2,19,4,WN,934,N935WN,MCO,ALB,1435,1429,-6,26,1455,155,168,138,1073,1713,4,1710,1717,7,0,0,,,,,,
2015,3,3,2,DL,2378,N3740C,SLC,SAN,1122,1137,15,29,1206,112,116,84,626,1230,3,1214,1233,19,0,0,,4,0,0,0,15
2015,10,3,6,UA,616,N815UA,10785,13930,940,934,-6,16,950,145,143,112,763,1042,15,1105,1057,-8,0,0,,,,,,
2015,4,6,1,AS,29,N419AS,ORD,SEA,1525,1536,11,12,1548,265,248,233,1721,1741,3,1750,1744,-6,0,0,,,,,,
2015,8,18,2,OO,7369,N427SW,DTW,APN,841,833,-8,21,854,72,81,54,198,948,6,953,954,1,0,0,,,,,,
2015,2,5,4,WN,4858,N8321D,ALB,MCO,1505,1518,13,8,1526,195,188,172,1073,1818,8,1820,1826,6,0,0,,,,,,
2015,3,10,2,WN,256,N422WN,TPA,MSY,1625,1620,-5,12,1632,100,93,76,488,1648,5,1705,1653,-12,0,0,,,,,,
2015,2,28,6,WN,3627,N213WN,SFO,LAX,1250,1248,-2,13,1301,80,76,53,337,1354,10,1410,1404,-6,0,0,,,,,,
2015,6,24,3,MQ,3563,N697MQ,SJT,DFW,508,508,0,14,522,66,62,42,229,604,6,614,610,-4,0,0,,,,,,
2015,11,2,1,AA,1625,N3CKAA,DCA,MIA,1035,1030,-5,27,1057,155,171,139,919,1316,5,1310,1321,11,0,0,,,,,,
2015,8,5,3,AA,2429,N548AA,DFW,SAT,1855,1910,15,17,1927,74,59,39,247,2006,3,2009,2009,0,0,0,,,,,,
2015,1,12,1,EV,5513,N176PQ,ATL,CAE,1624,1747,83,22,1809,56,56,30,192,1839,4,1720,1843,83,0,0,,0,0,0,83,0
2015,1,5,1,AA,1521,N855AA,MIA,LAS,925,920,-5,12,932,332,317,296,2174,1128,9,1157,1137,-20,0,0,,,,,,
2015,12,10,4,WN,2099,N284WN,SFO,PHX,1235,1241,6,14,1255,115,108,85,651,1520,9,1530,1529,-1,0,0,,,,,,
2015,6,6,6,DL,1939,N348NB,PIT,ATL,1439,1436,-3,9,1445,118,82,68,526,1553,5,1637,1558,-39,0,0,,,,,,
2015,12,3,4,WN,2117,N7701B,SNA,SFO,2125,2120,-5,7,2127,80,76,63,372,2230,6,2245,2236,-9,0,0,,,,,,
2015,4,6,1,OO,2877,N464SW,LAX,SMF,1645,1911,146,17,1928,87,81,59,373,2027,5,1812,2032,140,0,0,,0,0,0,140,0
2015,2,9,1,B6,2679,N284JB,BOS,EWR,1859,1854,-5,90,2024,92,164,66,200,2130,8,2031,2138,67,0,0,,67,0,0,0,0
2015,2,26,4,EV,4884,N881AS,LEX,ATL,905,902,-3,16,918,85,87,63,304,1021,8,1030,1029,-1,0,0,,,,,,
2015,5,15,5,AA,316,N472AA,DFW,MFE,1030,1038,8,15,1053,101,92,73,469,1206,4,1211,1210,-1,0,0,,,,,,
2015,12,30,3,OO,5539,N941SW,SFO,SLC,801,801,0,18,819,119,111,88,599,1047,5,1100,1052,-8,0,0,,,,,,
2015,7,20,1,B6,1730,N510JB,RSW,JFK,1939,1929,-10,13,1942,179,176,157,1074,2219,6,2238,2225,-13,0,0,,,,,,
2015,5,11,1,AA,2218,N3EKAA,DFW,DCA,1515,1521,6,22,1543,185,188,161,1192,1924,5,1920,1929,9,0,0,,,,,,
2015,2,27,5,EV,5675,N11164,EWR,CMH,1030,1027,-3,16,1043,116,116,94,463,1217,6,1226,1223,-3,0,0,,,,,,
2015,3,31,2,OO,2769,N897SK,PHX,OAK,1335,1334,-1,14,1348,125,113,96,646,1524,3,1540,1527,-13,0,0,,,,,,
2015,3,17,2,UA,478,N486UA,SFO,LAX,700,711,11,14,725,95,88,58,337,823,16,835,839,4,0,0,,,,,,
2015,9,19,6,MQ,3232,N665MQ,ORD,FAR,2000,1957,-3,14,2011,117,107,87,557,2138,6,2157,2144,-13,0,0,,,,,,
2015,5,31,7,EV,5785,N28529,MLU,IAH,1053,1104,11,10,1114,72,62,46,262,1200,6,1205,1206,1,0,0,,,,,,
2015,10,5,1,NK,245,N627NK,13930,12889,1604,1618,14,26,1644,233,241,209,1514,1813,6,1757,1819,22,0,0,,22,0,0,0,0
2015,9,23,3,DL,2570,N977DL,MEM,ATL,710,702,-8,16,718,83,74,52,332,910,6,933,916,-17,0,0,,,,,,
2015,1,8,4,AS,337,N613AS,SJC,SEA,800,752,-8,14,806,124,127,106,697,952,7,1004,959,-5,0,0,,,,,,
2015,11,2,1,EV,4576,N21144,EWR,GRR,1745,1835,50,22,1857,129,118,93,605,2030,3,1954,2033,39,0,0,,0,0,0,39,0
2015,11,14,6,WN,954,N494WN,SAT,LAX,1305,1300,-5,9,1309,205,190,172,1211,1401,9,1430,1410,-20,0,0,,,,,,
2015,11,8,7,DL,832,N696DL,SLC,DCA,945,940,-5,23,1003,237,241,215,1851,1538,3,1542,1541,-1,0,0,,,,,,
2015,12,31,4,AS,121,N768AS,SEA,ANC,2355,2355,0,11,6,236,209,194,1448,220,4,251,224,-27,0,0,,,,,,
2015,4,21,2,UA,466,N677UA,DEN,IAH,1010,1040,30,17,1057,141,129,107,862,1344,5,1331,1349,18,0,0,,0,0,18,0,0
2015,11,24,2,WN,367,N8312C,BWI,ROC,2315,2327,12,16,2343,70,71,48,277,31,7,25,38,13,0,0,,,,,,
2015,8,10,1,EV,5356,N134EV,PHF,ATL,1200,1155,-5,14,1209,102,103,79,508,1328,10,1342,1338,-4,0,0,,,,,,
2015,11,15,7,VX,480,N523VA,LAX,LAS,1230,1228,-2,30,1258,65,83,44,236,1342,9,1335,1351,16,0,0,,16,0,0,0,0
2015,2,5,4,MQ,3432,N531MQ,DCA,JFK,610,606,-4,20,626,77,65,39,213,705,6,727,711,-16,0,0,,,,,,
2015,9,28,1,AA,1805,N566UW,FLL,CLT,1910,1902,-8,13,1915,120,109,89,632,2044,7,2110,2051,-19,0,0,,,,,,
2015,4,7,2,WN,1529,N764SW,HOU,LAX,855,851,-4,11,902,225,221,202,1390,1024,8,1040,1032,-8,0,0,,,,,,
2015,4,27,1,DL,2216,N553NW,ATL,ABQ,2000,2004,4,15,2019,210,190,170,1269,2109,5,2130,2114,-16,0,0,,,,,,
2015,12,17,4,MQ,3287,N530MQ,ORD,GRR,1314,1310,-4,13,1323,52,51,29,137,1452,9,1506,1501,-5,0,0,,,,,,
2015,12,1,2,DL,1234,N670DN,PNS,ATL,600,556,-4,15,611,69,61,39,271,750,7,809,757,-12,0,0,,,,,,
2015,6,21,7,DL,1630,N900PC,ATL,SAT,2120,2206,46,16,2222,147,133,112,874,2314,5,2247,2319,32,0,0,,0,0,32,0,0
2015,4,23,4,WN,3672,N783SW,BWI,PHX,940,954,14,14,1008,300,322,302,1999,1210,6,1140,1216,36,0,0,,22,0,14,0,0
2015,10,14,3,DL,1691,N926AT,11433,13485,1540,1536,-4,12,1548,75,69,53,311,1541,4,1555,1545,-10,0,0,,,,,,
2015,1,10,6,MQ,3030,N682MQ,ORD,BUF,745,741,-4,12,753,86,81,66,473,959,3,1011,1002,-9,0,0,,,,,,
2015,5,18,1,AA,2275,N3JDAA,IAD,LAX,750,749,-1,11,800,337,359,311,2288,1011,37,1027,1048,21,0,0,,21,0,0,0,0
2015,1,2,5,EV,2500,N901EV,DFW,LAW,1130,,,,,45,,,140,,,1215,,,0,1,A,,,,,
2015,5,1,5,OO,4584,N443SW,RAP,MSP,1150,1155,5,14,1209,99,89,67,489,1416,8,1429,1424,-5,0,0,,,,,,
2015,7,28,2,WN,883,N267WN,GEG,LAS,1225,1244,19,7,1251,135,130,117,806,1448,6,1440,1454,14,0,0,,,,,,
2015,8,22,6,AS,337,N442AS,PSP,SFO,1715,1658,-17,20,1718,90,94,66,421,1824,8,1845,1832,-13,0,0,,,,,,
2015,8,10,1,WN,2558,N952WN,SNA,LAS,1640,1638,-2,14,1652,65,63,43,226,1735,6,1745,1741,-4,0,0,,,,,,
2015,9,1,2,DL,1171,N945DL,DFW,ATL,1445,1440,-5,11,1451,133,129,94,731,1725,24,1758,1749,-9,0,0,,,,,,
2015,2,20,5,US,2156,N961UW,BOS,LGA,2000,2129,89,28,2157,85,87,54,184,2251,5,2125,2256,91,0,0,,2,0,0,74,15
2015,9,2,3,OO,5622,N693BR,ATW,ORD,1039,1036,-3,15,1051,61,58,34,160,1125,9,1140,1134,-6,0,0,,,,,,
2015,7,18,6,DL,1665,N326US,SLC,DFW,950,949,-1,30,1019,156,159,124,989,1323,5,1326,1328,2,0,0,,,,,,
2015,6,6,6,AA,1217,N4YDAA,DFW,ORD,854,902,8,14,916,151,134,112,802,1108,8,1125,1116,-9,0,0,,,,,,
2015,3,7,6,DL,1513,N381DN,ATL,DTW,1905,1904,-1,14,1918,113,108,86,594,2044,8,2058,2052,-6,0,0,,,,,,
2015,4,8,3,AA,1692,N3EGAA,MCO,MIA,1150,1222,32,19,1241,63,64,37,192,1318,8,1253,1326,33,0,0,,1,0,0,32,0
2015,7,29,3,WN,1193,N462WN,SNA,SJC,835,831,-4,8,839,70,66,52,342,931,6,945,937,-8,0,0,,,,,,
2015,10,7,3,WN,1091,N569WN,11259,11292,640,640,0,10,650,125,110,94,651,724,6,745,730,-15,0,0,,,,,,
2015,11,2,1,WN,2615,N558WN,STL,LAS,630,626,-4,16,642,230,218,196,1371,758,6,820,804,-16,0,0,,,,,,
2015,8,2,7,WN,4061,N621SW,MCI,TPA,930,923,-7,12,935,155,146,130,1048,1245,4,1305,1249,-16,0,0,,,,,,
2015,7,4,6,OO,5202,N774SK,OKC,ORD,1506,1459,-7,14,1513,125,120,98,693,1651,8,1711,1659,-12,0,0,,,,,,
2015,12,17,4,AA,1018,N4XWAA,BWI,DFW,1513,1512,-1,13,1525,222,225,204,1217,1749,8,1755,1757,2,0,0,,,,,,
2015,7,16,4,WN,3850,N247WN,MHT,TPA,1135,1131,-4,10,1141,190,222,207,1204,1508,5,1445,1513,28,0,0,,28,0,0,0,0
2015,11,16,1,EV,4896,N750EV,ORD,DTW,2035,2031,-4,14,2045,76,64,46,235,2231,4,2251,2235,-16,0,0,,,,,,
2015,9,21,1,DL,2283,N519US,DTW,ATL,600,600,0,15,615,117,106,83,594,738,8,757,746,-11,0,0,,,,,,
2015,11,3,2,WN,2771,N261WN,MAF,DAL,2015,2011,-4,7,2018,65,67,55,319,2113,5,2120,2118,-2,0,0,,,,,,
2015,4,22,3,AA,2216,N3ANAA,PHX,MIA,30,17,-13,9,26,248,220,204,1972,650,7,738,657,-41,0,0,,,,,,
2015,1,19,1,UA,663,N215UA,SFO,HNL,905,907,2,15,922,331,321,301,2398,1223,5,1236,1228,-8,0,0,,,,,,
2015,11,13,5,WN,397,N940WN,TPA,MEM,1605,1719,74,7,1726,125,106,97,655,1803,2,1710,1805,55,0,0,,0,0,0,55,0
2015,2,11,3,NK,323,N636NK,MSP,LAX,1625,1623,-2,15,1638,233,212,184,1535,1742,13,1818,1755,-23,0,0,,,,,,
2015,5,28,4,US,750,N710UW,DFW,PHL,1310,1307,-3,43,1350,195,229,182,1303,1752,4,1725,1756,31,0,0,,31,0,0,0,0
2015,12,14,1,VX,1935,N852VA,LAX,SFO,905,908,3,8,916,75,76,62,337,1018,6,1020,1024,4,0,0,,,,,,
2015,1,6,2,UA,442,N467UA,IAH,LGA,1305,1353,48,37,1430,204,214,169,1416,1819,8,1729,1827,58,0,0,,36,0,0,22,0
2015,6,7,7,WN,722,N687SW,ALB,BWI,1840,1849,9,6,1855,80,68,55,289,1950,7,2000,1957,-3,0,0,,,,,,
2015,5,11,1,MQ,3069,N907MQ,DFW,MGM,2020,2043,23,18,2101,114,100,80,622,2221,2,2214,2223,9,0,0,,,,,,
2015,5,23,6,UA,1901,N30401,CLE,MCO,745,742,-3,8,750,146,135,115,895,945,12,1011,957,-14,0,0,,,,,,
2015,10,11,7,AA,751,N580UW,14100,11298,1630,1631,1,18,1649,224,189,159,1303,1828,12,1914,1840,-34,0,0,,,,,,
2015,6,24,3,US,628,N556UW,ORD,CLT,900,857,-3,17,914,122,109,82,599,1136,10,1202,1146,-16,0,0,,,,,,
2015,3,27,5,WN,64,N744SW,BWI,RDU,1720,1808,48,9,1817,70,73,60,255,1917,4,1830,1921,51,0,0,,3,0,5,43,0
2015,10,30,5,UA,1571,N37419,12266,14635,1950,1953,3,14,2007,134,120,102,861,2249,4,2304,2253,-11,0,0,,,,,,
2015,3,26,4,WN,783,N610WN,LAS,ABQ,1625,1646,21,13,1659,85,84,68,486,1907,3,1850,1910,20,0,0,,0,0,4,16,0
2015,11,18,3,UA,376,N18243,IAH,ORD,1015,1258,163,32,1330,165,181,139,925,1549,10,1300,1559,179,0,0,,179,0,0,0,0
2015,3,16,1,DL,4,N126DL,ATL,SLC,2042,2040,-2,22,2102,257,237,206,1590,2228,9,2259,2237,-22,0,0,,,,,,
2015,6,1,1,WN,2671,N759GS,ABQ,MDW,605,605,0,13,618,160,163,145,1121,943,5,945,948,3,0,0,,,,,,
2015,11,3,2,OO,4788,N432SW,CVG,BNA,2000,1957,-3,12,2009,67,61,43,230,1952,6,2007,1958,-9,0,0,,,,,,
2015,1,8,4,EV,4228,N12530,IAH,LRD,1804,1805,1,12,1817,74,66,50,301,1907,4,1918,1911,-7,0,0,,,,,,
2015,5,18,1,UA,1026,N75853,IAH,LAX,1142,1145,3,21,1206,218,214,181,1379,1307,12,1320,1319,-1,0,0,,,,,,
2015,7,1,3,OO,5205,N140SY,ORD,DCA,1600,1558,-2,37,1635,122,136,94,612,1909,5,1902,1914,12,0,0,,,,,,
2015,9,22,2,DL,743,N6714Q,ATL,RDU,1733,1726,-7,14,1740,81,71,52,356,1832,5,1854,1837,-17,0,0,,,,,,
2015,3,29,7,US,2023,N152UW,PHX,LAX,1355,1356,1,21,1417,94,93,58,370,1515,14,1529,1529,0,0,0,,,,,,
2015,3,13,5,EV,2516,N909EV,DFW,CRP,1235,1230,-5,14,1244,75,81,63,354,1347,4,1350,1351,1,0,0,,,,,,
2015,4,15,3,B6,225,N804JB,JFK,TPA,1930,1922,-8,33,1955,190,176,138,1005,2213,5,2240,2218,-22,0,0,,,,,,
2015,11,20,5,MQ,3280,N520MQ,JAX,ORD,730,723,-7,17,740,167,153,131,864,851,5,917,856,-21,0,0,,,,,,
2015,3,31,2,WN,3267,N476WN,MKE,RSW,1310,1304,-6,11,1315,175,158,144,1183,1639,3,1705,1642,-23,0,0,,,,,,
2015,10,12,1,WN,660,N270WN,13232,13204,1340,1341,1,18,1359,155,151,126,990,1705,7,1715,1712,-3,0,0,,,,,,
2015,10,19,1,AS,345,N514AS,13796,14747,600,552,-8,15,607,119,121,96,672,743,10,759,753,-6,0,0,,,,,,
2015,7,24,5,DL,1353,N997DL,ATL,PNS,1055,1056,1,14,1110,73,63,45,271,1055,4,1108,1059,-9,0,0,,,,,,
2015,10,29,4,WN,1256,N243WN,14893,14679,1330,1346,16,9,1355,85,76,64,480,1459,3,1455,1502,7,0,0,,,,,,
2015,6,15,1,EV,4714,N12900,BDL,EWR,520,526,6,8,534,59,45,31,116,605,6,619,611,-8,0,0,,,,,,
2015,4,16,4,EV,4867,N17984,BTR,IAH,1603,,,,,71,,,253,,,1714,,,0,1,C,,,,,
2015,4,29,3,DL,2269,N695DL,MCO,ATL,1430,1426,-4,19,1445,103,98,67,404,1552,12,1613,1604,-9,0,0,,,,,,
2015,12,13,7,OO,4796,,SUN,SLC,1305,,,,,62,,,222,,,1407,,,0,1,B,,,,,
2015,7,16,4,NK,106,N527NK,MSP,BWI,1641,1640,-1,10,1650,144,135,119,936,1949,6,2005,1955,-10,0,0,,,,,,
2015,9,16,3,EV,4170,N12900,BNA,EWR,1306,1304,-2,9,1313,137,127,111,748,1604,7,1623,1611,-12,0,0,,,,,,
2015,4,5,7,WN,196,N711HK,LAX,OAK,1745,1744,-1,10,1754,75,83,53,337,1847,20,1900,1907,7,0,0,,,,,,
2015,6,8,1,AA,1673,N4UCAA,DFW,MSP,715,714,-1,20,734,149,143,119,852,933,4,944,937,-7,0,0,,,,,,
2015,3,12,4,WN,683,N778SW,CMH,STL,910,943,33,9,952,90,78,65,409,957,4,940,1001,21,0,0,,0,0,21,0,0
2015,7,20,1,WN,3675,N245WN,BUR,PHX,1415,1410,-5,12,1422,80,82,64,369,1526,6,1535,1532,-3,0,0,,,,,,
2015,10,25,7,AA,1991,N965UW,14100,13930,940,937,-3,13,950,147,135,110,678,1040,12,1107,1052,-15,0,0,,,,,,
2015,3,20,5,NK,248,N634NK,RSW,BOS,700,723,23,8,731,181,178,157,1249,1008,13,1001,1021,20,0,0,,0,0,20,0,0
2015,4,28,2,AA,125,N575AA,PNS,DFW,1851,1840,-11,11,1851,126,115,97,604,2028,7,2057,2035,-22,0,0,,,,,,
2015,9,24,4,AA,471,N659AW,PHX,MSP,1210,1207,-3,14,1221,183,187,167,1276,1708,6,1713,1714,1,0,0,,,,,,
2015,11,3,2,UA,344,N35271,PHX,DEN,1424,1421,-3,11,1432,104,91,72,602,1544,8,1608,1552,-16,0,0,,,,,,
2015,4,27,1,UA,637,N595UA,SFO,JFK,1311,1328,17,14,1342,348,347,329,2586,2211,4,2159,2215,16,0,0,,11,0,0,5,0
2015,12,6,7,DL,1517,N904DA,DEN,ATL,625,625,0,14,639,184,165,143,1199,1102,8,1129,1110,-19,0,0,,,,,,
2015,5,31,7,DL,1194,N366NW,SLC,PDX,1509,1502,-7,14,1516,110,104,87,630,1543,3,1559,1546,-13,0,0,,,,,,
2015,1,11,7,US,699,N806AW,RDU,LAX,1645,1648,3,9,1657,352,330,303,2239,1900,18,1937,1918,-19,0,0,,,,,,
2015,4,19,7,AA,1002,N5DVAA,MIA,DFW,2000,2023,23,13,2036,201,185,166,1121,2222,6,2221,2228,7,0,0,,,,,,
2015,3,17,2,US,1781,N733UW,CLT,MSY,1849,1842,-7,12,1854,128,113,96,651,1930,5,1957,1935,-22,0,0,,,,,,
2015,8,12,3,EV,5078,N176PQ,GSP,ATL,1653,1649,-4,10,1659,60,45,31,153,1730,4,1753,1734,-19,0,0,,,,,,
2015,3,27,5,WN,256,N213WN,PHL,TPA,1310,1305,-5,13,1318,160,182,166,920,1604,3,1550,1607,17,0,0,,17,0,0,0,0
2015,10,2,5,UA,781,N854UA,11292,14683,955,1019,24,15,1034,134,119,100,794,1314,4,1309,1318,9,0,0,,,,,,
2015,9,4,5,DL,1710,N917DL,ATL,DFW,1005,1002,-3,31,1033,140,137,101,731,1114,5,1125,1119,-6,0,0,,,,,,
2015,3,18,3,EV,6011,N12135,ORD,SAV,2045,2042,-3,37,2119,129,139,97,773,2356,5,2354,1,7,0,0,,,,,,
2015,4,12,7,WN,60,N463WN,HOU,DAL,2100,2112,12,12,2124,60,57,41,239,2205,4,2200,2209,9,0,0,,,,,,
2015,10,12,1,F9,1007,N922FR,14100,13487,1355,1350,-5,19,1409,171,162,137,980,1526,6,1546,1532,-14,0,0,,,,,,
2015,5,24,7,VX,878,N527VA,DAL,DCA,1825,1918,53,10,1928,154,158,142,1184,2250,6,2159,2256,57,0,0,,4,0,0,53,0
2015,12,11,5,NK,731,N505NK,ORD,LAX,1640,1637,-3,13,1650,274,286,261,1744,1911,12,1914,1923,9,0,0,,,,,,
2015,9,7,1,WN,1175,N272WN,STL,MDW,1215,1215,0,10,1225,65,62,46,251,1311,6,1320,1317,-3,0,0,,,,,,
2015,3,25,3,WN,699,N759GS,DAL,MSY,2000,2012,12,9,2021,80,71,59,436,2120,3,2120,2123,3,0,0,,,,,,
2015,2,27,5,OO,5566,N127SY,ORD,ATL,1630,1642,12,20,1702,120,120,86,606,1928,14,1930,1942,12,0,0,,,,,,
2015,6,19,5,OO,5585,N718SK,OKC,IAH,1723,1737,14,11,1748,85,84,64,395,1852,9,1848,1901,13,0,0,,,,,,
2015,6,13,6,EV,4484,N14977,ORD,GRB,1600,1555,-5,30,1625,58,67,33,173,1658,4,1658,1702,4,0,0,,,,,,
2015,2,27,5,EV,5254,N686BR,ATL,MYR,1647,1742,55,40,1822,66,88,44,317,1906,4,1753,1910,77,0,0,,22,0,55,0,0
2015,10,16,5,B6,481,N309JB,11278,14635,1459,1505,6,24,1529,151,165,137,892,1746,4,1730,1750,20,0,0,,14,0,6,0,0
2015,5,27,3,MQ,3176,N847MQ,PIA,DFW,1600,1600,0,26,1626,132,158,118,672,1824,14,1812,1838,26,0,0,,26,0,0,0,0
2015,6,8,1,B6,2701,N657JB,BUF,JFK,1932,2002,30,69,2111,97,134,57,301,2208,8,2109,2216,67,0,0,,67,0,0,0,0
2015,8,22,6,AA,1112,N3FPAA,LGA,DFW,1450,1442,-8,16,1458,238,222,189,1389,1707,17,1748,1724,-24,0,0,,,,,,
2015,10,14,3,MQ,3210,N532MQ,13158,11298,1800,1825,25,7,1832,80,62,48,309,1920,7,1920,1927,7,0,0,,,,,,
2015,8,28,5,UA,451,N830UA,IAH,PHL,740,806,26,12,818,210,189,172,1325,1210,5,1210,1215,5,0,0,,,,,,
2015,12,8,2,AA,1833,N816AW,PHL,ATL,1820,1816,-4,29,1845,150,130,94,666,2019,7,2050,2026,-24,0,0,,,,,,
2015,11,7,6,WN,1706,N8650F,PHX,SNA,1955,1955,0,24,2019,75,83,54,338,2013,5,2010,2018,8,0,0,,,,,,
2015,11,13,5,B6,1808,N307JB,IAD,JFK,2015,2033,18,48,2121,81,102,48,228,2209,6,2136,2215,39,0,0,,21,0,8,10,0
2015,6,10,3,OO,5267,N773SK,IAH,JAX,1250,1247,-3,28,1315,131,151,115,817,1610,8,1601,1618,17,0,0,,17,0,0,0,0
2015,8,28,5,WN,2855,N476WN,BWI,DTW,2205,2200,-5,9,2209,95,73,60,409,2309,4,2340,2313,-27,0,0,,,,,,
2015,2,21,6,OO,5391,N924SW,MRY,LAX,1804,1837,33,8,1845,77,68,49,266,1934,11,1921,1945,24,0,0,,0,0,0,24,0
2015,6,14,7,WN,4133,N528SW,DAL,SAT,2140,2226,46,9,2235,60,58,45,248,2320,4,2240,2324,44,0,0,,0,0,34,10,0
2015,7,24,5,MQ,3298,N604MQ,CMH,ORD,600,554,-6,18,612,77,86,54,296,606,14,617,620,3,0,0,,,,,,
2015,5,11,1,US,665,N186US,PHX,CLT,630,624,-6,15,639,239,240,208,1773,1307,17,1329,1324,-5,0,0,,,,,,
2015,3,4,3,DL,2357,N689DL,DTW,MKE,820,818,-2,14,832,69,73,54,237,826,5,829,831,2,0,0,,,,,,
2015,7,9,4,AA,114,N3MEAA,ORD,SNA,705,702,-3,18,720,259,256,233,1726,913,5,924,918,-6,0,0,,,,,,
2015,9,25,5,WN,1543,N8653A,MDW,SAN,825,822,-3,25,847,265,244,215,1728,1022,4,1050,1026,-24,0,0,,,,,,
2015,8,23,7,OO,6466,N477CA,DEN,ICT,1438,1430,-8,18,1448,83,83,59,420,1647,6,1701,1653,-8,0,0,,,,,,
2015,3,6,5,OO,5241,N705SK,COS,IAH,610,605,-5,14,619,142,126,103,809,902,9,932,911,-21,0,0,,,,,,
2015,2,11,3,WN,3574,N711HK,BNA,LAX,1920,1917,-3,9,1926,285,253,235,1797,2121,9,2205,2130,-35,0,0,,,,,,
2015,1,7,3,DL,775,N556NW,MSY,ATL,830,825,-5,11,836,88,79,56,425,1032,12,1058,1044,-14,0,0,,,,,,
2015,6,21,7,WN,809,N719SW,LAS,MAF,815,813,-2,18,831,120,119,98,795,1209,3,1215,1212,-3,0,0,,,,,,
2015,6,17,3,UA,1284,N37465,SFO,LAX,2232,2321,49,13,2334,98,78,53,337,27,12,10,39,29,0,0,,0,0,0,29,0
2015,6,20,6,OO,6413,N795SK,ORD,CHS,1821,1821,0,20,1841,131,129,104,760,2125,5,2132,2130,-2,0,0,,,,,,
2015,9,25,5,DL,1228,N975AT,JAN,ATL,1300,1305,5,21,1326,92,90,56,341,1522,13,1532,1535,3,0,0,,,,,,
2015,7,2,4,B6,1379,N203JB,DCA,FLL,1024,1018,-6,28,1046,158,156,123,899,1249,5,1302,1254,-8,0,0,,,,,,
2015,2,26,4,DL,1419,N990DL,ATL,JFK,1735,1736,1,24,1800,145,136,90,760,1930,22,2000,1952,-8,0,0,,,,,,
2015,4,17,5,EV,4716,N27962,ATW,ORD,1056,1045,-11,13,1058,60,59,36,160,1134,10,1156,1144,-12,0,0,,,,,,
2015,5,29,5,UA,1531,N68821,MCO,SFO,855,852,-3,13,905,360,347,328,2446,1133,6,1155,1139,-16,0,0,,,,,,
2015,4,2,4,MQ,3457,N668MQ,CMH,MIA,1740,1856,76,10,1906,160,152,138,990,2124,4,2020,2128,68,0,0,,0,0,68,0,0
2015,11,17,2,B6,395,N193JB,HPN,MCO,1023,1022,-1,8,1030,165,142,125,972,1235,9,1308,1244,-24,0,0,,,,,,
2015,2,23,1,B6,1210,N346JB,JAX,BOS,2015,2006,-9,26,2032,144,153,124,1010,2236,3,2239,2239,0,0,0,,,,,,
2015,3,8,7,UA,377,N460UA,DEN,MSP,1305,1301,-4,9,1310,124,105,87,680,1537,9,1609,1546,-23,0,0,,,,,,
2015,7,3,5,DL,1518,N681DA,MCO,ATL,620,619,-1,14,633,87,85,61,404,734,10,747,744,-3,0,0,,,,,,
2015,6,18,4,HA,364,N488HA,HNL,OGG,1330,1325,-5,18,1343,39,46,21,100,1404,7,1409,1411,2,0,0,,,,,,
2015,8,14,5,AA,944,N567AA,DFW,TUS,1715,1714,-1,26,1740,142,137,106,813,1726,5,1737,1731,-6,0,0,,,,,,
2015,12,25,5,DL,2169,N942DL,ATL,MCO,1055,1053,-2,15,1108,90,85,61,404,1209,9,1225,1218,-7,0,0,,,,,,
2015,12,6,7,WN,291,N375SW,SJC,LAX,2015,2032,17,8,2040,70,68,50,308,2130,10,2125,2140,15,0,0,,0,0,3,12,0
2015,1,14,3,EV,4096,N14573,ORD,CHS,1338,1335,-3,19,1354,132,129,104,760,1638,6,1650,1644,-6,0,0,,,,,,
2015,5,15,5,EV,5295,N850AS,ATL,VLD,1448,1445,-3,14,1459,63,53,34,208,1533,5,1551,1538,-13,0,0,,,,,,
2015,8,25,2,DL,2820,N998DL,JFK,ATL,1750,1755,5,28,1823,173,141,108,760,2011,5,2043,2016,-27,0,0,,,,,,
2015,5,4,1,UA,552,N809UA,MSN,ORD,1404,1401,-3,10,1411,56,43,26,108,1437,7,1500,1444,-16,0,0,,,,,,
2015,5,6,3,WN,287,N7739A,BUR,DEN,745,740,-5,8,748,135,122,109,850,1037,5,1100,1042,-18,0,0,,,,,,
2015,7,25,6,EV,2606,N687JS,DFW,PNS,1648,1723,35,22,1745,108,120,92,604,1917,6,1836,1923,47,0,0,,12,0,26,9,0
2015,11,13,5,WN,24,N522SW,DAL,OKC,1355,1355,0,15,1410,50,54,35,181,1445,4,1445,1449,4,0,0,,,,,,
2015,4,19,7,DL,2446,N660DL,FLL,ATL,1445,1523,38,15,1538,124,106,83,581,1701,8,1649,1709,20,0,0,,0,0,19,1,0
2015,10,8,4,NK,676,N510NK,11697,13204,2140,2135,-5,10,2145,54,49,31,177,2216,8,2234,2224,-10,0,0,,,,,,
2015,8,14,5,AA,462,N804AW,DEN,PHL,1610,1608,-2,15,1623,214,213,194,1558,2137,4,2144,2141,-3,0,0,,,,,,
2015,8,3,1,OO,5624,N903SW,DEN,PSC,1120,1111,-9,11,1122,151,137,122,852,1224,4,1251,1228,-23,0,0,,,,,,
2015,2,1,7,WN,119,N645SW,IND,PHX,1050,1048,-2,25,1113,255,244,213,1488,1246,6,1305,1252,-13,0,0,,,,,,
2015,12,1,2,OO,7402,N8884E,ESC,DTW,1403,1403,0,14,1417,81,79,54,306,1511,11,1524,1522,-2,0,0,,,,,,
2015,5,18,1,WN,3221,N652SW,SFO,SAN,815,911,56,12,923,85,85,69,447,1032,4,940,1036,56,0,0,,0,0,56,0,0
2015,1,31,6,UA,1106,N39415,LAX,IAD,1301,1307,6,18,1325,298,295,270,2288,2055,7,2059,2102,3,0,0,,,,,,
2015,11,29,7,DL,2117,N351NW,ATL,COS,1920,1919,-1,17,1936,199,199,169,1184,2025,13,2039,2038,-1,0,0,,,,,,
2015,12,30,3,DL,1176,N905DE,BUF,ATL,1754,1827,33,12,1839,149,135,115,712,2034,8,2023,2042,19,0,0,,0,0,3,16,0
2015,8,13,4,WN,1167,N386SW,DAL,STL,600,559,-1,9,608,95,93,79,546,727,5,735,732,-3,0,0,,,,,,
2015,6,25,4,OO,4671,N806SK,OAK,LAX,1633,1631,-2,11,1642,92,87,59,337,1741,17,1805,1758,-7,0,0,,,,,,
2015,2,3,2,DL,1416,N933DL,CMH,ATL,942,939,-3,11,950,102,86,68,447,1058,7,1124,1105,-19,0,0,,,,,,
2015,12,5,6,WN,2315,N295WN,SJC,PHX,1425,1425,0,8,1433,105,102,88,621,1701,6,1710,1707,-3,0,0,,,,,,
2015,2,4,3,AA,1528,N426AA,DFW,LAS,1025,1020,-5,16,1036,180,167,144,1055,1100,7,1125,1107,-18,0,0,,,,,,
2015,5,8,5,OO,6241,N770SK,OKC,SFO,715,712,-3,18,730,220,210,181,1384,831,11,855,842,-13,0,0,,,,,,
2015,6,21,7,DL,1382,N3738B,DEN,ATL,1140,1141,1,13,1154,180,161,142,1199,1616,6,1640,1622,-18,0,0,,,,,,
2015,6,6,6,DL,1168,N392DA,LAX,MIA,2150,2148,-2,14,2202,301,288,267,2342,529,7,551,536,-15,0,0,,,,,,
2015,5,29,5,WN,888,N752SW,HOU,CLT,2000,2023,23,9,2032,140,134,117,920,2329,8,2320,2337,17,0,0,,0,0,17,0,0
2015,5,27,3,AA,1470,N3BSAA,DCA,MIA,1440,1435,-5,19,1454,163,166,125,919,1659,22,1723,1721,-2,0,0,,,,,,
2015,7,24,5,WN,2150,N451WN,IND,MCO,1705,1703,-2,12,1715,140,128,109,829,1904,7,1925,1911,-14,0,0,,,,,,
2015,4,6,1,WN,609,N902WN,LAS,BUR,1050,1045,-5,9,1054,65,58,46,223,1140,3,1155,1143,-12,0,0,,,,,,
2015,2,13,5,AA,1101,N5DUAA,JFK,MIA,650,722,32,23,745,198,184,155,1089,1020,6,1008,1026,18,0,0,,0,0,0,0,18
2015,7,23,4,HA,314,N489HA,LIH,HNL,1930,1925,-5,6,1931,33,36,23,102,1954,7,2003,2001,-2,0,0,,,,,,
2015,9,26,6,DL,1648,N966AT,MDW,ATL,1229,1223,-6,12,1235,120,105,83,591,1458,10,1529,1508,-21,0,0,,,,,,
2015,9,28,1,AS,413,N467AS,SLC,SEA,1745,1739,-6,12,1751,130,117,97,689,1828,8,1855,1836,-19,0,0,,,,,,
2015,1,16,5,AA,1276,N466AA,DFW,RIC,1845,1843,-2,10,1853,157,156,142,1158,2215,4,2222,2219,-3,0,0,,,,,,
2015,7,14,2,OO,5265,N780SK,IAH,BHM,1910,1909,-1,14,1923,103,121,102,562,2105,5,2053,2110,17,0,0,,17,0,0,0,0
2015,7,25,6,F9,771,N922FR,DEN,LAS,2012,2021,9,7,2028,113,104,90,628,2058,7,2105,2105,0,0,0,,,,,,
2015,6,19,5,MQ,3423,N620MQ,SAV,DFW,1910,1927,17,45,2012,165,195,133,925,2125,17,2055,2142,47,0,0,,30,0,0,17,0
2015,10,24,6,OO,7428,N8903A,14113,14869,700,700,0,10,710,45,45,30,150,740,5,745,745,0,0,0,,,,,,
2015,6,30,2,EV,4998,N741EV,LGA,CMH,1300,1252,-8,14,1306,113,100,77,479,1423,9,1453,1432,-21,0,0,,,,,,
2015,10,1,4,OO,4765,N554CA,12892,13796,1025,1017,-8,23,1040,88,81,52,337,1132,6,1153,1138,-15,0,0,,,,,,
2015,7,2,4,UA,644,N204UA,IAD,SFO,1730,1753,23,26,1819,343,328,296,2419,2015,6,2013,2021,8,0,0,,,,,,
2015,8,31,1,EV,4593,N12567,IAH,BHM,1549,1548,-1,16,1604,103,98,77,562,1721,5,1732,1726,-6,0,0,,,,,,
2015,6,10,3,US,1934,N824AW,IND,CLT,1200,1214,14,15,1229,96,95,71,427,1340,9,1336,1349,13,0,0,,,,,,
2015,7,23,4,WN,2163,N8665D,OMA,LAS,700,659,-1,9,708,170,160,147,1099,735,4,750,739,-11,0,0,,,,,,
2015,1,28,3,EV,4237,N10575,ORD,JAN,2005,2001,-4,9,2010,141,109,94,677,2144,6,2226,2150,-36,0,0,,,,,,
2015,8,21,5,WN,1370,N659SW,LBB,LAS,1540,1537,-3,7,1544,130,136,114,775,1538,15,1550,1553,3,0,0,,,,,,
2015,11,14,6,UA,653,N485UA,SFO,LAX,1040,1039,-1,18,1057,104,88,58,337,1155,12,1224,1207,-17,0,0,,,,,,
2015,9,3,4,AS,721,N431AS,LAX,SLC,1815,1809,-6,15,1824,110,107,83,590,2047,9,2105,2056,-9,0,0,,,,,,
2015,10,17,6,WN,996,N712SW,14679,12264,1400,1403,3,7,1410,290,267,255,2253,2125,5,2150,2130,-20,0,0,,,,,,
2015,3,16,1,OO,5192,N790SK,ICT,IAH,610,601,-9,22,623,110,116,82,542,745,12,800,757,-3,0,0,,,,,,
2015,8,4,2,UA,1935,N14106,LAX,EWR,859,857,-2,16,913,338,318,282,2454,1655,20,1737,1715,-22,0,0,,,,,,
2015,7,25,6,AA,2334,N8ADAA,ORD,DFW,1210,1211,1,14,1225,153,130,101,802,1406,15,1443,1421,-22,0,0,,,,,,
2015,10,2,5,OO,6207,N141SY,11292,11109,1950,2000,10,19,2019,42,48,21,73,2040,8,2032,2048,16,0,0,,6,0,0,10,0
2015,3,5,4,DL,1170,N920DE,ATL,BOS,1140,1157,17,17,1214,150,132,106,946,1400,9,1410,1409,-1,0,0,,,,,,
2015,8,7,5,UA,1729,N68452,DEN,IAH,1414,1415,1,14,1429,147,132,113,862,1722,5,1741,1727,-14,0,0,,,,,,
2015,8,4,2,DL,1691,N328NB,DTW,MSN,1542,1540,-2,15,1555,76,72,50,311,1545,7,1558,1552,-6,0,0,,,,,,
2015,6,21,7,DL,2827,N341NB,JFK,BOS,900,853,-7,39,932,91,83,39,187,1011,5,1031,1016,-15,0,0,,,,,,
2015,5,6,3,EV,5356,N676CA,PHF,ATL,1245,1238,-7,11,1249,105,104,82,508,1411,11,1430,1422,-8,0,0,,,,,,
2015,5,14,4,AA,390,N4XHAA,DFW,MSY,1024,1041,17,13,1054,93,81,65,447,1159,3,1157,1202,5,0,0,,,,,,
2015,5,25,1,AA,1497,N863AA,MIA,DFW,1359,1503,64,16,1519,199,251,223,1121,1802,12,1618,1814,116,0,0,,52,0,0,0,64
2015,3,5,4,EV,5780,N15986,IAH,LIT,1914,,,,,79,,,374,,,2033,,,0,1,C,,,,,
2015,3,1,7,AS,518,N644AS,SEA,SNA,1950,1943,-7,8,1951,149,148,137,978,2208,3,2219,2211,-8,0,0,,,,,,
2015,12,6,7,AA,143,N3HXAA,SEA,DFW,830,826,-4,25,851,233,232,198,1660,1409,9,1423,1418,-5,0,0,,,,,,
2015,11,8,7,UA,702,N15710,ORD,CLE,1730,1730,0,15,1745,78,68,50,316,1935,3,1948,1938,-10,0,0,,,,,,
2015,8,11,2,DL,2806,N900DE,ATL,GSP,2310,2307,-3,14,2321,55,47,29,153,2350,4,5,2354,-11,0,0,,,,,,
2015,8,14,5,B6,271,N663JB,LGA,FLL,930,1403,273,12,1415,182,162,146,1076,1641,4,1232,1645,253,0,0,,0,0,253,0,0
2015,6,5,5,WN,157,N492WN,RSW,CMH,1740,1810,30,14,1824,145,149,130,930,2034,5,2005,2039,34,0,0,,4,0,0,30,0
2015,2,11,3,EV,4232,N13566,CLE,ORD,845,902,17,13,915,87,77,57,315,912,7,912,919,7,0,0,,,,,,
2015,1,5,1,EV,3256,N15985,ORD,CAK,1315,1316,1,20,1336,80,75,49,343,1525,6,1535,1531,-4,0,0,,,,,,
2015,8,5,3,WN,311,N208WN,CLE,BWI,2055,2048,-7,10,2058,80,67,52,314,2150,5,2215,2155,-20,0,0,,,,,,
2015,7,7,2,DL,1142,N840DN,SEA,ATL,2230,2228,-2,19,2247,281,277,254,2182,601,4,611,605,-6,0,0,,,,,,
2015,7,2,4,WN,449,N653SW,ATL,DTW,2105,2209,64,26,2235,120,120,84,594,2359,10,2305,9,64,0,0,,0,0,64,0,0
2015,9,4,5,OO,5304,N946SW,ONT,SFO,1901,1851,-10,15,1906,85,81,62,363,2008,4,2026,2012,-14,0,0,,,,,,
2015,3,28,6,EV,5878,N15527,XNA,IAH,1254,1248,-6,11,1259,103,96,75,438,1414,10,1437,1424,-13,0,0,,,,,,
2015,5,11,1,WN,878,N7718B,PVD,MCO,925,920,-5,17,937,175,162,140,1072,1157,5,1220,1202,-18,0,0,,,,,,
2015,6,5,5,OO,6220,N952SW,SFO,RNO,2250,2247,-3,40,2327,64,83,37,192,4,6,2354,10,16,0,0,,16,0,0,0,0
2015,1,8,4,EV,4494,N21130,AMA,IAH,735,730,-5,10,740,107,88,69,517,849,9,922,858,-24,0,0,,,,,,
2015,12,8,2,OO,3471,N224AG,FAT,SAN,1800,1752,-8,13,1805,70,66,50,314,1855,3,1910,1858,-12,0,0,,,,,,
2015,12,4,5,OO,5528,N738SK,SFO,SEA,1949,1946,-3,19,2005,126,136,109,679,2154,8,2155,2202,7,0,0,,,,,,
2015,2,10,2,OO,4787,N455SW,GTF,SLC,615,605,-10,9,614,97,83,69,463,723,5,752,728,-24,0,0,,,,,,
2015,3,11,3,MQ,3061,N663MQ,AZO,ORD,1630,1630,0,17,1647,63,73,36,122,1623,20,1633,1643,10,0,0,,,,,,
2015,11,29,7,OO,5209,N918SW,DEN,CID,1240,1231,-9,9,1240,114,101,87,692,1507,5,1534,1512,-22,0,0,,,,,,
2015,7,30,4,OO,4663,N426SW,MSP,ISN,1120,1113,-7,17,1130,113,120,97,546,1307,6,1313,1313,0,0,0,,,,,,
2015,11,5,4,AA,1857,N534UW,LGA,CLT,1859,1912,13,25,1937,126,116,82,544,2059,9,2105,2108,3,0,0,,,,,,
2015,7,26,7,WN,2427,N556WN,STL,DCA,1550,1551,1,12,1603,115,103,88,719,1831,3,1845,1834,-11,0,0,,,,,,
2015,4,8,3,US,1992,N700UW,DCA,FLL,830,825,-5,22,847,157,154,131,899,1058,1,1107,1059,-8,0,0,,,,,,
2015,10,26,1,VX,404,N282VA,12892,12478,735,734,-1,12,746,320,307,283,2475,1529,12,1555,1541,-14,0,0,,,,,,
2015,11,9,1,UA,1611,N14231,EWR,PHX,1906,1902,-4,17,1919,344,320,298,2133,2217,5,2250,2222,-28,0,0,,,,,,
2015,1,31,6,OO,6406,N962SW,SFO,SBA,1945,1933,-12,23,1956,68,75,45,262,2041,7,2053,2048,-5,0,0,,,,,,
2015,11,24,2,AA,470,N197UW,CLT,SAN,1815,1815,0,32,1847,317,321,286,2077,2033,3,2032,2036,4,0,0,,,,,,
2015,12,6,7,B6,1630,N643JB,RSW,JFK,1515,1517,2,12,1529,165,160,142,1074,1751,6,1800,1757,-3,0,0,,,,,,
2015,9,28,1,AA,2385,N4WNAA,SAT,DFW,1951,2001,10,11,2012,84,66,43,247,2055,12,2115,2107,-8,0,0,,,,,,
2015,12,23,3,B6,1416,N708JB,LGB,AUS,1015,1010,-5,11,1021,165,153,139,1226,1440,3,1500,1443,-17,0,0,,,,,,
2015,2,19,4,DL,1811,N139DL,MSP,LAS,1946,1957,11,14,2011,209,206,184,1299,2115,8,2115,2123,8,0,0,,,,,,
2015,7,5,7,DL,1161,N982DL,ATL,DAY,1205,1203,-2,9,1212,87,70,57,432,1309,4,1332,1313,-19,0,0,,,,,,
2015,2,8,7,AA,2279,N468AA,ORD,AUS,735,727,-8,10,737,166,140,127,978,944,3,1021,947,-34,0,0,,,,,,
2015,10,7,3,HA,207,N489HA,12758,12173,1051,1049,-2,7,1056,44,43,29,163,1125,7,1135,1132,-3,0,0,,,,,,
2015,2,1,7,DL,2317,N139DL,DTW,LAS,1200,1159,-1,56,1255,282,288,224,1749,1339,8,1342,1347,5,0,0,,,,,,
2015,9,26,6,WN,842,N653SW,SAN,LAS,1135,1239,64,13,1252,75,69,50,258,1342,6,1250,1348,58,0,0,,0,0,0,58,0
2015,10,26,1,AS,763,N559AS,13204,14679,1740,1733,-7,15,1748,312,313,294,2149,1942,4,1952,1946,-6,0,0,,,,,,
2015,3,2,1,MQ,3610,N546MQ,DTW,LGA,911,,,,,109,,,502,,,1100,,,0,1,B,,,,,
2015,7,11,6,WN,3015,N927WN,BUR,LAS,755,750,-5,8,758,60,53,38,223,836,7,855,843,-12,0,0,,,,,,
2015,2,27,5,OO,5294,N586SW,CLD,LAX,1650,1734,44,8,1742,43,36,26,86,1808,2,1733,1810,37,0,0,,0,0,0,37,0
2015,9,17,4,OO,5565,N771SK,BZN,DEN,1412,1429,17,9,1438,96,82,67,524,1545,6,1548,1551,3,0,0,,,,,,
2015,8,16,7,AA,1538,N872AA,LAX,MIA,2335,2334,-1,19,2353,314,307,282,2342,735,6,749,741,-8,0,0,,,,,,
2015,1,20,2,OO,5456,N964SW,RDM,SFO,602,609,7,18,627,98,98,76,462,743,4,740,747,7,0,0,,,,,,
2015,2,16,1,WN,296,N940WN,LAS,CMH,835,830,-5,10,840,230,216,197,1771,1457,9,1525,1506,-19,0,0,,,,,,
2015,10,24,6,DL,1789,N913DN,10397,12451,1740,1733,-7,14,1747,71,59,42,270,1829,3,1851,1832,-19,0,0,,,,,,
2015,8,16,7,DL,333,N126DL,LAX,DTW,1130,1127,-3,16,1143,275,267,240,1979,1843,11,1905,1854,-11,0,0,,,,,,
2015,5,6,3,AS,601,N564AS,LAS,SEA,2155,2151,-4,12,2203,143,138,121,867,4,5,18,9,-9,0,0,,,,,,
2015,7,10,5,WN,609,N238WN,PHX,SAN,2120,2131,11,8,2139,65,59,48,304,2227,3,2225,2230,5,0,0,,,,,,
2015,5,26,2,AA,332,N479AA,DFW,RDU,1025,1020,-5,15,1035,168,153,133,1061,1348,5,1413,1353,-20,0,0,,,,,,
2015,9,13,7,AA,1894,N836AW,ATL,PHL,830,827,-3,16,843,125,108,88,666,1011,4,1035,1015,-20,0,0,,,,,,
2015,7,14,2,AA,467,N545UW,MSP,PHX,1803,1756,-7,21,1817,200,205,181,1276,1918,3,1923,1921,-2,0,0,,,,,,
2015,10,3,6,AA,2297,N5DKAA,13204,11298,900,900,0,13,913,171,165,140,985,1033,12,1051,1045,-6,0,0,,,,,,
2015,5,18,1,AA,2199,N4YLAA,MEM,DFW,745,742,-3,9,751,101,87,65,431,856,13,926,909,-17,0,0,,,,,,
2015,10,16,5,DL,2349,N933DL,13244,10397,1446,1441,-5,14,1455,82,72,50,332,1645,8,1708,1653,-15,0,0,,,,,,
2015,5,30,6,WN,2652,N7741C,MDW,PHL,1630,1625,-5,10,1635,125,113,95,668,1910,8,1935,1918,-17,0,0,,,,,,
2015,10,5,1,OO,4477,N804SK,13487,11298,1113,1110,-3,16,1126,152,147,121,852,1327,10,1345,1337,-8,0,0,,,,,,
2015,6,19,5,OO,2837,N435SW,ORD,MKE,1710,1737,27,15,1752,64,33,15,67,1807,3,1814,1810,-4,0,0,,,,,,
2015,7,1,3,AA,654,N541UW,JFK,PHX,1330,1329,-1,18,1347,316,298,273,2153,1520,7,1546,1527,-19,0,0,,,,,,
2015,3,23,1,OO,6204,N479CA,BFL,DEN,550,540,-10,22,602,149,147,118,845,900,7,919,907,-12,0,0,,,,,,
2015,1,7,3,EV,5775,N827AS,IAD,LGA,900,859,-1,105,1044,80,,,229,,,1020,,,1,0,,,,,,
2015,12,10,4,MQ,3204,N831MQ,DFW,LCH,2210,2202,-8,19,2221,73,72,48,295,2309,5,2323,2314,-9,0,0,,,,,,
2015,2,20,5,DL,1862,N906DL,MSY,ATL,1515,1525,10,13,1538,87,76,57,425,1735,6,1742,1741,-1,0,0,,,,,,
2015,1,30,5,WN,449,N359SW,MKE,DCA,1425,1419,-6,9,1428,115,104,90,634,1658,5,1720,1703,-17,0,0,,,,,,
2015,5,12,2,DL,2365,N364NB,EWR,DTW,1105,1059,-6,15,1114,114,110,88,488,1242,7,1259,1249,-10,0,0,,,,,,
2015,11,26,4,EV,4128,N15527,IAH,MOB,720,708,-12,18,726,83,82,60,427,826,4,843,830,-13,0,0,,,,,,
2015,11,21,6,AS,544,N471AS,SEA,PSP,830,825,-5,26,851,162,166,136,987,1107,4,1112,1111,-1,0,0,,,,,,
2015,9,23,3,WN,915,N638SW,BWI,MCO,1945,1946,1,9,1955,135,132,118,787,2153,5,2200,2158,-2,0,0,,,,,,
2015,8,21,5,UA,334,N854UA,IAH,BNA,1535,1533,-2,15,1548,118,100,81,657,1709,4,1733,1713,-20,0,0,,,,,,
2015,1,7,3,UA,1269,N14219,PBI,EWR,1850,2012,82,16,2028,168,160,130,1023,2238,14,2138,2252,74,0,0,,0,0,19,55,0
2015,6,24,3,OO,6350,N924SW,DEN,ISN,1948,2112,84,25,2137,106,111,81,576,2358,5,2234,3,89,0,0,,5,0,0,84,0
2015,10,16,5,DL,1539,N922DX,13871,13487,700,700,0,17,717,71,73,49,282,806,7,811,813,2,0,0,,,,,,
2015,11,16,1,WN,1716,N251WN,MKE,LGA,605,603,-2,8,611,130,123,106,738,857,9,915,906,-9,0,0,,,,,,
2015,11,3,2,UA,599,N403UA,DEN,BOS,815,805,-10,12,817,234,208,191,1754,1328,5,1409,1333,-36,0,0,,,,,,
2015,8,16,7,AA,96,N4YCAA,RIC,DFW,709,706,-3,11,717,185,172,151,1158,848,10,914,858,-16,0,0,,,,,,
2015,2,5,4,EV,4604,N12136,IAH,RIC,1250,1252,2,23,1315,161,182,148,1157,1643,11,1631,1654,23,0,0,,21,0,2,0,0
2015,1,3,6,AS,893,N516AS,SEA,HNL,1920,1925,5,15,1940,392,383,362,2677,2342,6,2352,2348,-4,0,0,,,,,,
2015,3,13,5,UA,261,N491UA,SFO,LAS,1518,1512,-6,12,1524,99,89,65,414,1629,12,1657,1641,-16,0,0,,,,,,
2015,1,27,2,US,1784,N971UY,CLT,BWI,1800,1758,-2,40,1838,83,108,61,361,1939,7,1923,1946,23,0,0,,23,0,0,0,0
2015,3,17,2,OO,4806,N604SK,LAX,OAK,1740,1737,-3,24,1801,85,82,55,337,1856,3,1905,1859,-6,0,0,,,,,,
2015,11,24,2,VX,29,N840VA,JFK,SFO,1850,1850,0,18,1908,400,394,368,2586,2216,8,2230,2224,-6,0,0,,,,,,
2015,9,19,6,DL,1760,N353NW,DCA,DTW,600,602,2,12,614,92,83,68,405,722,3,732,725,-7,0,0,,,,,,
2015,4,9,4,WN,2051,N437WN,FLL,BWI,2025,2040,15,11,2051,155,147,132,925,2303,4,2300,2307,7,0,0,,,,,,
2015,7,22,3,OO,4554,N8965E,DTW,FWA,847,843,-4,35,918,59,71,31,128,949,5,946,954,8,0,0,,,,,,
2015,11,16,1,DL,2484,N386DA,PHL,DTW,932,933,1,20,953,108,95,69,453,1102,6,1120,1108,-12,0,0,,,,,,
2015,5,11,1,EV,4154,N14920,ORD,DAY,732,728,-4,12,740,74,64,44,240,924,8,946,932,-14,0,0,,,,,,
2015,9,18,5,AA,54,N3MKAA,MCO,ORD,1352,1351,-1,12,1403,177,192,166,1005,1549,14,1549,1603,14,0,0,,,,,,
2015,7,29,3,DL,1753,N342NB,MSP,CLT,1016,1013,-3,12,1025,147,138,119,930,1324,7,1343,1331,-12,0,0,,,,,,
2015,10,22,4,WN,52,N272WN,11259,15016,2030,2027,-3,40,2107,95,124,81,546,2228,3,2205,2231,26,0,0,,26,0,0,0,0
2015,8,20,4,DL,1832,N996AT,STL,DTW,1405,1356,-9,8,1404,91,78,63,440,1607,7,1636,1614,-22,0,0,,,,,,
2015,6,19,5,DL,2597,N947DN,ATL,CLT,1235,1341,66,20,1401,73,70,43,226,1444,7,1348,1451,63,0,0,,0,0,63,0,0
2015,12,28,1,WN,2403,N360SW,SFO,SAN,1555,1613,18,12,1625,85,80,63,447,1728,5,1720,1733,13,0,0,,,,,,
2015,1,31,6,WN,2573,N272WN,BDL,MDW,1555,1610,15,9,1619,160,143,128,777,1727,6,1735,1733,-2,0,0,,,,,,
2015,3,2,1,OO,5430,N947SW,ORD,DLH,845,844,-1,14,858,95,87,65,397,1003,8,1020,1011,-9,0,0,,,,,,
2015,11,16,1,UA,538,N73270,GEG,DEN,1334,1410,36,9,1419,129,127,111,836,1710,7,1643,1717,34,0,0,,34,0,0,0,0
2015,6,10,3,WN,2411,N774SW,BWI,PIT,1615,1615,0,8,1623,60,49,36,210,1659,5,1715,1704,-11,0,0,,,,,,
2015,12,10,4,AS,827,N471AS,OAK,HNL,905,859,-6,23,922,340,355,329,2409,1251,3,1245,1254,9,0,0,,,,,,
2015,12,3,4,B6,842,N613JB,SAV,JFK,1006,1107,61,9,1116,121,98,85,718,1241,4,1207,1245,38,0,0,,0,0,31,7,0
2015,10,7,3,EV,4505,N21144,11618,11066,1405,1420,15,10,1430,109,87,72,463,1542,5,1554,1547,-7,0,0,,,,,,
2015,11,4,3,WN,2440,N468WN,DEN,SAT,2010,2017,7,20,2037,125,136,113,794,2330,3,2315,2333,18,0,0,,11,0,0,7,0
2015,11,14,6,DL,1696,N933DL,BDL,ATL,1159,1156,-3,12,1208,162,137,120,859,1408,5,1441,1413,-28,0,0,,,,,,
2015,4,10,5,EV,4338,N26141,CMH,IAH,1430,1424,-6,7,1431,177,189,167,986,1618,15,1627,1633,6,0,0,,,,,,
2015,7,17,5,AA,2482,N3JHAA,DFW,AUS,1754,1750,-4,13,1803,56,56,32,190,1835,11,1850,1846,-4,0,0,,,,,,
2015,6,7,7,OO,5554,N961SW,DEN,COS,1730,2005,155,16,2021,41,34,14,73,2035,4,1811,2039,148,0,0,,0,0,0,118,30
2015,10,12,1,AS,29,N468AS,13930,14747,1525,1517,-8,20,1537,270,280,245,1721,1742,15,1755,1757,2,0,0,,,,,,
2015,1,30,5,DL,941,N940DN,MCI,ATL,555,554,-1,36,630,127,124,83,692,853,5,902,858,-4,0,0,,,,,,
2015,11,6,5,B6,2417,N337JB,MCO,AUS,1200,1341,101,58,1439,168,204,141,994,1600,5,1348,1605,137,0,0,,137,0,0,0,0
2015,4,21,2,US,1769,N837AW,BWI,CLT,1715,1707,-8,15,1722,86,83,60,361,1822,8,1841,1830,-11,0,0,,,,,,
2015,3,13,5,UA,700,N421UA,ORD,LGA,600,558,-2,26,624,127,121,89,733,853,6,907,859,-8,0,0,,,,,,
2015,5,19,2,EV,4268,N16525,BTR,IAH,923,920,-3,10,930,71,71,53,253,1023,8,1034,1031,-3,0,0,,,,,,
2015,11,25,3,AA,1396,N514AA,DFW,BNA,1840,1835,-5,18,1853,108,108,83,631,2016,7,2028,2023,-5,0,0,,,,,,
2015,5,2,6,WN,1580,N743SW,PHX,BUR,1410,1401,-9,7,1408,85,76,67,369,1515,2,1535,1517,-18,0,0,,,,,,
2015,3,31,2,MQ,3344,N644MQ,DFW,AEX,1605,1705,60,29,1734,66,76,44,285,1818,3,1711,1821,70,0,0,,10,0,60,0,0
2015,2,16,1,WN,880,N457WN,OMA,LAS,1450,1617,87,9,1626,175,163,146,1099,1652,8,1545,1700,75,0,0,,0,0,0,75,0
2015,9,6,7,OO,3421,N170SY,SLC,SEA,815,803,-12,9,812,129,123,107,689,859,7,924,906,-18,0,0,,,,,,
2015,8,3,1,DL,2322,N915DN,MSP,MIA,1010,1100,50,15,1115,218,220,193,1501,1528,12,1448,1540,52,0,0,,52,0,0,0,0
2015,1,29,4,UA,1143,N48127,ORD,DEN,1500,1513,13,14,1527,161,152,129,888,1636,9,1641,1645,4,0,0,,,,,,
2015,8,15,6,WN,4791,N938WN,BWI,MCI,1010,1046,36,,,165,,,967,,,1155,,,0,1,C,,,,,
2015,8,7,5,DL,1983,N920DL,SAV,ATL,1659,1659,0,28,1727,78,80,39,214,1806,13,1817,1819,2,0,0,,,,,,
2015,8,4,2,WN,1694,N747SA,PHX,SNA,800,756,-4,23,819,75,80,54,338,913,3,915,916,1,0,0,,,,,,
2015,10,4,7,F9,261,N948FR,11292,14908,1025,1022,-3,10,1032,140,135,118,846,1130,7,1145,1137,-8,0,0,,,,,,
2015,10,7,3,WN,510,N442WN,12892,13796,645,640,-5,7,647,75,66,55,337,742,4,800,746,-14,0,0,,,,,,
2015,10,22,4,F9,1262,N920FR,12889,13930,2335,2321,-14,15,2336,223,197,174,1514,430,8,518,438,-40,0,0,,,,,,
2015,9,15,2,AA,1611,N3DXAA,DCA,ORD,750,744,-6,15,759,128,124,85,612,824,24,858,848,-10,0,0,,,,,,
2015,4,2,4,AA,2449,N3FUAA,DFW,SEA,1840,1903,23,14,1917,267,263,241,1660,2118,8,2107,2126,19,0,0,,0,0,19,0,0
2015,9,27,7,OO,4818,N823AS,PLN,DTW,635,635,0,25,700,67,74,42,243,742,7,742,749,7,0,0,,,,,,
2015,6,27,6,DL,2634,N914DL,AGS,ATL,800,756,-4,31,827,61,78,36,143,903,11,901,914,13,0,0,,,,,,
2015,9,14,1,DL,2568,N590NW,ATL,SEA,1629,1630,1,22,1652,324,312,284,2182,1836,6,1853,1842,-11,0,0,,,,,,
2015,6,12,5,NK,364,N525NK,DFW,MSY,1338,1334,-4,18,1352,85,89,67,447,1459,4,1503,1503,0,0,0,,,,,,
2015,2,22,7,OO,2589,N466SW,LAX,MRY,1620,1619,-1,17,1636,65,70,50,266,1726,3,1725,1729,4,0,0,,,,,,
2015,10,2,5,OO,5162,N788SK,13930,14696,1912,1908,-4,29,1937,46,53,20,84,2057,4,2058,2101,3,0,0,,,,,,
2015,11,5,4,AA,2528,N4XWAA,DFW,MEM,1155,1153,-2,11,1204,90,76,61,431,1305,4,1325,1309,-16,0,0,,,,,,
2015,6,29,1,OO,4990,N713SK,IAH,TUS,1740,1804,24,18,1822,148,139,118,936,1820,3,1808,1823,15,0,0,,0,0,15,0,0
2015,7,23,4,B6,1146,N354JB,FLL,RIC,1910,2235,205,17,2252,129,132,108,805,40,7,2119,47,208,0,0,,3,0,205,0,0
2015,8,25,2,AA,756,N758US,CLE,CLT,1210,1200,-10,9,1209,94,94,71,430,1320,14,1344,1334,-10,0,0,,,,,,
2015,10,11,7,WN,2557,N7712G,13296,13204,925,923,-2,9,932,195,164,147,1142,1159,8,1240,1207,-33,0,0,,,,,,
2015,10,13,2,EV,5093,N849AS,10397,11308,1936,1931,-5,22,1953,61,58,32,170,1925,4,1937,1929,-8,0,0,,,,,,
2015,12,27,7,F9,1196,N210FR,IND,MCO,1540,1543,3,13,1556,145,136,115,829,1751,8,1805,1759,-6,0,0,,,,,,
2015,10,28,3,WN,1357,N941WN,13232,14492,940,1041,61,10,1051,110,107,91,632,1322,6,1230,1328,58,0,0,,0,0,58,0,0
2015,8,24,1,F9,262,N935FR,SNA,DEN,1230,1230,0,8,1238,133,120,106,846,1524,6,1543,1530,-13,0,0,,,,,,
2015,12,25,5,EV,4097,N12175,AZO,ORD,640,632,-8,12,644,60,58,33,122,617,13,640,630,-10,0,0,,,,,,
2015,4,24,5,OO,6532,N948SW,DEN,BUR,1108,1108,0,22,1130,152,154,129,850,1239,3,1240,1242,2,0,0,,,,,,
2015,6,29,1,DL,1233,N369NB,ATL,ORF,1025,1027,2,13,1040,101,80,63,516,1143,4,1206,1147,-19,0,0,,,,,,
2015,8,9,7,OO,6406,N128SY,SFO,SAN,1708,1702,-6,19,1721,101,98,75,447,1836,4,1849,1840,-9,0,0,,,,,,
2015,5,16,6,EV,4361,N17560,EWR,BUF,1735,1730,-5,24,1754,81,84,52,282,1846,8,1856,1854,-2,0,0,,,,,,
2015,7,1,3,DL,2058,N971DL,MCO,JFK,720,715,-5,9,724,156,133,114,944,918,10,956,928,-28,0,0,,,,,,
2015,4,23,4,EV,5065,N916EV,ATL,SGF,1655,1650,-5,15,1705,108,113,95,563,1740,3,1743,1743,0,0,0,,,,,,
2015,8,24,1,AA,1572,N3DTAA,MIA,LAS,1850,1850,0,19,1909,310,308,278,2174,2047,11,2100,2058,-2,0,0,,,,,,
2015,1,22,4,WN,1148,N210WN,SJC,SAN,635,632,-3,11,643,80,74,60,417,743,3,755,746,-9,0,0,,,,,,
2015,5,4,1,EV,2529,N907EV,DFW,SHV,1200,1157,-3,19,1216,63,56,32,190,1248,5,1303,1253,-10,0,0,,,,,,
2015,5,10,7,DL,2366,N835DN,ATL,IND,2105,2102,-3,26,2128,93,87,57,432,2225,4,2238,2229,-9,0,0,,,,,,
2015,9,20,7,B6,1915,N273JB,BOS,BUF,1710,1712,2,14,1726,90,84,66,395,1832,4,1840,1836,-4,0,0,,,,,,
2015,6,1,1,MQ,3138,N627MQ,ORD,GRR,840,837,-3,11,848,56,43,25,137,1013,7,1036,1020,-16,0,0,,,,,,
2015,7,14,2,EV,5225,N741EV,MSP,GRB,957,950,-7,20,1010,68,66,42,252,1052,4,1105,1056,-9,0,0,,,,,,
2015,2,5,4,OO,4856,N632SK,SJC,LAX,1637,1649,12,36,1725,78,110,56,308,1821,18,1755,1839,44,0,0,,32,0,0,12,0
2015,3,30,1,DL,1143,N319US,CVG,ATL,600,558,-2,12,610,91,93,75,373,725,6,731,731,0,0,0,,,,,,
2015,11,2,1,DL,918,N806DN,ATL,MCI,1450,1453,3,13,1506,129,122,102,692,1548,7,1559,1555,-4,0,0,,,,,,
2015,2,16,1,DL,2678,N969AT,LGA,BOS,1200,1406,126,26,1432,72,74,39,184,1511,9,1312,1520,128,0,0,,2,0,119,7,0
2015,8,24,1,AA,88,N851AA,DFW,LAS,1845,1904,19,25,1929,179,171,139,1055,1948,7,1944,1955,11,0,0,,,,,,
2015,2,20,5,WN,550,N764SW,ECP,BNA,1600,,,,,80,,,401,,,1720,,,0,1,B,,,,,
2015,9,2,3,WN,1190,N511SW,MSY,DAL,2100,2058,-2,6,2104,80,77,64,436,2208,7,2220,2215,-5,0,0,,,,,,
2015,4,7,2,DL,1769,N814DN,ATL,MCO,2255,2255,0,17,2312,82,79,56,404,8,6,17,14,-3,0,0,,,,,,
2015,6,13,6,DL,2058,N923DL,MCO,JFK,720,710,-10,12,722,156,149,128,944,930,9,956,939,-17,0,0,,,,,,
2015,7,15,3,AA,1931,N839AW,BOI,PHX,2055,2050,-5,10,2100,124,107,93,735,2133,4,2159,2137,-22,0,0,,,,,,
2015,12,1,2,EV,4367,N11535,IAH,MCI,1922,1912,-10,13,1925,117,106,86,643,2051,7,2119,2058,-21,0,0,,,,,,
2015,2,28,6,F9,1294,,DFW,CVG,1620,,,,,125,,,812,,,1925,,,0,1,B,,,,,
2015,3,30,1,OO,6470,N962SW,LAX,SLC,1940,1937,-3,22,1959,113,114,86,590,2225,6,2233,2231,-2,0,0,,,,,,
2015,8,7,5,WN,244,N274WN,STL,LGA,1255,1253,-2,11,1304,145,150,112,888,1556,27,1620,1623,3,0,0,,,,,,
2015,11,29,7,UA,656,N826UA,ORD,BUF,1401,1354,-7,17,1411,94,76,56,474,1607,3,1635,1610,-25,0,0,,,,,,
2015,7,26,7,DL,1119,N365NW,MSY,ATL,1315,1313,-2,9,1322,95,79,62,425,1524,8,1550,1532,-18,0,0,,,,,,
2015,8,17,1,AA,1213,N481AA,DFW,SAT,819,853,34,18,911,62,60,39,247,950,3,921,953,32,0,0,,0,0,8,24,0
2015,12,24,4,WN,1094,N200WN,MDW,AUS,1440,1436,-4,7,1443,170,157,144,972,1707,6,1730,1713,-17,0,0,,,,,,
2015,11,30,1,WN,1484,N733SA,MCO,PHL,700,658,-2,18,716,145,144,119,861,915,7,925,922,-3,0,0,,,,,,
2015,6,12,5,UA,1640,N76503,ANC,DEN,1349,1354,5,9,1403,314,293,273,2405,2036,11,2103,2047,-16,0,0,,,,,,
2015,12,9,3,AA,1514,N493AA,ORD,TPA,818,828,10,10,838,158,144,129,1012,1147,5,1156,1152,-4,0,0,,,,,,
2015,12,5,6,OO,6326,N909SW,BOI,SFO,1407,1405,-2,21,1426,113,119,91,522,1457,7,1500,1504,4,0,0,,,,,,
2015,4,16,4,HA,21,N380HA,SEA,HNL,850,839,-11,12,851,360,362,344,2677,1135,6,1150,1141,-9,0,0,,,,,,
2015,7,18,6,WN,2358,N903WN,MCO,MKE,1525,1555,30,11,1606,175,167,152,1066,1738,4,1720,1742,22,0,0,,0,7,0,15,0
2015,7,18,6,AA,1012,N3KDAA,RSW,DFW,730,725,-5,18,743,169,172,140,1017,903,14,919,917,-2,0,0,,,,,,
2015,7,15,3,DL,1706,N128DL,DTW,LAX,830,830,0,16,846,300,279,252,1979,958,11,1030,1009,-21,0,0,,,,,,
2015,9,12,6,WN,4200,N7742B,SNA,SEA,710,709,-1,12,721,165,,,978,1058,13,955,1111,,1,0,,,,,,
2015,11,6,5,OO,4641,N897SK,SLC,FAT,2005,2004,-1,14,2018,102,93,67,501,2025,12,2047,2037,-10,0,0,,,,,,
2015,7,1,3,B6,71,N827JB,JFK,SLC,1934,1929,-5,38,2007,325,322,280,1990,2247,4,2259,2251,-8,0,0,,,,,,
2015,7,26,7,WN,1720,N687SW,OAK,LAS,1205,1203,-2,9,1212,85,77,64,407,1316,4,1330,1320,-10,0,0,,,,,,
2015,7,5,7,AS,596,N467AS,SEA,LAS,955,952,-3,15,1007,146,144,121,867,1208,8,1221,1216,-5,0,0,,,,,,
2015,9,30,3,NK,176,N633NK,LAS,MSP,1350,1337,-13,48,1425,187,206,152,1299,1857,6,1857,1903,6,0,0,,,,,,
2015,8,25,2,B6,183,N535JB,JFK,MCO,820,816,-4,27,843,173,180,135,944,1058,18,1113,1116,3,0,0,,,,,,
2015,9,11,5,UA,1598,N78285,ORD,PHL,2053,2047,-6,10,2057,126,109,89,678,2326,10,2359,2336,-23,0,0,,,,,,
2015,2,8,7,US,1856,N815AW,IAH,CLT,1540,1531,-9,16,1547,140,147,121,912,1848,10,1900,1858,-2,0,0,,,,,,
2015,6,2,2,WN,3237,N7729A,SNA,LAS,1920,1918,-2,5,1923,65,53,44,226,2007,4,2025,2011,-14,0,0,,,,,,
2015,5,14,4,OO,4468,N454SW,SLC,HLN,1555,1550,-5,12,1602,89,91,76,402,1718,3,1724,1721,-3,0,0,,,,,,
2015,3,18,3,OO,5322,N951SW,ORD,FWA,1900,2003,63,14,2017,58,47,29,157,2146,4,2058,2150,52,0,0,,0,0,52,0,0
2015,2,18,3,WN,4262,N475WN,TPA,SJU,1045,1039,-6,12,1051,170,167,141,1237,1412,14,1435,1426,-9,0,0,,,,,,
2015,10,30,5,UA,247,N17245,14831,11292,803,756,-7,11,807,155,146,128,948,1115,7,1138,1122,-16,0,0,,,,,,
2015,3,16,1,EV,4099,N16561,CLE,STL,755,808,13,8,816,106,88,76,487,832,4,841,836,-5,0,0,,,,,,
2015,12,18,5,AA,1909,,CLT,RDU,1120,,,,,50,,,130,,,1210,,,0,1,A,,,,,
2015,6,25,4,OO,4451,N675BR,DTW,FWA,849,840,-9,16,856,59,48,27,128,923,5,948,928,-20,0,0,,,,,,
2015,8,4,2,DL,1991,N670DN,MSP,ATL,520,518,-2,14,532,140,136,113,907,825,9,840,834,-6,0,0,,,,,,
2015,2,26,4,AS,89,N468AS,SEA,ANC,2300,2306,6,10,2316,227,203,189,1448,125,4,147,129,-18,0,0,,,,,,
2015,6,5,5,AA,1341,N3JTAA,SJU,MIA,1025,1017,-8,13,1030,168,164,141,1045,1251,10,1313,1301,-12,0,0,,,,,,
2015,12,27,7,AA,2510,N547AA,SLC,DFW,1127,1126,-1,19,1145,152,218,190,989,1555,9,1459,1604,65,0,0,,65,0,0,0,0
2015,3,21,6,WN,973,N8652B,MDW,PHX,1950,1946,-4,10,1956,230,210,190,1444,2106,10,2140,2116,-24,0,0,,,,,,
2015,8,31,1,AA,1649,N4WJAA,DFW,DAY,1515,1510,-5,19,1529,145,133,110,861,1819,4,1840,1823,-17,0,0,,,,,,
2015,11,5,4,UA,1272,N38454,SFO,MCO,1555,1555,0,12,1607,316,297,279,2446,2346,6,11,2352,-19,0,0,,,,,,
2015,12,16,3,EV,2781,N904EV,FSM,DFW,1821,1804,-17,6,1810,72,66,50,227,1900,10,1933,1910,-23,0,0,,,,,,
2015,11,11,3,EV,4443,N36915,PVD,ORD,1644,1635,-9,16,1651,164,171,139,849,1810,16,1828,1826,-2,0,0,,,,,,
2015,7,17,5,MQ,3471,N600MQ,DFW,CVG,1020,1019,-1,17,1036,141,134,111,812,1327,6,1341,1333,-8,0,0,,,,,,
2015,2,10,2,OO,4749,N606SK,SLC,ONT,1505,1744,159,12,1756,107,89,73,558,1809,4,1552,1813,141,0,0,,0,0,141,0,0
2015,12,19,6,UA,1734,N19136,SFO,OGG,745,744,-1,17,801,346,297,274,2338,1035,6,1131,1041,-50,0,0,,,,,,
2015,9,16,3,NK,453,N609NK,PBG,FLL,1450,1529,39,18,1547,201,233,208,1334,1915,7,1811,1922,71,0,0,,43,0,28,0,0
2015,11,13,5,DL,1975,N941DL,MSP,ATL,1112,1118,6,14,1132,148,135,114,907,1426,7,1440,1433,-7,0,0,,,,,,
2015,4,18,6,US,516,N185UW,MSP,PHX,1803,1804,1,8,1812,201,182,168,1276,1900,6,1924,1906,-18,0,0,,,,,,
2015,12,7,1,UA,269,N830UA,MEM,ORD,1440,1440,0,14,1454,119,127,86,491,1620,27,1639,1647,8,0,0,,,,,,
2015,12,30,3,AA,590,N833AW,BOI,PHX,1332,1327,-5,13,1340,116,117,100,735,1520,4,1528,1524,-4,0,0,,,,,,
2015,7,27,1,AA,2184,N3AUAA,SAN,ORD,1735,1727,-8,17,1744,245,233,211,1723,2315,5,2340,2320,-20,0,0,,,,,,
2015,12,2,3,EV,4451,N14902,IAH,ECP,845,838,-7,10,848,110,94,80,572,1008,4,1035,1012,-23,0,0,,,,,,
2015,9,4,5,UA,820,N68836,SFO,ORD,1305,1310,5,22,1332,248,246,212,1846,1904,12,1913,1916,3,0,0,,,,,,
2015,4,24,5,WN,1358,N8639B,FLL,PVD,1425,1418,-7,9,1427,185,195,180,1188,1727,6,1730,1733,3,0,0,,,,,,
2015,8,4,2,UA,487,N812UA,IAH,DCA,849,909,20,18,927,190,167,146,1208,1253,3,1259,1256,-3,0,0,,,,,,
2015,1,3,6,US,663,N207UW,PHX,KOA,1135,1147,12,13,1200,401,389,374,2860,1514,2,1516,1516,0,0,0,,,,,,
2015,3,10,2,B6,2116,N258JB,JAX,DCA,915,910,-5,15,925,111,102,85,634,1050,2,1106,1052,-14,0,0,,,,,,
2015,9,11,5,DL,931,N962DN,ATL,MSP,1052,1049,-3,16,1105,152,141,121,907,1206,4,1224,1210,-14,0,0,,,,,,
2015,7,31,5,AA,689,N659AW,PHX,EWR,2155,2151,-4,15,2206,277,262,241,2133,507,6,532,513,-19,0,0,,,,,,
2015,7,9,4,UA,641,N211UA,LAX,HNL,800,801,1,18,819,339,333,307,2556,1026,8,1039,1034,-5,0,0,,,,,,
2015,4,29,3,DL,2333,N363NW,MSP,SLC,1919,1919,0,12,1931,166,150,133,991,2044,5,2105,2049,-16,0,0,,,,,,
2015,1,17,6,MQ,2963,N612MQ,JFK,CVG,1510,1504,-6,24,1528,145,119,90,589,1658,5,1735,1703,-32,0,0,,,,,,
2015,9,24,4,UA,884,N437UA,ORD,EWR,1913,1908,-5,10,1918,129,112,95,719,2153,7,2222,2200,-22,0,0,,,,,,
2015,5,9,6,AA,8,N361AA,HNL,DFW,1740,1134,1074,,,459,,,3784,,,619,,,0,1,A,,,,,
2015,7,31,5,OO,3463,N219AG,ONT,PDX,915,918,3,12,930,128,124,107,838,1117,5,1123,1122,-1,0,0,,,,,,
2015,2,26,4,DL,465,N3773D,JFK,SJU,1200,1211,11,12,1223,228,212,196,1598,1639,4,1648,1643,-5,0,0,,,,,,
2015,5,2,6,MQ,3465,N649MQ,JFK,BNA,1455,1451,-4,21,1512,158,129,103,765,1555,5,1633,1600,-33,0,0,,,,,,
2015,11,22,7,HA,104,N492HA,LIH,HNL,620,612,-8,7,619,32,30,18,102,637,5,652,642,-10,0,0,,,,,,
2015,7,24,5,WN,2427,N7712G,STL,DCA,1550,1604,14,8,1612,115,111,99,719,1851,4,1845,1855,10,0,0,,,,,,
2015,1,12,1,MQ,3589,N665MQ,GSO,MIA,639,728,49,13,741,136,137,119,710,940,5,855,945,50,0,0,,1,0,49,0,0
2015,11,26,4,WN,4270,N644SW,PHX,OAK,1235,1235,0,7,1242,120,114,96,646,1318,11,1335,1329,-6,0,0,,,,,,
2015,10,25,7,UA,1192,N62849,11618,14027,1619,1616,-3,12,1628,176,154,138,1023,1846,4,1915,1850,-25,0,0,,,,,,
2015,7,5,7,AA,1297,N3CPAA,LAX,MIA,1045,1050,5,27,1117,316,346,312,2342,1929,7,1901,1936,35,0,0,,35,0,0,0,0
2015,7,19,7,AA,416,N812AW,PHX,STL,1210,1231,21,18,1249,178,173,150,1262,1719,5,1708,1724,16,0,0,,0,16,0,0,0
2015,12,27,7,EV,6117,N14991,CAE,ORD,1206,1223,17,7,1230,139,116,101,666,1311,8,1325,1319,-6,0,0,,,,,,
2015,9,7,1,AA,1175,N3EDAA,LGA,MIA,1228,1214,-14,16,1230,201,194,169,1096,1519,9,1549,1528,-21,0,0,,,,,,
2015,6,4,4,F9,607,N227FR,IND,DEN,1855,1852,-3,24,1916,159,165,131,977,1927,10,1934,1937,3,0,0,,,,,,
2015,11,15,7,WN,4006,N8652B,DEN,LAX,1205,1214,9,10,1224,150,151,131,862,1335,10,1335,1345,10,0,0,,,,,,
2015,8,12,3,DL,2250,N986AT,GSP,ATL,1200,1203,3,16,1219,70,55,31,153,1250,8,1310,1258,-12,0,0,,,,,,
2015,8,24,1,OO,6439,N984CA,DEN,BOI,1511,1508,-3,18,1526,126,118,96,649,1702,4,1717,1706,-11,0,0,,,,,,
2015,7,9,4,OO,5619,N755SK,LIT,DEN,1643,1651,8,13,1704,138,202,115,771,1759,74,1801,1913,72,0,0,,64,0,0,8,0
2015,3,8,7,DL,2005,N922DX,DTW,ATL,1210,1214,4,19,1233,128,110,84,594,1357,7,1418,1404,-14,0,0,,,,,,
2015,8,3,1,WN,745,N7740A,OAK,BUR,1130,1128,-2,7,1135,65,60,51,325,1226,2,1235,1228,-7,0,0,,,,,,
2015,3,2,1,OO,2724,N897SK,SBP,PHX,1230,1229,-1,11,1240,99,106,87,509,1507,8,1509,1515,6,0,0,,,,,,
2015,4,23,4,WN,524,N743SW,OAK,PHX,2000,2007,7,10,2017,110,107,92,646,2149,5,2150,2154,4,0,0,,,,,,
2015,2,25,3,WN,39,N392SW,SAT,DAL,1430,1457,27,7,1504,60,52,42,248,1546,3,1530,1549,19,0,0,,0,0,1,18,0
2015,5,14,4,EV,4516,N14203,MEM,IAH,1838,1833,-5,15,1848,109,106,73,468,2001,18,2027,2019,-8,0,0,,,,,,
2015,8,14,5,UA,1024,N66848,EWR,SFO,1926,1946,20,14,2000,381,361,317,2565,2217,30,2247,2247,0,0,0,,,,,,
2015,8,16,7,OO,6406,N982SW,EUG,SFO,1248,1243,-5,11,1254,102,91,77,451,1411,3,1430,1414,-16,0,0,,,,,,
2015,9,13,7,WN,253,N231WN,EWR,BNA,600,554,-6,11,605,140,124,107,748,652,6,720,658,-22,0,0,,,,,,
2015,11,13,5,AA,751,N572UW,PHL,DFW,1630,1628,-2,31,1659,237,240,197,1303,1916,12,1927,1928,1,0,0,,,,,,
2015,1,15,4,OO,4684,N449SW,MSP,RST,1920,1922,2,35,1957,52,59,20,76,2017,4,2012,2021,9,0,0,,,,,,
2015,8,29,6,UA,1541,N16701,IAH,DEN,1738,1736,-2,18,1754,154,151,118,862,1852,15,1912,1907,-5,0,0,,,,,,
2015,8,23,7,WN,2978,N8325D,PDX,MDW,1445,1532,47,10,1542,240,223,206,1751,2108,7,2045,2115,30,0,0,,0,0,30,0,0
2015,12,3,4,DL,1914,N310DE,BHM,ATL,645,645,0,27,712,69,68,31,134,843,10,854,853,-1,0,0,,,,,,
2015,6,11,4,EV,4434,N14143,MCI,EWR,701,658,-3,21,719,169,174,147,1092,1046,6,1050,1052,2,0,0,,,,,,
2015,4,20,1,AA,1020,N4XJAA,LAX,AUS,1435,1429,-6,18,1447,173,172,150,1242,1917,4,1928,1921,-7,0,0,,,,,,
2015,4,1,3,US,598,N543UW,LAX,PHL,625,629,4,23,652,315,310,283,2402,1435,4,1440,1439,-1,0,0,,,,,,
2015,3,3,2,AA,341,N550AA,DFW,AUS,1620,1627,7,11,1638,57,58,37,190,1715,10,1717,1725,8,0,0,,,,,,
2015,11,16,1,AA,406,N672AW,BOI,PHX,645,639,-6,36,715,131,145,105,735,900,4,856,904,8,0,0,,,,,,
2015,5,21,4,EV,6066,N12195,ISN,IAH,1407,1403,-4,13,1416,222,199,174,1330,1710,12,1749,1722,-27,0,0,,,,,,
2015,9,16,3,EV,4281,N33182,PIT,IAH,1140,1134,-6,8,1142,194,173,156,1117,1318,9,1354,1327,-27,0,0,,,,,,
2015,8,28,5,AA,609,N575UW,ATL,CLT,1535,1529,-6,23,1552,87,75,41,226,1633,11,1702,1644,-18,0,0,,,,,,
2015,9,4,5,WN,2203,N772SW,RDU,BNA,1915,1908,-7,4,1912,90,75,66,442,1918,5,1945,1923,-22,0,0,,,,,,
2015,10,5,1,F9,566,N933FR,11292,14492,2355,2351,-4,11,2,195,185,168,1436,450,6,510,456,-14,0,0,,,,,,
2015,3,12,4,WN,148,N920WN,HOU,BNA,855,858,3,16,914,105,101,80,670,1034,5,1040,1039,-1,0,0,,,,,,
2015,1,25,7,WN,2135,N499WN,LAS,PHX,930,926,-4,15,941,65,70,49,255,1130,6,1135,1136,1,0,0,,,,,,
2015,3,2,1,AS,67,N516AS,JNU,ANC,1955,1937,-18,12,1949,105,95,79,571,2108,4,2140,2112,-28,0,0,,,,,,
2015,7,18,6,EV,4351,N14573,JAX,EWR,1120,1210,50,10,1220,144,138,120,820,1420,8,1344,1428,44,0,0,,0,0,0,44,0
2015,6,15,1,DL,2235,N345NB,MSP,BOI,912,905,-7,17,922,184,188,166,1142,1108,5,1116,1113,-3,0,0,,,,,,
2015,8,4,2,NK,936,N502NK,ACY,ORD,1649,1646,-3,8,1654,148,130,115,720,1749,7,1817,1756,-21,0,0,,,,,,
2015,5,14,4,AA,1348,N585AA,RDU,ORD,1810,1810,0,18,1828,135,151,106,646,1914,27,1925,1941,16,0,0,,16,0,0,0,0
2015,4,27,1,HA,516,N480HA,HNL,OGG,2150,2145,-5,9,2154,36,37,23,100,2217,5,2226,2222,-4,0,0,,,,,,
2015,1,12,1,EV,4283,N11536,DFW,IAH,935,953,18,12,1005,66,72,48,224,1053,12,1041,1105,24,0,0,,6,0,2,16,0
2015,9,10,4,AA,1004,N023AA,AUS,DFW,839,833,-6,8,841,72,54,40,190,921,6,951,927,-24,0,0,,,,,,
2015,5,29,5,AA,1541,N5CKAA,BOS,MIA,750,750,0,14,804,210,191,173,1258,1057,4,1120,1101,-19,0,0,,,,,,
2015,6,3,3,NK,936,N508NK,ACY,ORD,1649,1700,11,11,1711,148,126,107,720,1758,8,1817,1806,-11,0,0,,,,,,
2015,7,30,4,AS,619,N626AS,LAS,SEA,1055,1056,1,22,1118,147,161,126,867,1324,13,1322,1337,15,0,0,,15,0,0,0,0
2015,3,21,6,OO,2879,N492SW,SAN,LAX,1700,1653,-7,21,1714,48,54,27,109,1741,6,1748,1747,-1,0,0,,,,,,
2015,3,15,7,UA,632,N819UA,MSP,ORD,1058,1100,2,11,1111,97,82,54,334,1205,17,1235,1222,-13,0,0,,,,,,
2015,10,16,5,WN,617,N7822A,10397,12892,2040,2155,75,15,2210,300,272,252,1947,2322,5,2240,2327,47,0,0,,0,0,0,47,0
2015,12,4,5,DL,2305,N6710E,SFO,MSP,1234,1234,0,12,1246,220,191,176,1589,1742,3,1814,1745,-29,0,0,,,,,,
2015,3,11,3,WN,2073,N442WN,SAN,HOU,1025,1030,5,10,1040,175,174,161,1313,1521,3,1520,1524,4,0,0,,,,,,
2015,10,2,5,NK,642,N638NK,15304,11433,1455,1515,20,9,1524,150,129,114,983,1718,6,1725,1724,-1,0,0,,,,,,
2015,7,15,3,OO,4656,N460SW,MSP,DAY,1640,1636,-4,22,1658,107,109,82,574,1920,5,1927,1925,-2,0,0,,,,,,
2015,7,14,2,WN,1277,N685SW,TPA,IND,1750,1805,15,12,1817,135,157,140,837,2037,5,2005,2042,37,0,0,,22,0,10,5,0
2015,11,2,1,B6,228,N565JB,MCO,EWR,1110,1147,37,16,1203,158,157,134,937,1417,7,1348,1424,36,0,0,,0,0,23,13,0
2015,10,15,4,WN,2112,N383SW,13487,15016,1140,1141,1,13,1154,85,77,61,448,1255,3,1305,1258,-7,0,0,,,,,,
2015,4,7,2,OO,4679,N445SW,FNT,MSP,1200,1300,60,15,1315,103,107,86,491,1341,6,1243,1347,64,0,0,,4,0,0,60,0
2015,1,19,1,EV,4753,N11140,ORD,GRR,1614,1609,-5,14,1623,55,48,29,137,1752,5,1809,1757,-12,0,0,,,,,,
2015,12,23,3,DL,2185,N910DE,DTW,PHL,2030,2133,63,31,2204,98,110,74,453,2318,5,2208,2323,75,0,0,,75,0,0,0,0
2015,11,5,4,DL,1665,N311US,DFW,SLC,1415,1428,13,14,1442,167,161,144,989,1606,3,1602,1609,7,0,0,,,,,,
2015,6,10,3,WN,235,N251WN,OAK,ONT,1240,1256,16,7,1303,70,67,55,362,1358,5,1350,1403,13,0,0,,,,,,
2015,1,18,7,AA,1521,N3HNAA,MIA,LAS,925,922,-3,27,949,343,340,304,2174,1153,9,1208,1202,-6,0,0,,,,,,
2015,7,21,2,B6,63,N637JB,JFK,SEA,901,858,-3,26,924,370,362,330,2422,1154,6,1211,1200,-11,0,0,,,,,,
2015,9,25,5,NK,788,N604NK,LAS,DTW,2157,2158,1,12,2210,225,234,214,1749,444,8,442,452,10,0,0,,,,,,
2015,5,17,7,DL,2128,N6711M,DTW,MCO,1025,1023,-2,12,1035,155,142,124,957,1239,6,1300,1245,-15,0,0,,,,,,
2015,6,30,2,MQ,3029,N650MQ,CID,DFW,1417,1420,3,9,1429,126,114,88,685,1557,17,1623,1614,-9,0,0,,,,,,
2015,12,11,5,DL,2262,N195DN,LAX,JFK,1405,1357,-8,22,1419,323,287,258,2475,2137,7,2228,2144,-44,0,0,,,,,,
2015,8,4,2,OO,6368,N932EV,DEN,BIS,1723,1725,2,17,1742,98,94,74,516,1956,3,2001,1959,-2,0,0,,,,,,
2015,4,16,4,WN,2420,N725SW,SJC,LAX,1740,1747,7,10,1757,70,63,48,308,1845,5,1850,1850,0,0,0,,,,,,
2015,6,7,7,EV,4360,N13913,MAF,IAH,1935,1933,-2,10,1943,88,81,63,429,2046,8,2103,2054,-9,0,0,,,,,,
2015,1,3,6,OO,4606,N549CA,LAS,LAX,1636,1658,22,17,1715,72,65,41,236,1756,7,1748,1803,15,0,0,,0,0,15,0,0
2015,11,14,6,AA,1051,N879AA,SFO,DFW,59,59,0,13,112,196,196,175,1464,607,8,615,615,0,0,0,,,,,,
2015,10,18,7,AA,560,N186US,14107,14747,730,722,-8,14,736,181,176,148,1107,1004,14,1031,1018,-13,0,0,,,,,,
2015,1,18,7,HA,223,N486HA,HNL,LIH,2001,1954,-7,9,2003,37,35,21,102,2024,5,2038,2029,-9,0,0,,,,,,
2015,3,21,6,EV,5021,N153PQ,MSP,JAX,1122,1119,-3,18,1137,175,172,140,1174,1457,14,1517,1511,-6,0,0,,,,,,
2015,7,2,4,AA,2063,N150UW,MCO,CLT,1200,1158,-2,13,1211,103,100,75,468,1326,12,1343,1338,-5,0,0,,,,,,
2015,11,5,4,DL,2441,N966DL,ATL,MEM,810,809,-1,18,827,85,83,61,332,828,4,835,832,-3,0,0,,,,,,
2015,9,29,2,WN,638,N769SW,MDW,LAX,1345,1359,14,10,1409,265,261,248,1750,1617,3,1610,1620,10,0,0,,,,,,
2015,1,27,2,NK,734,N632NK,DFW,DTW,1955,1946,-9,20,2006,143,173,143,986,2329,10,2318,2339,21,0,0,,21,0,0,0,0
2015,9,30,3,AS,374,N613AS,SEA,SMF,1215,1213,-2,18,1231,103,109,86,605,1357,5,1358,1402,4,0,0,,,,,,
2015,3,6,5,WN,3925,N434WN,BUR,OAK,1920,1931,11,9,1940,75,64,48,325,2028,7,2035,2035,0,0,0,,,,,,
2015,6,14,7,UA,1190,N33714,ORD,PDX,1227,1535,188,22,1557,261,256,232,1739,1749,2,1448,1751,183,0,0,,0,0,183,0,0
2015,9,11,5,OO,4713,N8933B,SLC,SMF,1515,1503,-12,25,1528,108,112,79,532,1547,8,1603,1555,-8,0,0,,,,,,
2015,9,2,3,MQ,3645,N928MQ,ORD,FSD,2003,2002,-1,15,2017,103,91,73,462,2130,3,2146,2133,-13,0,0,,,,,,
2015,1,15,4,DL,1923,N361NB,LGA,MIA,1329,1331,2,56,1427,205,215,155,1096,1702,4,1654,1706,12,0,0,,,,,,
2015,1,24,6,MQ,3666,N933MQ,LSE,ORD,1003,951,-12,9,1000,72,59,43,215,1043,7,1115,1050,-25,0,0,,,,,,
2015,4,11,6,EV,6033,N17159,SHV,IAH,1347,1340,-7,10,1350,63,69,48,192,1438,11,1450,1449,-1,0,0,,,,,,
2015,8,22,6,EV,5086,N228PQ,CLE,MSP,730,725,-5,12,737,114,109,91,622,808,6,824,814,-10,0,0,,,,,,
2015,1,4,7,EV,4723,N10156,DEN,GUC,1940,2003,23,10,2013,52,48,34,152,2047,4,2032,2051,19,0,0,,0,0,18,1,0
2015,10,11,7,WN,5078,N202WN,11259,14100,905,902,-3,11,913,190,199,180,1295,1313,8,1315,1321,6,0,0,,,,,,
2015,1,25,7,EV,5073,N614QX,MSP,BIS,2140,2137,-3,11,2148,90,82,67,386,2255,4,2310,2259,-11,0,0,,,,,,
2015,2,15,7,B6,183,N584JB,JFK,MCO,1759,1757,-2,15,1812,178,160,140,944,2032,5,2057,2037,-20,0,0,,,,,,
2015,3,30,1,UA,647,N516UA,IAD,SFO,1956,2002,6,11,2013,353,339,321,2419,2234,7,2249,2241,-8,0,0,,,,,,
2015,6,2,2,WN,1031,N357SW,SFO,SAN,600,603,3,11,614,90,80,66,447,720,3,730,723,-7,0,0,,,,,,
2015,10,21,3,DL,823,N911DA,11057,10397,540,537,-3,17,554,70,65,41,226,635,7,650,642,-8,0,0,,,,,,
2015,1,5,1,US,2113,N956UW,BOS,DCA,1200,1155,-5,14,1209,90,100,84,399,1333,2,1330,1335,5,0,0,,,,,,
2015,9,28,1,WN,2582,N944WN,SAN,LAS,850,850,0,10,900,75,65,49,258,949,6,1005,955,-10,0,0,,,,,,
2015,6,7,7,NK,943,N528NK,ORD,ACY,650,709,19,19,728,114,125,102,720,1010,4,944,1014,30,0,0,,30,0,0,0,0
2015,12,26,6,DL,342,N360NW,ATL,BNA,2040,2158,78,12,2210,72,62,43,214,2153,7,2052,2200,68,0,0,,0,0,68,0,0
2015,5,1,5,DL,2078,N329NB,SAN,SLC,1632,1623,-9,22,1645,113,113,87,626,1912,4,1925,1916,-9,0,0,,,,,,
2015,2,24,2,DL,1765,N549US,ATL,RSW,1225,1222,-3,13,1235,105,93,76,515,1351,4,1410,1355,-15,0,0,,,,,,
2015,2,7,6,WN,4032,N8312C,MHT,MCO,1115,1115,0,13,1128,215,170,151,1142,1359,6,1450,1405,-45,0,0,,,,,,
2015,10,21,3,DL,5,N358NB,10397,14122,1415,1412,-3,16,1428,97,100,73,526,1541,11,1552,1552,0,0,0,,,,,,
2015,8,6,4,OO,6337,N926SW,FCA,DEN,1359,1403,4,20,1423,132,136,103,752,1606,13,1611,1619,8,0,0,,,,,,
2015,4,8,3,US,713,N575UW,CLT,MSP,1119,1124,5,15,1139,159,168,148,930,1307,5,1258,1312,14,0,0,,,,,,
2015,6,28,7,OO,4486,N825SK,BNA,MSP,614,609,-5,10,619,136,150,136,695,835,4,830,839,9,0,0,,,,,,
2015,6,1,1,WN,160,N7816B,SJC,LAX,1825,1821,-4,17,1838,70,77,51,308,1929,9,1935,1938,3,0,0,,,,,,
2015,7,31,5,WN,178,N7728D,AUS,ELP,2030,2037,7,16,2053,90,89,69,528,2102,4,2100,2106,6,0,0,,,,,,
2015,8,9,7,DL,993,N326NB,ATL,CRW,2043,2040,-3,12,2052,86,69,52,363,2144,5,2209,2149,-20,0,0,,,,,,
2015,7,21,2,AS,578,N305AS,PDX,LAX,1435,1430,-5,20,1450,145,144,115,834,1645,9,1700,1654,-6,0,0,,,,,,
2015,9,18,5,UA,529,N833UA,EWR,SNA,1306,1330,24,9,1339,364,351,336,2434,1615,6,1610,1621,11,0,0,,,,,,
2015,6,21,7,AS,486,N530AS,SEA,SAN,1425,1423,-2,21,1444,157,163,139,1050,1703,3,1702,1706,4,0,0,,,,,,
2015,4,10,5,WN,269,N8307K,BWI,MDW,1755,1808,13,13,1821,120,122,104,611,1905,5,1855,1910,15,0,0,,2,0,13,0,0
2015,10,16,5,WN,2565,N453WN,15304,10423,1115,1115,0,9,1124,155,142,129,928,1233,4,1250,1237,-13,0,0,,,,,,
2015,7,27,1,WN,840,N284WN,DAL,MDW,1030,1031,1,7,1038,130,136,104,793,1222,25,1240,1247,7,0,0,,,,,,
2015,11,15,7,WN,194,N737JW,GRR,MCO,1215,1240,25,8,1248,175,158,137,1024,1505,13,1510,1518,8,0,0,,,,,,
2015,9,30,3,AA,2306,N3KCAA,PBI,DFW,1344,1335,-9,13,1348,189,176,152,1102,1520,11,1553,1531,-22,0,0,,,,,,
2015,4,28,2,DL,2126,N940DN,PIT,ATL,820,818,-2,9,827,110,97,79,526,946,9,1010,955,-15,0,0,,,,,,
2015,4,20,1,DL,1675,N944DL,ATL,IAH,1205,1205,0,18,1223,135,139,114,689,1317,7,1320,1324,4,0,0,,,,,,
2015,7,5,7,WN,4041,N248WN,DEN,GEG,1150,1147,-3,12,1159,140,133,115,836,1254,6,1310,1300,-10,0,0,,,,,,
2015,11,17,2,WN,687,N630WN,SEA,DAL,855,914,19,25,939,220,229,197,1670,1456,7,1435,1503,28,0,0,,9,0,8,11,0
2015,2,19,4,AA,2379,N467AA,RDU,DFW,629,624,-5,13,637,201,192,163,1061,820,16,850,836,-14,0,0,,,,,,
2015,8,17,1,F9,658,N919FR,SFO,DEN,1010,1004,-6,14,1018,147,147,123,967,1321,10,1337,1331,-6,0,0,,,,,,
2015,2,8,7,NK,762,N517NK,ATL,ORD,920,938,18,12,950,120,120,93,606,1023,15,1020,1038,18,0,0,,0,0,18,0,0
2015,11,5,4,DL,1792,N829DN,SAN,ATL,2230,2226,-4,11,2237,237,228,208,1892,505,9,527,514,-13,0,0,,,,,,
2015,9,10,4,AA,1880,N764US,DCA,PVD,1135,1340,125,58,1438,76,150,88,356,1606,4,1251,1610,199,0,0,,199,0,0,0,0
2015,10,12,1,AS,674,N557AS,14747,11292,640,635,-5,15,650,150,137,116,1024,946,6,1010,952,-18,0,0,,,,,,
2015,6,12,5,WN,3229,N430WN,BUR,OAK,935,939,4,12,951,70,68,49,325,1040,7,1045,1047,2,0,0,,,,,,
2015,5,26,2,OO,4700,N813SK,SMF,LAX,607,603,-4,18,621,93,84,56,373,717,10,740,727,-13,0,0,,,,,,
2015,7,7,2,OO,6345,N716SK,ORD,OKC,1911,2034,83,30,2104,131,149,110,693,2254,9,2122,2303,101,0,0,,18,0,0,83,0
2015,1,9,5,WN,61,N604SW,DAL,HOU,2130,2237,67,7,2244,65,51,38,239,2322,6,2235,2328,53,0,0,,0,0,53,0,0
2015,5,10,7,MQ,3389,N8EGMQ,PIT,ORD,1215,1206,-9,10,1216,95,92,72,413,1228,10,1250,1238,-12,0,0,,,,,,
2015,3,24,2,EV,5783,N14558,IAH,LFT,742,729,-13,22,751,58,71,43,201,834,6,840,840,0,0,0,,,,,,
2015,5,1,5,WN,621,N558WN,FLL,TPA,640,705,25,11,716,60,49,34,197,750,4,740,754,14,0,0,,,,,,
2015,8,28,5,AA,1754,N770UW,CLT,BDL,1849,1844,-5,17,1901,117,111,91,644,2032,3,2046,2035,-11,0,0,,,,,,
2015,6,1,1,VX,241,N625VA,ORD,LAX,1725,1724,-1,15,1739,275,257,231,1744,1930,11,2000,1941,-19,0,0,,,,,,
2015,1,14,3,EV,5541,N850AS,ATL,AGS,907,905,-2,17,922,51,49,30,143,952,2,958,954,-4,0,0,,,,,,
2015,11,20,5,WN,2935,N283WN,BWI,ATL,1910,1910,0,11,1921,125,119,95,577,2056,13,2115,2109,-6,0,0,,,,,,
2015,1,27,2,DL,2144,N325NB,DTW,DCA,1726,1725,-1,12,1737,92,88,73,405,1850,3,1858,1853,-5,0,0,,,,,,
2015,6,21,7,OO,6203,N128SY,ORD,DCA,1520,1520,0,17,1537,119,108,84,612,1801,7,1819,1808,-11,0,0,,,,,,
2015,11,10,2,HA,45,N583HA,SJC,OGG,720,709,-11,11,720,335,312,296,2355,1016,5,1055,1021,-34,0,0,,,,,,
2015,11,8,7,DL,798,N974AT,TYS,ATL,1720,1719,-1,12,1731,66,65,45,152,1816,8,1826,1824,-2,0,0,,,,,,
2015,1,18,7,EV,4565,N15912,GSO,EWR,1900,,,,,99,,,445,,,2039,,,0,1,C,,,,,
2015,3,1,7,WN,465,N7709A,ECP,HOU,1010,1005,-5,8,1013,120,113,101,571,1154,4,1210,1158,-12,0,0,,,,,,
2015,4,2,4,EV,5449,N612QX,DTW,ELM,1354,1346,-8,20,1406,66,74,50,332,1456,4,1500,1500,0,0,0,,,,,,
2015,4,15,3,WN,1079,N770SA,PHX,RNO,2105,2105,0,13,2118,105,112,94,601,2252,5,2250,2257,7,0,0,,,,,,
2015,9,4,5,AS,29,N461AS,ORD,SEA,1525,1524,-1,30,1554,259,262,229,1721,1743,3,1744,1746,2,0,0,,,,,,
2015,6,25,4,DL,1561,N934DL,ATL,PHL,1110,1215,65,17,1232,129,112,91,666,1403,4,1319,1407,48,0,0,,0,0,48,0,0
2015,12,6,7,B6,578,N766JB,SFO,FLL,1026,1138,72,18,1156,314,313,289,2584,1945,6,1840,1951,71,0,0,,0,0,1,70,0
2015,8,19,3,DL,1540,N964DL,OKC,ATL,600,617,17,15,632,125,122,101,761,913,6,905,919,14,0,0,,,,,,
2015,7,16,4,AA,2223,N3HHAA,ORD,LAX,1400,1445,45,19,1504,276,262,232,1744,1656,11,1636,1707,31,0,0,,0,0,4,27,0
2015,1,23,5,EV,5225,N860AS,ATL,CID,2054,2151,57,12,2203,132,115,97,694,2240,6,2206,2246,40,0,0,,0,0,0,40,0
2015,10,23,5,WN,2852,N7826B,12889,14908,1235,1230,-5,11,1241,65,57,42,226,1323,4,1340,1327,-13,0,0,,,,,,
2015,3,22,7,DL,1500,N950DN,ATL,BOS,1350,1354,4,14,1408,163,134,115,946,1603,5,1633,1608,-25,0,0,,,,,,
2015,3,21,6,WN,2157,N470WN,LAS,SAN,1110,1119,9,10,1129,70,62,48,258,1217,4,1220,1221,1,0,0,,,,,,
2015,5,4,1,EV,4131,N11565,ICT,IAH,1831,1832,1,10,1842,104,95,80,542,2002,5,2015,2007,-8,0,0,,,,,,
2015,2,26,4,WN,711,N227WN,SAT,LAS,800,754,-6,10,804,180,180,166,1069,850,4,900,854,-6,0,0,,,,,,
2015,5,5,2,DL,1579,N918DE,DTW,MIA,1205,1204,-1,22,1226,184,185,157,1145,1503,6,1509,1509,0,0,0,,,,,,
2015,11,22,7,DL,879,N919AT,IND,DTW,630,626,-4,25,651,70,72,41,231,732,6,740,738,-2,0,0,,,,,,
2015,2,26,4,MQ,3277,N657MQ,ORD,GRR,740,,,,,45,,,137,,,925,,,0,1,B,,,,,
2015,3,26,4,AS,37,N622AS,MSP,SEA,1620,1615,-5,8,1623,220,199,186,1399,1729,5,1800,1734,-26,0,0,,,,,,
2015,6,26,5,WN,989,N246LV,SJC,PHX,1700,1700,0,7,1707,110,107,92,621,1839,8,1850,1847,-3,0,0,,,,,,
2015,7,14,2,AS,477,N566AS,LAX,SEA,600,555,-5,28,623,160,174,138,954,841,8,840,849,9,0,0,,,,,,
2015,2,6,5,OO,5382,N905SW,MBS,ORD,1956,1945,-11,20,2005,75,70,43,222,1948,7,2011,1955,-16,0,0,,,,,,
2015,7,25,6,OO,6354,N930SW,MTJ,DEN,948,944,-4,30,1014,64,79,37,196,1051,12,1052,1103,11,0,0,,,,,,
2015,3,19,4,UA,1292,N17233,HDN,IAH,1442,1436,-6,10,1446,163,168,137,985,1803,21,1825,1824,-1,0,0,,,,,,
2015,8,17,1,WN,345,N494WN,MSY,DAL,1250,1243,-7,10,1253,85,79,65,436,1358,4,1415,1402,-13,0,0,,,,,,
2015,4,29,3,US,544,N556UW,PHX,DFW,1235,1233,-2,21,1254,141,157,121,868,1655,15,1656,1710,14,0,0,,,,,,
2015,6,1,1,US,2164,N952UW,LGA,DCA,1700,104,484,27,131,83,73,43,214,214,3,1823,217,474,0,0,,0,0,6,468,0
2015,11,12,4,OO,4643,N897SK,LGB,SLC,715,710,-5,15,725,113,107,84,588,949,8,1008,957,-11,0,0,,,,,,
2015,6,2,2,EV,2665,N676AE,DFW,GSO,1440,1500,20,10,1510,151,149,138,999,1828,1,1811,1829,18,0,0,,0,0,17,1,0
2015,1,10,6,DL,1331,N681DA,ATL,ORD,1909,1909,0,17,1926,126,116,92,606,1958,7,2015,2005,-10,0,0,,,,,,
2015,5,31,7,DL,2484,N377NW,ATL,MIA,2000,2031,31,37,2108,118,126,85,594,2233,4,2158,2237,39,0,0,,8,0,31,0,0
2015,6,8,1,US,556,N549UW,MCO,PHX,735,728,-7,19,747,273,277,243,1849,850,15,908,905,-3,0,0,,,,,,
2015,6,26,5,NK,1064,N632NK,MCO,CLE,1101,1352,171,63,1455,147,193,125,895,1700,5,1328,1705,217,0,0,,46,0,147,24,0
2015,5,14,4,DL,2679,N603AT,BOS,LGA,1300,1305,5,19,1324,77,64,37,184,1401,8,1417,1409,-8,0,0,,,,,,
2015,5,8,5,AA,1042,N3JHAA,SAN,MIA,2215,2301,46,14,2315,277,273,253,2267,628,6,552,634,42,0,0,,0,0,1,41,0
2015,3,27,5,WN,3149,N8328A,TPA,MKE,1820,1820,0,26,1846,170,163,134,1075,2000,3,2010,2003,-7,0,0,,,,,,
2015,12,24,4,WN,1437,N7705A,PDX,DEN,1110,1118,8,7,1125,140,132,119,991,1424,6,1430,1430,0,0,0,,,,,,
2015,4,19,7,WN,1624,N449WN,LAS,SMF,2200,2202,2,14,2216,90,83,61,397,2317,8,2330,2325,-5,0,0,,,,,,
2015,5,24,7,US,1936,N745VJ,ATL,CLT,1020,1017,-3,13,1030,76,58,41,226,1111,4,1136,1115,-21,0,0,,,,,,
2015,3,20,5,DL,2487,N317US,SLC,MCI,1345,1340,-5,14,1354,136,132,112,920,1646,6,1701,1652,-9,0,0,,,,,,
2015,11,7,6,AA,279,N474AA,MEM,DFW,1244,1240,-4,12,1252,102,101,78,431,1410,11,1426,1421,-5,0,0,,,,,,
2015,6,13,6,EV,5212,N614QX,MHT,DTW,840,836,-4,14,850,126,114,96,610,1026,4,1046,1030,-16,0,0,,,,,,
2015,2,4,3,WN,778,N768SW,DAL,SAT,1805,1805,0,8,1813,60,57,43,248,1856,6,1905,1902,-3,0,0,,,,,,
2015,10,15,4,UA,1608,N12225,10397,14771,1856,1938,42,25,2003,321,343,289,2139,2152,29,2117,2221,64,0,0,,22,0,31,11,0
2015,1,10,6,AA,241,N3ACAA,ORD,SFO,1610,1619,9,13,1632,284,270,253,1846,1845,4,1854,1849,-5,0,0,,,,,,
2015,4,12,7,EV,2516,N903EV,MLU,DFW,1745,1733,-12,7,1740,76,68,54,293,1834,7,1901,1841,-20,0,0,,,,,,
2015,5,14,4,DL,2168,N130DL,MSP,LAX,921,916,-5,25,941,244,240,205,1535,1106,10,1125,1116,-9,0,0,,,,,,
2015,8,18,2,HA,181,N492HA,ITO,HNL,1314,1310,-4,8,1318,53,51,38,216,1356,5,1407,1401,-6,0,0,,,,,,
2015,8,31,1,OO,5644,N133SY,ORD,MSP,1553,1621,28,17,1638,91,77,54,334,1732,6,1724,1738,14,0,0,,,,,,
2015,11,22,7,WN,1640,N907WN,LAS,FNT,1015,1013,-2,10,1023,225,213,198,1733,1641,5,1700,1646,-14,0,0,,,,,,
2015,7,11,6,DL,1585,N958DL,LGA,MCO,1800,1757,-3,15,1812,182,152,131,950,2023,6,2102,2029,-33,0,0,,,,,,
2015,5,10,7,EV,6022,N13903,ORD,LEX,2134,2131,-3,19,2150,78,88,62,323,2352,7,2352,2359,7,0,0,,,,,,
2015,10,31,6,NK,293,N619NK,14057,12889,1858,1934,36,9,1943,119,119,103,763,2126,7,2057,2133,36,0,0,,36,0,0,0,0
2015,12,12,6,F9,1012,N954FR,IAH,PHL,1255,1251,-4,12,1303,195,195,172,1325,1655,11,1710,1706,-4,0,0,,,,,,
2015,2,28,6,WN,4328,N554WN,LGA,DEN,1035,1118,43,12,1130,280,250,233,1620,1323,5,1315,1328,13,0,0,,,,,,
2015,4,26,7,MQ,3599,N855MQ,CLE,LGA,1640,1628,-12,14,1642,98,81,63,419,1745,4,1818,1749,-29,0,0,,,,,,
2015,6,8,1,WN,3656,N761RR,CAK,LGA,635,631,-4,18,649,80,88,64,397,753,6,755,759,4,0,0,,,,,,
2015,4,7,2,WN,1676,N759GS,SMF,BUR,2020,2044,24,7,2051,70,60,51,358,2142,2,2130,2144,14,0,0,,,,,,
2015,5,8,5,EV,4755,N14972,ORD,CAE,1915,1925,10,31,1956,118,125,89,667,2225,5,2213,2230,17,0,0,,7,0,0,10,0
2015,7,28,2,AA,2066,N127UW,TPA,CLT,1020,1013,-7,21,1034,104,119,83,507,1157,15,1204,1212,8,0,0,,,,,,
2015,6,11,4,DL,2599,N344NB,ATL,BNA,1515,1515,0,24,1539,76,67,38,214,1517,5,1531,1522,-9,0,0,,,,,,
2015,1,4,7,B6,448,N828JB,LGB,OAK,2045,2041,-4,8,2049,78,69,56,353,2145,5,2203,2150,-13,0,0,,,,,,
2015,4,13,1,B6,381,N351JB,BOS,RIC,2013,2047,34,12,2059,103,90,75,474,2214,3,2156,2217,21,0,0,,0,0,1,20,0
2015,9,29,2,AA,2207,N875AA,DFW,SFO,910,912,2,23,935,230,225,195,1464,1050,7,1100,1057,-3,0,0,,,,,,
2015,3,31,2,WN,998,N487WN,MDW,HOU,1040,1039,-1,7,1046,160,141,131,937,1257,3,1320,1300,-20,0,0,,,,,,
2015,12,29,2,DL,1426,N806DN,SFO,MSP,25,21,-4,11,32,217,219,201,1589,553,7,602,600,-2,0,0,,,,,,
2015,11,23,1,AA,1292,N3AUAA,DFW,TUL,1230,1252,22,14,1306,67,62,44,237,1350,4,1337,1354,17,0,0,,0,0,0,17,0
2015,6,23,2,NK,185,N616NK,CLE,LAX,1718,1845,87,8,1853,302,286,270,2052,2023,8,1920,2031,71,0,0,,0,0,0,71,0
2015,11,27,5,DL,2578,N351NW,ATL,GSO,1050,1050,0,13,1103,77,67,46,306,1149,8,1207,1157,-10,0,0,,,,,,
2015,5,12,2,MQ,3077,N544MQ,GRR,DFW,1625,1632,7,8,1640,167,150,133,931,1753,9,1812,1802,-10,0,0,,,,,,
2015,1,28,3,MQ,3153,N819MQ,DFW,TLH,1010,1032,22,12,1044,116,114,96,767,1320,6,1306,1326,20,0,0,,0,0,20,0,0
2015,9,15,2,OO,5177,N708SK,CRP,IAH,535,534,-1,10,544,59,51,36,201,620,5,634,625,-9,0,0,,,,,,
2015,10,30,5,WN,3121,N644SW,11292,12339,1010,1005,-5,21,1026,145,139,113,977,1419,5,1435,1424,-11,0,0,,,,,,
2015,6,4,4,EV,4402,N23139,IAH,RDU,1358,1354,-4,7,1401,168,157,140,1042,1721,10,1746,1731,-15,0,0,,,,,,
2015,7,7,2,HA,323,N475HA,HNL,LIH,2145,2136,-9,18,2154,37,46,22,102,2216,6,2222,2222,0,0,0,,,,,,
2015,12,7,1,AA,2488,N481AA,DFW,TPA,705,735,30,12,747,142,135,120,929,1047,3,1027,1050,23,0,0,,0,0,23,0,0
2015,1,11,7,AA,149,N3FLAA,ORD,JFK,1935,2032,57,19,2051,132,118,95,740,2326,4,2247,2330,43,0,0,,0,0,16,0,27
2015,4,13,1,US,2153,N950UW,DCA,LGA,1700,1652,-8,30,1722,89,84,46,214,1808,8,1829,1816,-13,0,0,,,,,,
2015,4,28,2,DL,2305,N930DN,SFO,MSP,1245,1240,-5,17,1257,217,224,201,1589,1818,6,1822,1824,2,0,0,,,,,,
2015,5,21,4,B6,57,N316JB,BOS,IAD,700,653,-7,18,711,97,103,81,413,832,4,837,836,-1,0,0,,,,,,
2015,5,16,6,NK,600,N509NK,ATL,DFW,1828,1824,-4,13,1837,138,139,115,731,1932,11,1946,1943,-3,0,0,,,,,,
2015,11,7,6,EV,3842,N12163,LAN,ORD,1300,1259,-1,14,1313,65,60,38,179,1251,8,1305,1259,-6,0,0,,,,,,
2015,8,10,1,WN,1260,N7704B,HOU,DEN,1440,1630,110,7,1637,145,166,152,883,1809,7,1605,1816,131,0,0,,21,0,110,0,0
2015,1,17,6,US,562,N763US,SJC,PHX,1235,1224,-11,10,1234,107,103,85,621,1459,8,1522,1507,-15,0,0,,,,,,
2015,8,26,3,AA,891,N924US,ORD,CLT,1035,1026,-9,10,1036,120,99,85,599,1301,4,1335,1305,-30,0,0,,,,,,
2015,5,14,4,OO,5175,N792SK,SLC,IAH,1002,1003,1,18,1021,178,197,175,1195,1416,4,1400,1420,20,0,0,,19,0,0,1,0
2015,1,28,3,DL,150,N997DL,ATL,DCA,1050,1045,-5,26,1111,104,117,87,547,1238,4,1234,1242,8,0,0,,,,,,
2015,11,19,4,OO,3476,N170SY,PDX,STL,1015,1037,22,15,1052,230,201,180,1708,1552,6,1605,1558,-7,0,0,,,,,,
2015,1,1,4,WN,366,N7811F,ATL,BDL,2120,2143,23,13,2156,135,122,105,859,2341,4,2335,2345,10,0,0,,,,,,
2015,2,20,5,DL,2204,N811DZ,SLC,LAX,1128,1121,-7,11,1132,122,109,85,590,1157,13,1230,1210,-20,0,0,,,,,,
2015,11,16,1,DL,2636,N936DL,CLE,ATL,615,611,-4,13,624,115,100,80,554,744,7,810,751,-19,0,0,,,,,,
2015,2,9,1,EV,4208,N14562,SHV,IAH,530,523,-7,19,542,60,63,34,192,616,10,630,626,-4,0,0,,,,,,
2015,12,8,2,WN,493,N776WN,MCO,DAY,840,838,-2,12,850,140,127,110,808,1040,5,1100,1045,-15,0,0,,,,,,
2015,6,13,6,NK,326,N632NK,LAX,IAH,1605,1757,112,8,1805,190,207,167,1379,2252,32,2115,2324,129,0,0,,17,0,7,105,0
2015,10,30,5,WN,2455,N461WN,15016,11278,2000,1951,-9,7,1958,115,101,89,719,2227,5,2255,2232,-23,0,0,,,,,,
2015,12,11,5,AA,2013,N807AW,CLT,RDU,935,929,-6,8,937,55,43,32,130,1009,3,1030,1012,-18,0,0,,,,,,
2015,11,28,6,WN,3539,N370SW,LAS,SAT,845,840,-5,10,850,150,145,130,1069,1300,5,1315,1305,-10,0,0,,,,,,
2015,8,26,3,OO,4593,N783CA,DTW,FWA,1559,1556,-3,22,1618,53,52,25,128,1643,5,1652,1648,-4,0,0,,,,,,
2015,11,18,3,DL,2583,N823DN,CMH,ATL,700,657,-3,17,714,111,103,79,447,833,7,851,840,-11,0,0,,,,,,
2015,7,3,5,B6,144,N535JB,CHS,DCA,745,1155,250,21,1216,83,89,63,444,1319,5,908,1324,256,0,0,,6,0,250,0,0
2015,11,28,6,NK,970,N616NK,DEN,FLL,2345,2335,-10,13,2348,218,208,187,1703,455,8,523,503,-20,0,0,,,,,,
2015,5,10,7,EV,4300,N25134,EWR,RIC,1535,1533,-2,21,1554,85,82,51,277,1645,10,1700,1655,-5,0,0,,,,,,
2015,8,28,5,EV,4154,N12567,ORD,BUF,740,734,-6,12,746,90,80,67,473,953,1,1010,954,-16,0,0,,,,,,
2015,8,30,7,WN,1335,N715SW,MDW,SDF,1115,1116,1,6,1122,60,52,41,271,1303,5,1315,1308,-7,0,0,,,,,,
2015,2,22,7,US,475,N567UW,CLT,SFO,2005,2018,13,14,2032,348,332,313,2296,2245,5,2253,2250,-3,0,0,,,,,,
2015,1,18,7,AA,1268,N3JUAA,TPA,MIA,1000,959,-1,10,1009,67,73,41,204,1050,22,1107,1112,5,0,0,,,,,,
2015,5,8,5,AA,1686,N4YAAA,ABQ,DFW,1511,1526,15,10,1536,109,105,89,569,1805,6,1800,1811,11,0,0,,,,,,
2015,4,17,5,WN,524,N902WN,GSP,MDW,1525,1525,0,9,1534,105,96,81,562,1555,6,1610,1601,-9,0,0,,,,,,
2015,6,13,6,DL,2433,N918DL,ATL,MSY,855,853,-2,15,908,88,82,62,425,910,5,923,915,-8,0,0,,,,,,
2015,4,21,2,DL,1890,N355NB,DFW,ATL,600,557,-3,17,614,121,121,95,731,849,9,901,858,-3,0,0,,,,,,
2015,6,3,3,DL,2420,N954AT,DTW,ORD,1016,1013,-3,16,1029,77,68,39,235,1008,13,1033,1021,-12,0,0,,,,,,
2015,2,1,7,B6,201,N913JB,JFK,FLL,1730,1733,3,16,1749,194,182,158,1069,2027,8,2044,2035,-9,0,0,,,,,,
2015,1,26,1,NK,925,N631NK,DFW,OAK,605,602,-3,14,616,238,204,182,1457,718,8,803,726,-37,0,0,,,,,,
2015,9,3,4,AS,106,N764AS,ANC,SEA,2345,2336,-9,14,2350,208,193,174,1448,344,5,413,349,-24,0,0,,,,,,
2015,2,28,6,WN,4481,N7735A,DAL,SFO,1205,1250,45,16,1306,235,235,214,1476,1440,5,1400,1445,45,0,0,,0,0,7,38,0
2015,5,11,1,DL,1134,N686DA,PBI,ATL,1110,1124,14,22,1146,107,110,81,545,1307,7,1257,1314,17,0,0,,3,0,8,6,0
2015,5,23,6,B6,390,N570JB,DCA,BOS,1124,1119,-5,11,1130,88,80,63,399,1233,6,1252,1239,-13,0,0,,,,,,
2015,1,18,7,OO,5616,N913SW,HLN,DEN,620,617,-3,27,644,122,106,73,594,757,6,822,803,-19,0,0,,,,,,
2015,9,7,1,DL,798,N315US,BOS,DTW,1442,1436,-6,26,1502,130,123,92,632,1634,5,1652,1639,-13,0,0,,,,,,
2015,5,8,5,NK,725,N510NK,MCI,IAH,645,839,114,15,854,112,118,96,643,1030,7,837,1037,120,0,0,,6,0,2,112,0
2015,9,21,1,AA,1572,N3BEAA,MIA,LAS,1850,1847,-3,10,1857,318,300,284,2174,2041,6,2108,2047,-21,0,0,,,,,,
2015,7,27,1,UA,1710,N26208,ORD,SFO,940,941,1,28,1009,276,301,245,1846,1214,28,1216,1242,26,0,0,,26,0,0,0,0
2015,5,17,7,UA,1704,N37273,TPA,IAH,1516,1606,50,12,1618,144,148,126,787,1724,10,1640,1734,54,0,0,,54,0,0,0,0
2015,8,8,6,WN,38,N758SW,ATL,HOU,1345,1354,9,14,1408,130,115,95,696,1443,6,1455,1449,-6,0,0,,,,,,
2015,5,10,7,OO,2753,N821AS,PHX,TUS,1030,1023,-7,17,1040,51,45,24,110,1104,4,1121,1108,-13,0,0,,,,,,
2015,11,7,6,AA,1598,N3BLAA,EWR,MIA,1720,1713,-7,20,1733,206,187,153,1085,2006,14,2046,2020,-26,0,0,,,,,,
2015,8,28,5,EV,4643,N17560,ICT,IAH,615,608,-7,14,622,109,103,79,542,741,10,804,751,-13,0,0,,,,,,
2015,2,19,4,DL,1636,N316NB,STL,MSP,912,903,-9,11,914,90,95,77,448,1031,7,1042,1038,-4,0,0,,,,,,
2015,9,14,1,UA,1197,N75858,SFO,IAH,45,47,2,13,100,215,202,182,1635,602,7,620,609,-11,0,0,,,,,,
2015,11,5,4,AA,1384,N3KDAA,DFW,FLL,2010,2112,62,13,2125,164,160,145,1119,50,2,2354,52,58,0,0,,0,0,0,51,7
2015,9,9,3,DL,89,N757AT,SAN,SLC,1315,1315,0,14,1329,110,101,83,626,1552,4,1605,1556,-9,0,0,,,,,,
2015,1,26,1,WN,4838,N8633A,HOU,DEN,1330,1329,-1,8,1337,155,140,127,883,1444,5,1505,1449,-16,0,0,,,,,,
2015,4,7,2,DL,1832,N998DL,ATL,DAB,2026,2021,-5,15,2036,79,77,58,366,2134,4,2145,2138,-7,0,0,,,,,,
2015,12,19,6,WN,2786,N276WN,MDW,CLE,1615,1611,-4,8,1619,70,59,45,307,1804,6,1825,1810,-15,0,0,,,,,,
2015,3,11,3,UA,1553,N12116,EWR,MCO,729,726,-3,17,743,179,165,143,937,1006,5,1028,1011,-17,0,0,,,,,,
2015,10,31,6,AA,2188,N3GEAA,11298,10721,1035,1037,2,24,1101,224,189,158,1562,1439,7,1519,1446,-33,0,0,,,,,,
2015,10,6,2,UA,1274,N38257,11042,12892,1824,1817,-7,11,1828,290,286,265,2052,1953,10,2014,2003,-11,0,0,,,,,,
2015,6,27,6,AA,2,N790AA,LAX,JFK,900,937,37,24,1001,344,336,304,2475,1805,8,1744,1813,29,0,0,,0,0,29,0,0
2015,12,30,3,EV,5338,N924EV,ATL,TRI,2220,2331,71,13,2344,65,58,41,227,25,4,2325,29,64,0,0,,0,0,0,64,0
2015,12,3,4,B6,290,N636JB,DCA,BOS,729,,,,,84,,,399,,,853,,,0,1,A,,,,,
2015,3,8,7,MQ,3340,N833MQ,LGA,TYS,1130,1124,-6,15,1139,123,126,108,647,1327,3,1333,1330,-3,0,0,,,,,,
2015,1,29,4,WN,462,N779SW,OAK,SAN,1610,1607,-3,7,1614,80,85,67,446,1721,11,1730,1732,2,0,0,,,,,,
2015,9,14,1,AA,1354,N012AA,MIA,IAH,930,942,12,12,954,173,160,139,964,1113,9,1123,1122,-1,0,0,,,,,,
2015,12,28,1,WN,127,N254WN,MDW,SFO,1955,,,,,295,,,1855,,,2250,,,0,1,B,,,,,
2015,12,4,5,WN,171,N387SW,BWI,RDU,1820,1926,66,11,1937,70,60,45,255,2022,4,1930,2026,56,0,0,,0,0,4,52,0
2015,5,25,1,OO,2779,N889AS,DRO,PHX,623,614,-9,10,624,80,76,56,351,620,10,643,630,-13,0,0,,,,,,
2015,12,24,4,EV,4123,N17159,TYS,IAH,626,621,-5,14,635,160,163,135,771,750,14,806,804,-2,0,0,,,,,,
2015,10,8,4,MQ,3048,N640MQ,13930,11003,700,655,-5,12,707,68,50,35,196,742,3,808,745,-23,0,0,,,,,,
2015,6,4,4,VX,906,N843VA,SFO,LAS,1225,1237,12,12,1249,95,92,73,414,1402,7,1400,1409,9,0,0,,,,,,
2015,5,4,1,MQ,3484,N515MQ,XNA,DFW,1306,1357,51,9,1406,77,71,46,280,1452,16,1423,1508,45,0,0,,0,0,4,41,0
2015,5,17,7,DL,2079,N909DE,BUF,DTW,1000,1010,10,10,1020,68,57,41,241,1101,6,1108,1107,-1,0,0,,,,,,
2015,3,26,4,US,447,N569UW,ATL,CLT,1759,1904,65,17,1921,71,78,41,226,2002,20,1910,2022,72,0,0,,7,0,0,65,0
2015,12,7,1,OO,5573,N148SY,SFO,DFW,1355,1353,-2,16,1409,218,214,188,1464,1917,10,1933,1927,-6,0,0,,,,,,
2015,5,24,7,US,426,N575UW,PHL,PHX,2040,2034,-6,14,2048,309,292,273,2075,2221,5,2249,2226,-23,0,0,,,,,,
2015,7,15,3,EV,5911,N11539,GRB,ORD,1911,1902,-9,9,1911,57,61,38,173,1949,14,2008,2003,-5,0,0,,,,,,
2015,9,24,4,NK,804,N623NK,DTW,MSP,1510,1503,-7,11,1514,100,101,85,528,1539,5,1550,1544,-6,0,0,,,,,,
2015,11,17,2,WN,2683,N363SW,DEN,MSP,1820,1840,20,10,1850,110,109,94,680,2124,5,2110,2129,19,0,0,,0,0,6,13,0
2015,5,20,3,AA,1436,N3BWAA,ORD,MCO,710,719,9,18,737,161,146,124,1005,1041,4,1051,1045,-6,0,0,,,,,,
2015,4,12,7,UA,1693,N34222,DEN,LGA,1105,1109,4,12,1121,235,206,190,1620,1631,4,1700,1635,-25,0,0,,,,,,
2015,9,30,3,OO,4835,N440SW,MSP,XNA,859,851,-8,26,917,120,120,86,596,1043,8,1059,1051,-8,0,0,,,,,,
2015,11,5,4,UA,1431,N74856,LAX,HNL,1255,1254,-1,17,1311,363,343,322,2556,1633,4,1658,1637,-21,0,0,,,,,,
2015,4,4,6,B6,548,N258JB,TPA,HPN,1505,1520,15,9,1529,165,142,131,1032,1740,2,1750,1742,-8,0,0,,,,,,
2015,4,14,2,EV,4242,N16963,ORD,ROA,722,715,-7,10,725,105,95,78,531,943,7,1007,950,-17,0,0,,,,,,
2015,8,8,6,DL,1804,N819DN,FLL,DTW,1350,1347,-3,25,1412,179,188,159,1127,1651,4,1649,1655,6,0,0,,,,,,
2015,1,4,7,DL,1706,N550NW,LAX,DTW,1135,1159,24,21,1220,269,268,239,1979,1919,8,1904,1927,23,0,0,,0,0,19,4,0
2015,1,22,4,WN,223,N8653A,DEN,BNA,1925,1922,-3,14,1936,145,144,124,1014,2240,6,2250,2246,-4,0,0,,,,,,
2015,8,15,6,AA,1839,N751UW,PHL,MSP,1125,1200,35,39,1239,167,173,130,980,1349,4,1312,1353,41,0,0,,41,0,0,0,0
2015,11,22,7,WN,3009,N398SW,SAN,SMF,1620,1625,5,10,1635,95,83,69,480,1744,4,1755,1748,-7,0,0,,,,,,
2015,6,21,7,AA,2380,N3EDAA,PHX,ORD,535,527,-8,17,544,211,218,189,1440,1053,12,1106,1105,-1,0,0,,,,,,
2015,3,28,6,EV,2571,N907EV,DFW,MEI,1910,1915,5,22,1937,87,94,69,485,2046,3,2037,2049,12,0,0,,,,,,
2015,10,16,5,MQ,3177,N843MQ,11298,13277,1645,1639,-6,57,1736,106,140,81,622,1857,2,1831,1859,28,0,0,,28,0,0,0,0
2015,11,1,7,WN,1869,N456WN,MDW,DTW,1115,1109,-6,8,1117,65,60,45,228,1302,7,1320,1309,-11,0,0,,,,,,
2015,12,14,1,UA,387,N24706,ATL,EWR,1010,1003,-7,26,1029,140,136,101,746,1210,9,1230,1219,-11,0,0,,,,,,
2015,9,24,4,AA,622,N509AY,PHX,JFK,1530,1524,-6,14,1538,291,288,266,2153,2304,8,2321,2312,-9,0,0,,,,,,
2015,10,22,4,WN,243,N788SA,12892,12889,1810,1809,-1,16,1825,65,69,48,236,1913,5,1915,1918,3,0,0,,,,,,
2015,7,15,3,WN,962,N7734H,PDX,DAL,1340,1353,13,9,1402,220,215,202,1626,1924,4,1920,1928,8,0,0,,,,,,
2015,4,6,1,OO,4529,N806SK,SLC,BOI,949,941,-8,13,954,78,65,47,290,1041,5,1107,1046,-21,0,0,,,,,,
2015,5,2,6,WN,2534,N473WN,OMA,MDW,1715,1713,-2,7,1720,85,75,62,423,1822,6,1840,1828,-12,0,0,,,,,,
2015,10,5,1,EV,5981,N13550,13930,13871,2229,2224,-5,18,2242,90,84,61,416,2343,5,2359,2348,-11,0,0,,,,,,
2015,8,24,1,DL,2187,N982AT,SHV,ATL,1714,1708,-6,10,1718,106,97,78,551,1936,9,2000,1945,-15,0,0,,,,,,
2015,5,29,5,WN,731,N511SW,AUS,DAL,1825,1825,0,8,1833,60,49,37,189,1910,4,1925,1914,-11,0,0,,,,,,
2015,9,21,1,OO,3490,N217AG,SEA,FAT,1800,2019,139,13,2032,124,116,99,748,2211,4,2004,2215,131,0,0,,0,0,131,0,0
2015,8,29,6,WN,1230,N250WN,MDW,SMF,1905,2019,74,10,2029,265,244,230,1790,2219,4,2130,2223,53,0,0,,0,0,48,5,0
2015,5,8,5,EV,5334,N857AS,ATL,ABY,1050,1048,-2,40,1128,53,75,30,145,1158,5,1143,1203,20,0,0,,20,0,0,0,0
2015,6,17,3,DL,1220,N904DE,DTW,DCA,1958,2026,28,19,2045,90,88,65,405,2150,4,2128,2154,26,0,0,,0,0,0,26,0
2015,6,5,5,F9,619,N221FR,MIA,DEN,2140,2136,-4,18,2154,255,273,244,1709,2358,11,2355,9,14,0,0,,,,,,
2015,12,16,3,DL,1120,N540US,LAX,ATL,535,537,2,18,555,250,233,206,1947,1221,9,1245,1230,-15,0,0,,,,,,
2015,12,17,4,EV,5041,N608QX,LGA,SAV,929,930,1,41,1011,158,165,121,722,1212,3,1207,1215,8,0,0,,,,,,
2015,3,20,5,EV,5792,N14188,DEN,BIL,800,754,-6,19,813,98,96,72,455,925,5,938,930,-8,0,0,,,,,,
2015,6,5,5,US,879,N562UW,MSP,CLT,650,647,-3,14,701,152,147,117,930,958,16,1022,1014,-8,0,0,,,,,,
2015,7,4,6,WN,934,N691WN,LAS,SAN,1640,1635,-5,9,1644,65,56,44,258,1728,3,1745,1731,-14,0,0,,,,,,
2015,12,21,1,MQ,3337,N809MQ,ORD,CMI,1145,1143,-2,6,1149,53,40,28,135,1217,6,1238,1223,-15,0,0,,,,,,
2015,10,16,5,MQ,3342,N634MQ,11298,11980,1150,1137,-13,24,1201,112,112,81,561,1322,7,1342,1329,-13,0,0,,,,,,
2015,11,30,1,DL,67,N130DL,ATL,LAS,1740,1737,-3,11,1748,273,274,256,1747,1904,7,1913,1911,-2,0,0,,,,,,
2015,3,14,6,AA,1582,N5FLAA,MIA,BOS,700,654,-6,15,709,190,188,168,1258,957,5,1010,1002,-8,0,0,,,,,,
2015,6,8,1,AA,1356,N520AA,DFW,AUS,830,833,3,12,845,55,51,33,190,918,6,925,924,-1,0,0,,,,,,
2015,12,10,4,OO,7389,N935SW,SLC,CPR,1100,1109,9,26,1135,79,77,47,320,1222,4,1219,1226,7,0,0,,,,,,
2015,10,14,3,OO,5228,N789SK,11057,13930,1412,1408,-4,15,1423,118,117,95,599,1458,7,1510,1505,-5,0,0,,,,,,
2015,11,13,5,OO,4517,N816SK,LAX,PHX,1430,1429,-1,17,1446,87,83,57,370,1643,9,1657,1652,-5,0,0,,,,,,
2015,3,17,2,MQ,3306,N649MQ,ORD,TOL,2150,2146,-4,10,2156,53,44,32,213,2328,2,2343,2330,-13,0,0,,,,,,
2015,9,21,1,MQ,3431,N928MQ,ABI,DFW,530,521,-9,10,531,64,54,33,158,604,11,634,615,-19,0,0,,,,,,
2015,10,28,3,DL,796,N944DL,12339,10397,945,944,-1,24,1008,92,104,75,432,1123,5,1117,1128,11,0,0,,,,,,
2015,8,19,3,OO,6287,N951SW,SFO,TUS,1915,1912,-3,21,1933,128,128,100,751,2113,7,2123,2120,-3,0,0,,,,,,
2015,3,1,7,WN,605,N416WN,SMF,ONT,2155,2243,48,9,2252,75,74,58,390,2350,7,2310,2357,47,0,0,,0,0,0,47,0
2015,5,10,7,OO,4460,N8942A,SLC,LWS,1105,1052,-13,14,1106,91,100,81,461,1127,5,1136,1132,-4,0,0,,,,,,
2015,12,4,5,WN,3149,N373SW,BNA,BWI,550,545,-5,18,603,105,101,80,587,823,3,835,826,-9,0,0,,,,,,
2015,6,2,2,DL,2533,N6705Y,MIA,ATL,600,557,-3,19,616,116,105,78,594,734,8,756,742,-14,0,0,,,,,,
2015,11,17,2,EV,4102,N15910,TYS,IAH,1218,1513,175,12,1525,146,185,159,771,1704,14,1344,1718,214,0,0,,196,0,18,0,0
2015,11,2,1,OO,4695,N8884E,MEM,CVG,1657,1654,-3,15,1709,82,84,64,403,1913,5,1919,1918,-1,0,0,,,,,,
2015,9,22,2,WN,751,N958WN,TPA,PVD,1100,1056,-4,11,1107,170,149,134,1136,1321,4,1350,1325,-25,0,0,,,,,,
2015,7,9,4,OO,5613,N917SW,SFO,BFL,844,835,-9,26,901,76,76,45,238,946,5,1000,951,-9,0,0,,,,,,
2015,5,27,3,OO,4445,N187PQ,DTW,MKE,1730,1857,87,23,1920,72,68,42,237,1902,3,1742,1905,83,0,0,,0,0,0,83,0
2015,8,6,4,WN,464,N7749B,ATL,OKC,2100,2325,145,13,2338,135,119,102,761,20,4,2215,24,129,0,0,,0,0,0,129,0
2015,4,17,5,WN,867,N360SW,MKE,ATL,1640,1731,51,9,1740,125,110,93,669,2013,8,1945,2021,36,0,0,,0,0,0,36,0
2015,3,29,7,VX,1904,N636VA,SFO,LAS,1100,1057,-3,10,1107,90,90,68,414,1215,12,1230,1227,-3,0,0,,,,,,
2015,8,18,2,WN,2338,N488WN,SNA,PHX,1635,1642,7,15,1657,75,72,53,338,1750,4,1750,1754,4,0,0,,,,,,
2015,2,6,5,WN,1199,N900WN,OAK,BUR,905,901,-4,12,913,65,66,51,325,1004,3,1010,1007,-3,0,0,,,,,,
2015,4,16,4,DL,2184,N931DL,ATL,SDF,1449,1449,0,7,1456,82,68,55,321,1551,6,1611,1557,-14,0,0,,,,,,
2015,8,21,5,EV,5149,N846AS,ATL,CHA,1735,1734,-1,14,1748,51,35,19,106,1807,2,1826,1809,-17,0,0,,,,,,
2015,4,9,4,WN,404,N486WN,MKE,PHX,1845,1939,54,32,2011,225,251,212,1460,2143,7,2030,2150,80,0,0,,26,0,0,48,6
2015,2,18,3,WN,368,N931WN,DEN,OAK,1200,1202,2,11,1213,165,152,137,957,1330,4,1345,1334,-11,0,0,,,,,,
2015,6,19,5,DL,2267,N834DN,ATL,SAN,1130,1131,1,24,1155,264,250,223,1892,1238,3,1254,1241,-13,0,0,,,,,,
2015,11,17,2,DL,2309,N920DN,ATL,STL,812,811,-1,12,823,99,99,81,484,844,6,851,850,-1,0,0,,,,,,
2015,1,17,6,WN,3927,N601WN,PHX,SAN,630,625,-5,10,635,75,77,51,304,626,16,645,642,-3,0,0,,,,,,
2015,11,14,6,DL,749,N987DL,MIA,ATL,900,859,-1,15,914,116,107,85,594,1039,7,1056,1046,-10,0,0,,,,,,
2015,5,10,7,US,1796,N708UW,IAH,CLT,1740,1740,0,16,1756,147,145,117,912,2053,12,2107,2105,-2,0,0,,,,,,
2015,9,17,4,WN,525,N7827A,LAS,TUS,1355,1350,-5,8,1358,75,67,54,365,1452,5,1510,1457,-13,0,0,,,,,,
2015,7,3,5,AA,1762,N751UW,TPA,DCA,710,712,2,10,722,136,121,108,814,910,3,926,913,-13,0,0,,,,,,
2015,4,22,3,EV,4630,N17524,LBB,IAH,1050,1049,-1,9,1058,91,83,67,458,1205,7,1221,1212,-9,0,0,,,,,,
2015,8,21,5,AA,1293,N3MUAA,MIA,STX,1215,1219,4,16,1235,164,163,144,1139,1459,3,1459,1502,3,0,0,,,,,,
2015,7,29,3,AA,2330,N520AA,DFW,ORD,1905,1922,17,14,1936,156,129,105,802,2121,10,2141,2131,-10,0,0,,,,,,
2015,1,7,3,OO,6512,N905SW,FAT,LAX,612,612,0,26,638,73,73,42,209,720,5,725,725,0,0,0,,,,,,
2015,10,20,2,VX,941,N637VA,12892,14771,1840,1843,3,8,1851,75,68,55,337,1946,5,1955,1951,-4,0,0,,,,,,
2015,4,13,1,OO,4988,N702BR,ELP,DEN,1240,1231,-9,12,1243,113,111,89,563,1412,10,1433,1422,-11,0,0,,,,,,
2015,10,16,5,UA,1830,N87513,12264,15304,1238,1234,-4,18,1252,137,142,119,811,1451,5,1455,1456,1,0,0,,,,,,
2015,3,29,7,HA,324,N477HA,LIH,HNL,2256,2254,-2,7,2301,32,36,20,102,2321,9,2328,2330,2,0,0,,,,,,
2015,4,21,2,OO,5321,N962SW,ORD,DLH,2245,2232,-13,20,2252,94,93,66,397,2358,7,19,5,-14,0,0,,,,,,
2015,5,23,6,B6,1780,N657JB,LGB,LAS,1445,1436,-9,11,1447,67,63,47,231,1534,5,1552,1539,-13,0,0,,,,,,
2015,6,28,7,WN,344,N491WN,MDW,OMA,2225,2231,6,12,2243,80,78,62,423,2345,4,2345,2349,4,0,0,,,,,,
2015,7,23,4,WN,925,N413WN,TPA,PHX,1915,1925,10,11,1936,255,232,213,1788,2009,8,2030,2017,-13,0,0,,,,,,
2015,12,29,2,WN,617,N8600F,LAX,PHX,2110,2147,37,10,2157,75,75,52,370,2349,13,2325,2,37,0,0,,0,0,4,33,0
2015,6,15,1,UA,1430,N66837,DEN,SEA,1845,2149,184,10,2159,170,153,136,1024,2315,7,2035,2322,167,0,0,,0,0,32,135,0
2015,8,22,6,AA,1824,N954UW,PHL,CLT,1515,1523,8,17,1540,105,99,67,449,1647,15,1700,1702,2,0,0,,,,,,
2015,1,9,5,US,1861,N633AW,PBI,CLT,1700,1655,-5,8,1703,113,102,87,590,1830,7,1853,1837,-16,0,0,,,,,,
2015,12,8,2,AA,1444,N3JXAA,PHX,ORD,1435,1428,-7,11,1439,210,217,193,1440,1852,13,1905,1905,0,0,0,,,,,,
2015,8,7,5,UA,1079,N33264,TPA,EWR,1946,2206,140,16,2222,178,158,136,997,38,6,2244,44,120,0,0,,0,0,7,113,0
2015,11,25,3,AA,1408,N467AA,DFW,OKC,2040,2037,-3,26,2103,59,67,36,175,2139,5,2139,2144,5,0,0,,,,,,
2015,11,8,7,AA,86,N3MJAA,PDX,ORD,633,628,-5,10,638,241,225,201,1739,1159,14,1234,1213,-21,0,0,,,,,,
2015,6,3,3,US,1748,N200UU,MCO,PHL,1705,1659,-6,11,1710,148,134,116,861,1906,7,1933,1913,-20,0,0,,,,,,
2015,6,28,7,DL,1188,N318NB,MSP,PHL,1016,1012,-4,16,1028,155,153,130,980,1338,7,1351,1345,-6,0,0,,,,,,
2015,4,5,7,B6,1253,N531JB,FLL,SJU,1920,1920,0,11,1931,149,138,123,1046,2134,4,2149,2138,-11,0,0,,,,,,
2015,5,24,7,WN,750,N780SW,LAS,SJC,1240,1347,67,12,1359,85,76,59,386,1458,5,1405,1503,58,0,0,,0,0,58,0,0
2015,7,1,3,UA,1033,N66814,IAH,SFO,2114,2314,120,11,2325,245,218,195,1635,40,12,2319,52,93,0,0,,72,0,0,21,0
2015,8,8,6,OO,6471,N932SW,ABQ,LAX,1808,1908,60,11,1919,124,118,99,677,1958,8,1912,2006,54,0,0,,0,0,0,54,0
2015,7,18,6,DL,882,N934AT,MHT,DTW,1630,1624,-6,39,1703,120,128,84,610,1827,5,1830,1832,2,0,0,,,,,,
2015,4,22,3,DL,949,N967AT,ATL,TUL,1050,1049,-1,18,1107,127,126,101,674,1148,7,1157,1155,-2,0,0,,,,,,
2015,4,3,5,US,2145,N949UW,LGA,DCA,1800,1753,-7,26,1819,83,78,49,214,1908,3,1923,1911,-12,0,0,,,,,,
2015,7,28,2,UA,662,N475UA,SAN,SFO,708,700,-8,20,720,99,90,65,447,825,5,847,830,-17,0,0,,,,,,
2015,5,29,5,DL,2208,N6700,JFK,LAS,1835,1835,0,44,1919,355,346,293,2248,2112,9,2130,2121,-9,0,0,,,,,,
2015,4,30,4,WN,4659,N7752B,MCO,SJU,1240,1239,-1,12,1251,160,158,140,1189,1511,6,1520,1517,-3,0,0,,,,,,
2015,3,25,3,AS,311,N779AS,PSP,SFO,700,653,-7,12,705,93,87,69,421,814,6,833,820,-13,0,0,,,,,,
2015,7,28,2,WN,1111,N357SW,OAK,LAX,950,948,-2,13,1001,80,89,71,337,1112,5,1110,1117,7,0,0,,,,,,
2015,6,3,3,US,783,N942UW,ORD,PHL,1545,1541,-4,19,1600,123,115,86,678,1826,10,1848,1836,-12,0,0,,,,,,
2015,7,29,3,WN,2174,N755SA,LAS,LAX,1240,1241,1,13,1254,70,92,41,236,1335,38,1350,1413,23,0,0,,23,0,0,0,0
2015,4,14,2,UA,214,N416UA,IAH,MIA,1334,1339,5,57,1436,145,205,144,964,1800,4,1659,1804,65,0,0,,65,0,0,0,0
2015,8,11,2,DL,2652,N924AT,TPA,JFK,1900,2242,222,16,2258,180,149,124,1005,102,9,2200,111,191,0,0,,0,0,0,191,0
2015,10,27,2,AS,65,N626AS,14256,12523,1219,1159,-20,9,1208,38,36,24,123,1232,3,1257,1235,-22,0,0,,,,,,
2015,6,6,6,US,2009,N675AW,EWR,CLT,1725,1724,-1,13,1737,119,104,82,529,1859,9,1924,1908,-16,0,0,,,,,,
2015,10,8,4,AS,73,N769AS,14828,12523,600,600,0,8,608,37,32,20,95,628,4,637,632,-5,0,0,,,,,,
2015,1,6,2,AA,1086,N438AA,SLC,DFW,1215,1246,31,15,1301,154,154,130,989,1611,9,1549,1620,31,0,0,,0,0,3,28,0
2015,11,11,3,AA,563,N507AY,PHX,SAN,2115,2113,-2,18,2131,75,71,49,304,2120,4,2130,2124,-6,0,0,,,,,,
2015,8,13,4,WN,12,N524SW,HRL,HOU,655,650,-5,8,658,60,59,46,277,744,5,755,749,-6,0,0,,,,,,
2015,11,13,5,AA,1785,N762US,MCI,CLT,1829,1828,-1,20,1848,126,127,101,808,2129,6,2135,2135,0,0,0,,,,,,
2015,10,31,6,WN,128,N7821L,13232,14122,815,811,-4,11,822,75,69,52,402,1014,6,1030,1020,-10,0,0,,,,,,
2015,7,29,3,OO,5483,N975SW,DEN,SLC,1845,2016,91,16,2032,90,82,61,391,2133,5,2015,2138,83,0,0,,0,0,83,0,0
2015,8,3,1,DL,81,N1613B,ATL,LAX,1720,1731,11,16,1747,290,278,249,1947,1856,13,1910,1909,-1,0,0,,,,,,
2015,4,4,6,EV,2521,N905EV,DFW,TYS,1015,1012,-3,20,1032,124,117,93,772,1305,4,1319,1309,-10,0,0,,,,,,
2015,3,29,7,WN,4074,N628SW,MSP,MCI,1140,1136,-4,14,1150,85,78,61,393,1251,3,1305,1254,-11,0,0,,,,,,
2015,3,15,7,US,599,N821AW,PHX,SJC,1640,1636,-4,16,1652,112,105,86,621,1818,3,1832,1821,-11,0,0,,,,,,
2015,3,6,5,AA,262,N3HPAA,DFW,RSW,925,923,-2,13,936,144,142,126,1017,1242,3,1249,1245,-4,0,0,,,,,,
2015,1,19,1,B6,833,N807JB,BOS,SFO,2000,2048,48,18,2106,406,395,366,2704,12,11,2346,23,37,0,0,,0,0,2,35,0
2015,10,13,2,OO,5628,N472CA,14570,14771,534,535,1,43,618,73,94,47,192,705,4,647,709,22,0,0,,21,0,0,0,1
2015,2,14,6,EV,6171,N11109,OMA,DEN,630,629,-1,9,638,107,100,81,472,659,10,717,709,-8,0,0,,,,,,
2015,1,22,4,WN,644,N704SW,MDW,HOU,1755,1803,8,7,1810,170,166,155,937,2045,4,2045,2049,4,0,0,,,,,,
2015,2,6,5,US,2158,N952UW,LGA,BOS,1800,1832,32,17,1849,75,65,41,184,1930,7,1915,1937,22,0,0,,0,0,3,19,0
2015,7,28,2,OO,5364,N948SW,MKE,ORD,1424,1422,-2,13,1435,49,54,29,67,1504,12,1513,1516,3,0,0,,,,,,
2015,9,7,1,AA,605,N823AW,CMH,PHX,1755,1749,-6,12,1801,246,234,217,1670,1838,5,1901,1843,-18,0,0,,,,,,
2015,11,29,7,EV,5929,N29906,CVG,EWR,1524,1523,-1,45,1608,120,145,89,569,1737,11,1724,1748,24,0,0,,24,0,0,0,0
2015,9,26,6,AS,524,N549AS,SEA,BUR,1935,1919,-16,16,1935,142,149,131,937,2146,2,2157,2148,-9,0,0,,,,,,
2015,1,22,4,B6,19,N768JB,BOS,SAN,1658,1801,63,19,1820,391,335,314,2588,2034,2,2029,2036,7,0,0,,,,,,
2015,6,11,4,OO,4497,N813SK,IAH,SLC,1200,1204,4,19,1223,191,174,152,1195,1355,3,1411,1358,-13,0,0,,,,,,
2015,2,7,6,EV,5391,N842AS,EVV,DTW,845,827,-18,22,849,89,87,61,363,1050,4,1114,1054,-20,0,0,,,,,,
2015,10,23,5,EV,4617,N15910,12278,12266,1149,1144,-5,8,1152,106,131,111,542,1343,12,1335,1355,20,0,0,,20,0,0,0,0
2015,3,14,6,DL,418,N710TW,SEA,JFK,700,657,-3,18,715,315,307,283,2422,1458,6,1515,1504,-11,0,0,,,,,,
2015,12,4,5,AA,1618,N3JJAA,ORD,MCO,1514,1510,-4,11,1521,161,180,132,1005,1833,37,1855,1910,15,0,0,,15,0,0,0,0
2015,6,12,5,WN,4385,N446WN,SAT,STL,550,549,-1,12,601,125,118,102,786,743,4,755,747,-8,0,0,,,,,,
2015,7,22,3,EV,4259,N13992,IAH,LBB,1748,1739,-9,14,1753,94,92,72,458,1905,6,1922,1911,-11,0,0,,,,,,
2015,4,22,3,EV,3274,N14904,ERI,ORD,1714,1709,-5,10,1719,93,87,70,398,1729,7,1747,1736,-11,0,0,,,,,,
2015,6,4,4,AS,40,N762AS,ADQ,ANC,1715,1825,70,5,1830,50,47,39,253,1909,3,1805,1912,67,0,0,,0,0,0,67,0
2015,3,31,2,EV,4258,N13979,IAH,GRK,1430,1428,-2,14,1442,58,53,35,166,1517,4,1528,1521,-7,0,0,,,,,,
2015,12,5,6,AA,127,N483AA,IAD,DFW,705,703,-2,14,717,224,180,159,1172,856,7,949,903,-46,0,0,,,,,,
2015,12,1,2,MQ,3260,N923MQ,MIA,TLH,935,925,-10,29,954,91,94,59,402,1053,6,1106,1059,-7,0,0,,,,,,
2015,8,1,6,DL,1687,N916DN,SAN,MSP,1245,1239,-6,22,1301,212,206,181,1532,1802,3,1817,1805,-12,0,0,,,,,,
2015,8,31,1,DL,2001,N317NB,SLC,JAC,1100,1057,-3,14,1111,61,49,33,205,1144,2,1201,1146,-15,0,0,,,,,,
2015,11,22,7,AA,1854,N918US,LAS,PHX,1235,1232,-3,13,1245,67,61,45,255,1430,3,1442,1433,-9,0,0,,,,,,
2015,12,26,6,WN,6223,N410WN,MSY,PHX,1805,1806,1,10,1816,215,194,179,1300,2015,5,2040,2020,-20,0,0,,,,,,
2015,2,27,5,AA,1224,N568AA,EWR,DFW,1844,,,,,250,,,1372,,,2154,,,0,1,B,,,,,
2015,9,15,2,OO,4996,N108SY,ORD,DAY,1557,1552,-5,22,1614,72,78,49,240,1803,7,1809,1810,1,0,0,,,,,,
2015,2,1,7,UA,295,N835UA,MSY,DEN,827,821,-6,8,829,179,192,156,1062,1005,28,1026,1033,7,0,0,,,,,,
2015,10,16,5,WN,1396,N7817J,14831,14679,2145,2140,-5,7,2147,75,73,62,417,2249,4,2300,2253,-7,0,0,,,,,,
2015,8,25,2,EV,2663,N626AE,SHV,DFW,1324,1611,167,8,1619,65,64,39,190,1658,17,1429,1715,166,0,0,,0,0,11,155,0
2015,9,25,5,HA,146,N480HA,HNL,OGG,944,946,2,19,1005,40,49,22,100,1027,8,1024,1035,11,0,0,,,,,,
2015,7,31,5,AA,205,N3HKAA,BOS,LAX,600,555,-5,18,613,386,387,353,2611,906,16,926,922,-4,0,0,,,,,,
2015,3,11,3,WN,449,N607SW,BNA,BWI,620,617,-3,9,626,110,87,73,587,839,5,910,844,-26,0,0,,,,,,
2015,8,10,1,OO,3426,N173SY,SEA,OKC,1030,1030,0,15,1045,233,216,191,1519,1556,10,1623,1606,-17,0,0,,,,,,
2015,11,30,1,EV,2835,N675AE,VPS,DFW,1220,1229,9,13,1242,137,129,105,641,1427,11,1437,1438,1,0,0,,,,,,
2015,10,9,5,EV,4878,N937EV,11995,11433,1725,1724,-1,12,1736,100,100,78,460,1854,10,1905,1904,-1,0,0,,,,,,
2015,4,2,4,EV,5203,N751EV,MYR,DTW,1110,1100,-10,9,1109,125,107,92,636,1241,6,1315,1247,-28,0,0,,,,,,
2015,10,6,2,WN,126,N424WN,10821,15016,935,935,0,10,945,135,117,103,738,1028,4,1050,1032,-18,0,0,,,,,,
2015,5,17,7,WN,539,N396SW,SAN,PHX,1720,1727,7,8,1735,70,64,50,304,1825,6,1830,1831,1,0,0,,,,,,
2015,11,14,6,EV,4588,N11526,GPT,IAH,635,629,-6,13,642,90,100,78,376,800,9,805,809,4,0,0,,,,,,
2015,7,9,4,MQ,3206,N692MQ,JFK,CVG,1459,1524,25,32,1556,148,130,93,589,1729,5,1727,1734,7,0,0,,,,,,
2015,6,26,5,UA,1928,N75433,SFO,ORD,22,44,22,13,57,256,242,218,1846,635,11,638,646,8,0,0,,,,,,
2015,12,23,3,AA,721,N918US,CLT,LAX,1815,1831,16,18,1849,328,389,328,2125,2117,43,2043,2200,77,0,0,,61,0,4,12,0
2015,7,31,5,AA,1227,N3BRAA,DCA,MIA,1623,1629,6,17,1646,168,234,143,919,1909,74,1911,2023,72,0,0,,66,0,1,5,0
2015,12,11,5,OO,5445,N693BR,SFO,SBP,850,844,-6,26,910,63,74,44,190,954,4,953,958,5,0,0,,,,,,
2015,7,10,5,WN,659,N295WN,LAX,OAK,1220,1218,-2,13,1231,70,74,55,337,1326,6,1330,1332,2,0,0,,,,,,
2015,7,9,4,HA,20,N582HA,OGG,HNL,1025,1019,-6,14,1033,45,56,27,100,1100,15,1110,1115,5,0,0,,,,,,
2015,9,5,6,DL,1797,N949DL,ATL,TPA,2040,2037,-3,9,2046,83,72,59,406,2145,4,2203,2149,-14,0,0,,,,,,
2015,6,25,4,B6,2084,N590JB,MCO,JFK,822,817,-5,13,830,158,145,129,944,1039,3,1100,1042,-18,0,0,,,,,,
2015,10,18,7,B6,20,N827JB,14679,10721,2140,2142,2,17,2159,320,330,310,2588,609,3,600,612,12,0,0,,,,,,
2015,3,7,6,MQ,3471,N531MQ,LGA,RDU,1700,1651,-9,13,1704,107,108,68,431,1812,27,1847,1839,-8,0,0,,,,,,
2015,2,16,1,AS,638,N323AS,SEA,LAS,1155,1206,11,11,1217,140,135,114,867,1411,10,1415,1421,6,0,0,,,,,,
2015,4,16,4,B6,451,N625JB,BOS,MCO,1105,1056,-9,11,1107,192,170,156,1121,1343,3,1417,1346,-31,0,0,,,,,,
2015,11,9,1,B6,441,N339JB,BOS,CLE,645,641,-4,15,656,127,111,90,563,826,6,852,832,-20,0,0,,,,,,
2015,12,30,3,EV,3809,N12900,ORD,IND,1750,1754,4,16,1810,65,58,33,177,1943,9,1955,1952,-3,0,0,,,,,,
2015,7,12,7,WN,4165,N206WN,MDW,DAL,945,1010,25,9,1019,130,114,102,793,1201,3,1155,1204,9,0,0,,,,,,
2015,11,1,7,AA,2424,N3KAAA,MIA,AUS,2000,2216,136,15,2231,187,171,149,1103,2400,7,2207,7,120,0,0,,94,0,0,26,0
2015,12,5,6,DL,804,N676DL,ATL,SLC,1645,1644,-1,11,1655,256,225,208,1590,1823,6,1901,1829,-32,0,0,,,,,,
2015,3,21,6,UA,1149,N66841,EWR,MCO,2111,2130,19,11,2141,170,141,126,937,2347,4,1,2351,-10,0,0,,,,,,
2015,12,4,5,DL,1829,N722TW,BOS,ATL,1600,1603,3,23,1626,187,167,137,946,1843,7,1907,1850,-17,0,0,,,,,,
2015,12,14,1,EV,3842,N16987,EWR,DCA,1242,1238,-4,22,1300,80,67,41,199,1341,4,1402,1345,-17,0,0,,,,,,
2015,7,24,5,AA,370,N3DPAA,DFW,PHX,710,704,-6,13,717,156,138,115,868,712,10,746,722,-24,0,0,,,,,,
2015,12,27,7,B6,984,N337JB,RDU,BOS,1750,1814,24,12,1826,108,99,80,612,1946,7,1938,1953,15,0,0,,0,0,7,8,0
2015,12,3,4,OO,5642,N929SW,STL,DEN,1635,1629,-6,14,1643,150,141,118,770,1741,9,1805,1750,-15,0,0,,,,,,
2015,4,1,3,UA,1184,N26208,PDX,ORD,635,631,-4,12,643,234,223,201,1739,1204,10,1229,1214,-15,0,0,,,,,,
2015,12,22,2,AA,2046,N583UW,ORD,CLT,1210,1207,-3,17,1224,124,117,91,599,1455,9,1514,1504,-10,0,0,,,,,,
2015,10,5,1,F9,764,N206FR,12889,11292,855,858,3,14,912,109,105,85,628,1137,6,1144,1143,-1,0,0,,,,,,
2015,4,21,2,UA,535,N597UA,JFK,LAX,1700,1701,1,14,1715,378,352,331,2475,1946,7,2018,1953,-25,0,0,,,,,,
2015,8,2,7,NK,293,N638NK,PDX,LAS,1925,2031,66,11,2042,125,123,106,763,2228,6,2130,2234,64,0,0,,64,0,0,0,0
2015,6,11,4,WN,803,N613SW,TPA,MDW,1640,1732,52,14,1746,160,161,132,997,1858,15,1820,1913,53,0,0,,1,0,43,9,0
2015,5,7,4,UA,1110,N38403,ORD,SEA,2225,2225,0,26,2251,275,259,227,1721,38,6,100,44,-16,0,0,,,,,,
2015,11,11,3,AA,2506,N3CRAA,SNA,DFW,1101,1127,26,15,1142,173,178,158,1205,1620,5,1554,1625,31,0,0,,5,0,1,25,0
2015,3,8,7,EV,4230,N14180,DIK,DEN,1630,1620,-10,8,1628,105,93,66,488,1734,19,1815,1753,-22,0,0,,,,,,
2015,1,24,6,WN,3365,N511SW,HOU,DAL,1400,1358,-2,9,1407,60,53,40,239,1447,4,1500,1451,-9,0,0,,,,,,
2015,7,1,3,UA,1196,N79521,ORD,BZN,1910,1906,-4,15,1921,201,185,165,1186,2106,5,2131,2111,-20,0,0,,,,,,
2015,2,24,2,WN,714,N390SW,LBB,DAL,625,620,-5,15,635,70,69,50,293,725,4,735,729,-6,0,0,,,,,,
2015,2,10,2,DL,2242,N937AT,ATL,CAE,1025,1021,-4,11,1032,60,53,36,192,1108,6,1125,1114,-11,0,0,,,,,,
2015,11,11,3,WN,2029,N387SW,PHX,DEN,1435,1435,0,10,1445,105,98,81,602,1606,7,1620,1613,-7,0,0,,,,,,
2015,1,23,5,DL,1282,N363NW,MIA,DTW,1120,1114,-6,17,1131,188,171,148,1145,1359,6,1428,1405,-23,0,0,,,,,,
2015,4,2,4,WN,316,N8633A,TPA,BWI,1845,1842,-3,10,1852,135,135,115,842,2047,10,2100,2057,-3,0,0,,,,,,
2015,8,13,4,WN,1090,N229WN,SAN,LAS,2035,2135,60,8,2143,70,64,50,258,2233,6,2145,2239,54,0,0,,0,0,0,10,44
2015,7,3,5,F9,721,N214FR,DCA,DEN,700,651,-9,14,705,227,209,188,1476,813,7,847,820,-27,0,0,,,,,,
2015,9,14,1,WN,2949,N953WN,MDW,STL,1325,1332,7,10,1342,65,55,41,251,1423,4,1430,1427,-3,0,0,,,,,,
2015,2,20,5,AA,2394,N3HGAA,DFW,SNA,1545,1601,16,14,1615,199,203,184,1205,1719,5,1704,1724,20,0,0,,4,0,5,11,0
2015,12,28,1,OO,5608,N701SK,LAX,SEA,940,936,-4,29,1005,173,176,142,954,1227,5,1233,1232,-1,0,0,,,,,,
2015,7,8,3,UA,1039,N38424,EWR,LAX,2129,2220,51,20,2240,352,345,314,2454,54,11,21,105,44,0,0,,0,0,44,0,0
2015,1,12,1,UA,1136,N26210,LGA,ORD,1700,1843,103,31,1914,159,175,124,733,2018,20,1839,2038,119,0,0,,16,0,0,103,0
2015,4,11,6,DL,1551,N616DL,MSP,LAS,1740,1739,-1,16,1755,202,186,164,1299,1839,6,1902,1845,-17,0,0,,,,,,
2015,2,13,5,UA,203,N401UA,ORD,MSP,2030,2053,23,18,2111,90,83,61,334,2212,4,2200,2216,16,0,0,,0,0,16,0,0
2015,2,15,7,AA,1333,N023AA,MCI,DFW,1720,1713,-7,10,1723,101,91,75,460,1838,6,1901,1844,-17,0,0,,,,,,
2015,1,17,6,US,895,N183UW,ORD,PHL,1855,1841,-14,15,1856,117,114,95,678,2131,4,2152,2135,-17,0,0,,,,,,
2015,10,24,6,AA,2426,N481AA,11298,15370,1845,2007,82,13,2020,70,58,39,237,2059,6,1955,2105,70,0,0,,0,0,70,0,0
2015,7,16,4,AA,2001,N563UW,CLT,PHL,725,728,3,14,742,95,96,76,449,858,6,900,904,4,0,0,,,,,,
2015,9,26,6,AS,806,N513AS,OGG,SAN,1050,1048,-2,16,1104,315,297,276,2541,1840,5,1905,1845,-20,0,0,,,,,,
2015,12,1,2,OO,6270,N824AS,SFO,RNO,1530,1525,-5,22,1547,64,58,32,192,1619,4,1634,1623,-11,0,0,,,,,,
2015,7,9,4,AA,669,N640AW,PHL,SEA,2040,2103,23,37,2140,356,351,308,2378,2348,6,2336,2354,18,0,0,,18,0,0,0,0
2015,7,21,2,WN,3670,N223WN,MCO,ATL,610,612,2,8,620,85,76,60,404,720,8,735,728,-7,0,0,,,,,,
2015,3,16,1,EV,5116,N710EV,LGA,CLE,1725,1724,-1,26,1750,113,107,75,419,1905,6,1918,1911,-7,0,0,,,,,,
2015,9,10,4,EV,5961,N12996,SCE,ORD,654,653,-1,7,700,113,105,86,528,726,12,747,738,-9,0,0,,,,,,
2015,11,7,6,OO,6460,N762SK,TUS,DEN,705,705,0,26,731,119,128,94,639,905,8,904,913,9,0,0,,,,,,
2015,8,8,6,OO,5236,N131SY,DCA,ORD,1445,1441,-4,10,1451,134,108,93,612,1524,5,1559,1529,-30,0,0,,,,,,
2015,4,13,1,NK,622,N506NK,RSW,DTW,1226,1341,75,9,1350,174,173,153,1084,1623,11,1520,1634,74,0,0,,1,0,23,50,0
2015,4,16,4,WN,2786,N8315C,DEN,PDX,1205,1228,23,29,1257,170,159,125,991,1402,5,1355,1407,12,0,0,,,,,,
2015,11,2,1,WN,2340,N7829B,SEA,OAK,1625,1621,-4,11,1632,120,108,91,672,1803,6,1825,1809,-16,0,0,,,,,,
2015,2,13,5,WN,455,N217JC,ABQ,DAL,1540,1544,4,9,1553,95,95,83,580,1816,3,1815,1819,4,0,0,,,,,,
2015,2,15,7,B6,1304,N547JB,SJU,JFK,1555,1550,-5,15,1605,247,250,230,1598,1855,5,1902,1900,-2,0,0,,,,,,
2015,10,20,2,AA,1849,N819AW,13931,11057,1105,1101,-4,34,1135,83,92,49,290,1224,9,1228,1233,5,0,0,,,,,,
2015,10,28,3,AA,1430,N3CXAA,11298,10721,1345,1345,0,11,1356,224,197,179,1562,1755,7,1829,1802,-27,0,0,,,,,,
2015,11,22,7,WN,124,N747SA,AUS,HOU,835,836,1,21,857,50,54,29,148,926,4,925,930,5,0,0,,,,,,
2015,4,28,2,EV,5442,N919EV,AEX,ATL,1448,1451,3,9,1500,97,80,66,500,1706,5,1725,1711,-14,0,0,,,,,,
2015,8,24,1,DL,1847,N302NB,SGF,ATL,605,602,-3,29,631,109,108,73,563,844,6,854,850,-4,0,0,,,,,,
2015,8,17,1,AA,1453,N3BWAA,CLT,ORD,1625,1706,41,103,1849,133,196,83,599,1912,10,1738,1922,104,0,0,,104,0,0,0,0
2015,2,18,3,DL,2699,N953AT,BOS,LGA,630,630,0,62,732,82,131,53,184,825,16,752,841,49,0,0,,49,0,0,0,0
2015,11,30,1,NK,251,N524NK,ATL,TPA,1935,1959,24,10,2009,81,84,62,406,2111,12,2056,2123,27,0,0,,3,0,24,0,0
2015,6,15,1,MQ,3077,N542MQ,DFW,AMA,2210,2319,69,13,2332,73,67,47,312,19,7,2323,26,63,0,0,,0,0,63,0,0
2015,10,14,3,AA,1147,N3KTAA,13303,12892,2120,2115,-5,18,2133,342,328,300,2342,2333,10,2,2343,-19,0,0,,,,,,
2015,8,11,2,AA,593,N584UW,PHX,ORD,910,959,49,65,1104,222,277,182,1440,1606,30,1452,1636,104,0,0,,55,0,14,35,0
2015,4,12,7,AA,114,N3GVAA,SNA,ORD,1115,1124,9,7,1131,241,232,215,1726,1706,10,1716,1716,0,0,0,,,,,,
2015,6,23,2,UA,672,N486UA,ORD,LGA,800,815,15,14,829,134,136,117,733,1126,5,1114,1131,17,0,0,,2,0,15,0,0
2015,3,12,4,WN,1976,N670SW,SFO,SAN,2115,2114,-1,12,2126,90,82,66,447,2232,4,2245,2236,-9,0,0,,,,,,
2015,7,28,2,DL,1853,N332NB,MSN,ATL,600,554,-6,13,607,124,116,95,707,842,8,904,850,-14,0,0,,,,,,
2015,6,16,2,EV,4687,N14991,BNA,EWR,846,849,3,25,914,135,144,111,748,1205,8,1201,1213,12,0,0,,,,,,
2015,6,14,7,UA,566,N434UA,IAH,MFE,1715,1706,-9,23,1729,76,77,50,316,1819,4,1831,1823,-8,0,0,,,,,,
2015,9,7,1,DL,2434,N3735D,LAX,BNA,1130,1123,-7,12,1135,236,226,207,1797,1702,7,1726,1709,-17,0,0,,,,,,
2015,2,26,4,US,782,N916US,PHL,LAX,1800,1814,14,20,1834,374,354,326,2402,2100,8,2114,2108,-6,0,0,,,,,,
2015,9,8,2,WN,2928,N408WN,LAS,BUR,1740,1952,132,15,2007,65,62,44,223,2051,3,1845,2054,129,0,0,,0,0,0,129,0
2015,8,19,3,EV,4982,N744EV,FSD,MSP,1305,1410,65,13,1423,60,55,38,196,1501,4,1405,1505,60,0,0,,0,0,0,60,0
2015,5,13,3,B6,1054,N594JB,SJU,FLL,1103,1101,-2,12,1113,168,156,132,1046,1325,12,1351,1337,-14,0,0,,,,,,
2015,12,27,7,EV,4146,N13550,IAH,HSV,2031,,,,,101,,,595,,,2212,,,0,1,B,,,,,
2015,3,8,7,DL,2585,N358NB,MSN,MSP,710,704,-6,15,719,65,64,45,228,804,4,815,808,-7,0,0,,,,,,
2015,9,16,3,B6,476,N806JB,MCO,PVD,2020,2020,0,30,2050,159,169,133,1072,2303,6,2259,2309,10,0,0,,,,,,
2015,8,3,1,UA,1543,N24729,ATL,IAH,838,836,-2,16,852,127,126,100,689,932,10,945,942,-3,0,0,,,,,,
2015,9,4,5,MQ,3067,N696MQ,ORD,MSN,1430,1428,-2,19,1447,53,45,23,108,1510,3,1523,1513,-10,0,0,,,,,,
2015,10,26,1,WN,2100,N468WN,12992,12889,1110,1111,1,8,1119,210,193,181,1294,1220,4,1240,1224,-16,0,0,,,,,,
2015,4,7,2,OO,3480,N227AG,SLC,SAN,1735,1748,13,14,1802,110,114,98,626,1840,2,1825,1842,17,0,0,,4,0,13,0,0
2015,4,27,1,DL,2335,N338NW,DTW,DEN,2000,1958,-2,13,2011,191,169,148,1123,2039,8,2111,2047,-24,0,0,,,,,,
2015,3,17,2,AA,1340,N3CVAA,ATL,MIA,950,947,-3,22,1009,119,110,83,594,1132,5,1149,1137,-12,0,0,,,,,,
2015,6,14,7,DL,1934,N316NB,DTW,MEM,1352,1347,-5,36,1423,114,142,100,610,1503,6,1446,1509,23,0,0,,23,0,0,0,0
2015,8,3,1,WN,4234,N638SW,DAL,FLL,1405,1403,-2,14,1417,165,166,146,1108,1743,6,1750,1749,-1,0,0,,,,,,
2015,8,21,5,MQ,3459,N856MQ,DFW,SPS,930,928,-2,12,940,52,46,30,113,1010,4,1022,1014,-8,0,0,,,,,,
2015,12,20,7,NK,141,N506NK,BWI,LAX,820,837,17,11,848,352,349,332,2329,1120,6,1112,1126,14,0,0,,,,,,
2015,11,7,6,F9,283,N923FR,STL,DEN,1605,1602,-3,8,1610,141,124,109,770,1659,7,1726,1706,-20,0,0,,,,,,
2015,2,19,4,NK,600,N611NK,FLL,ATL,1612,1617,5,14,1631,120,124,97,581,1808,13,1812,1821,9,0,0,,,,,,
2015,3,20,5,MQ,3306,N847MQ,ORD,TOL,2150,2146,-4,14,2200,53,56,39,213,2339,3,2343,2342,-1,0,0,,,,,,
2015,8,2,7,WN,331,N954WN,BUR,SJC,1800,1757,-3,8,1805,60,57,45,296,1850,4,1900,1854,-6,0,0,,,,,,
2015,12,28,1,WN,1410,N7749B,LAS,SAN,1535,1617,42,13,1630,65,63,46,258,1716,4,1640,1720,40,0,0,,0,0,1,39,0
2015,2,13,5,UA,665,N405UA,MIA,EWR,632,621,-11,11,632,177,157,136,1085,848,10,929,858,-31,0,0,,,,,,
2015,9,10,4,AA,520,N651AW,PHX,BWI,850,1017,87,12,1029,274,256,239,1999,1728,5,1624,1733,69,0,0,,69,0,0,0,0
2015,12,23,3,DL,1451,N364NB,MSY,DTW,730,729,-1,9,738,151,130,113,926,1031,8,1101,1039,-22,0,0,,,,,,
2015,2,26,4,OO,4662,N625CA,TUL,SLC,1740,1731,-9,9,1740,164,154,140,926,1900,5,1924,1905,-19,0,0,,,,,,
2015,10,8,4,OO,4554,N427SW,11433,11013,2007,2016,9,14,2030,80,74,55,284,2125,5,2127,2130,3,0,0,,,,,,
2015,10,25,7,AS,849,N533AS,13796,12758,805,756,-9,8,804,321,323,312,2378,1016,3,1026,1019,-7,0,0,,,,,,
2015,3,25,3,F9,607,N943FR,IND,DEN,1835,1832,-3,9,1841,164,158,144,977,1905,5,1919,1910,-9,0,0,,,,,,
2015,4,11,6,MQ,3317,N508MQ,BNA,ORD,925,926,1,19,945,103,100,73,409,1058,8,1108,1106,-2,0,0,,,,,,
2015,11,4,3,WN,2322,N245WN,LGA,IND,1155,1154,-1,33,1227,135,135,95,660,1402,7,1410,1409,-1,0,0,,,,,,
2015,2,23,1,DL,2051,N806DN,MSP,LAS,1509,1549,40,24,1613,204,196,164,1299,1657,8,1633,1705,32,0,0,,24,0,0,8,0
2015,6,6,6,WN,3582,N737JW,OMA,PHX,900,857,-3,7,904,180,167,156,1037,940,4,1000,944,-16,0,0,,,,,,
2015,1,5,1,WN,2393,N7737E,DEN,MKE,1010,1015,5,15,1030,135,135,115,896,1325,5,1325,1330,5,0,0,,,,,,
2015,8,25,2,AS,174,N625AS,KTN,SEA,1605,1555,-10,9,1604,110,116,98,680,1842,9,1855,1851,-4,0,0,,,,,,
2015,5,9,6,AA,1620,N590AA,DEN,DFW,1115,1138,23,21,1159,119,141,113,641,1452,7,1414,1459,45,0,0,,22,0,0,23,0
2015,11,2,1,UA,1988,N37471,ORD,SFO,702,705,3,14,719,292,280,262,1846,941,4,954,945,-9,0,0,,,,,,
2015,4,6,1,DL,2023,N343NB,CHS,ATL,630,627,-3,10,637,70,72,51,259,728,11,740,739,-1,0,0,,,,,,
2015,12,5,6,WN,3222,N8322X,OAK,SEA,1340,1348,8,7,1355,120,108,92,672,1527,9,1540,1536,-4,0,0,,,,,,
2015,7,5,7,DL,2526,N3752,BZN,SLC,625,619,-6,11,630,70,66,49,347,719,6,735,725,-10,0,0,,,,,,
2015,6,20,6,NK,863,N608NK,LBE,MCO,1826,1954,88,13,2007,134,138,111,824,2158,14,2040,2212,92,0,0,,4,0,0,88,0
2015,8,5,3,EV,4554,N16170,IAH,TYS,1927,1924,-3,15,1939,133,126,104,771,2223,7,2240,2230,-10,0,0,,,,,,
2015,4,21,2,OO,2773,N506CA,PSP,PHX,750,740,-10,14,754,79,74,45,261,839,15,909,854,-15,0,0,,,,,,
2015,8,30,7,DL,1804,N556NW,FLL,DTW,1354,1409,15,10,1419,179,159,146,1127,1645,3,1653,1648,-5,0,0,,,,,,
2015,7,17,5,AA,1022,N859AA,LAS,DFW,1420,1414,-6,16,1430,169,173,130,1055,1840,27,1909,1907,-2,0,0,,,,,,
2015,2,2,1,AA,288,N3FDAA,ORD,BOS,2005,,,,,129,,,867,,,2314,,,0,1,B,,,,,
2015,1,23,5,EV,4640,N48901,DAY,EWR,1005,1005,0,17,1022,108,110,79,533,1141,14,1153,1155,2,0,0,,,,,,
2015,3,12,4,UA,1642,N69810,LAX,SFO,1744,1818,34,26,1844,86,89,56,337,1940,7,1910,1947,37,0,0,,3,0,5,29,0
2015,9,6,7,AA,574,N665AW,SFO,PHX,1200,1159,-1,15,1214,123,119,96,651,1350,8,1403,1358,-5,0,0,,,,,,
2015,5,15,5,OO,5237,N742SK,ONT,IAH,1208,1204,-4,16,1220,192,185,159,1334,1659,10,1720,1709,-11,0,0,,,,,,
2015,8,30,7,AA,2423,N3GEAA,MSP,DFW,1520,1519,-1,13,1532,147,130,108,852,1720,9,1747,1729,-18,0,0,,,,,,
2015,9,9,3,DL,1633,N360NB,ATL,HOU,816,815,-1,32,847,122,133,95,696,922,6,918,928,10,0,0,,,,,,
2015,3,8,7,DL,1838,N945DN,ATL,DCA,1720,1720,0,15,1735,107,95,76,547,1851,4,1907,1855,-12,0,0,,,,,,
2015,2,2,1,DL,1588,N301NB,MYR,ATL,650,651,1,10,701,89,87,69,317,810,8,819,818,-1,0,0,,,,,,
2015,2,3,2,US,2155,N946UW,BOS,LGA,1600,1703,63,21,1724,80,68,40,184,1804,7,1720,1811,51,0,0,,51,0,0,0,0
2015,3,25,3,AS,894,N517AS,HNL,SEA,1250,1238,-12,16,1254,349,325,299,2677,2053,10,2139,2103,-36,0,0,,,,,,
2015,3,24,2,DL,1899,N367NW,MSP,PSP,905,920,15,14,934,220,225,206,1454,1100,5,1045,1105,20,0,0,,5,0,15,0,0
2015,11,17,2,DL,1986,N927DN,ATL,LGA,1745,1744,-1,16,1800,145,123,100,762,1940,7,2010,1947,-23,0,0,,,,,,
2015,4,17,5,EV,5848,N14117,OKC,ORD,1810,1802,-8,12,1814,129,123,92,693,1946,19,2019,2005,-14,0,0,,,,,,
2015,2,16,1,US,1983,N769US,CLT,PBI,1119,1201,42,19,1220,107,114,90,590,1350,5,1306,1355,49,0,0,,7,0,16,26,0
2015,3,17,2,B6,1373,N520JB,JFK,CHS,1540,1537,-3,54,1631,142,158,94,636,1805,10,1802,1815,13,0,0,,,,,,
2015,12,22,2,WN,2033,N603SW,PHX,DEN,1040,1046,6,16,1102,105,104,82,602,1224,6,1225,1230,5,0,0,,,,,,
2015,6,17,3,NK,654,N509NK,PDX,ORD,2355,29,34,11,40,230,217,199,1739,559,7,545,606,21,0,0,,0,0,0,21,0
2015,3,13,5,EV,5660,N11184,SHV,IAH,706,704,-2,13,717,67,75,41,192,758,21,813,819,6,0,0,,,,,,
2015,9,10,4,B6,1035,N368JB,STT,SJU,840,836,-4,7,843,36,30,19,68,902,4,916,906,-10,0,0,,,,,,
2015,7,3,5,DL,1979,N3761R,LAS,DTW,2357,2,5,11,13,234,230,206,1749,639,13,651,652,1,0,0,,,,,,
2015,4,10,5,WN,1881,N470WN,EWR,MSY,735,734,-1,31,805,190,195,161,1167,946,3,945,949,4,0,0,,,,,,
2015,12,27,7,MQ,3522,N640MQ,AEX,DFW,2105,,,,,81,,,285,,,2226,,,0,1,B,,,,,
2015,10,23,5,UA,1726,N39728,13495,11618,632,632,0,9,641,178,167,153,1167,1014,5,1030,1019,-11,0,0,,,,,,
2015,1,19,1,US,449,N817AW,PIT,PHX,1725,1718,-7,10,1728,285,286,270,1814,1958,6,2010,2004,-6,0,0,,,,,,
2015,12,16,3,WN,2919,N631SW,PHX,SAT,1855,1908,13,9,1917,120,113,99,843,2156,5,2155,2201,6,0,0,,,,,,
2015,4,24,5,US,1996,N918US,CLT,PVD,2020,2014,-6,18,2032,119,117,95,683,2207,4,2219,2211,-8,0,0,,,,,,
2015,2,22,7,WN,556,N460WN,ATL,SAN,1540,1549,9,23,1612,315,306,278,1892,1750,5,1755,1755,0,0,0,,,,,,
2015,6,2,2,US,579,N524UW,SAN,CLT,2235,2339,64,11,2350,267,267,249,2077,659,7,602,706,64,0,0,,0,64,0,0,0
2015,10,2,5,DL,721,N674DL,10397,13487,1635,1631,-4,21,1652,165,144,116,907,1748,7,1820,1755,-25,0,0,,,,,,
2015,9,17,4,EV,2638,N677AE,DFW,VPS,1015,1009,-6,13,1022,117,108,86,641,1148,9,1212,1157,-15,0,0,,,,,,
2015,6,15,1,WN,208,N280WN,PVD,MCO,1530,1543,13,9,1552,175,151,136,1072,1808,6,1825,1814,-11,0,0,,,,,,
2015,1,19,1,EV,4581,N12135,GSO,EWR,1023,1012,-11,16,1028,101,99,74,445,1142,9,1204,1151,-13,0,0,,,,,,
2015,10,25,7,MQ,3559,N933MQ,11298,13290,1530,1524,-6,10,1534,91,73,61,431,1635,2,1701,1637,-24,0,0,,,,,,
2015,5,11,1,WN,2162,N369SW,OMA,STL,1940,1943,3,8,1951,70,64,52,342,2043,4,2050,2047,-3,0,0,,,,,,
2015,2,4,3,DL,2265,N823DN,ATL,SFO,1955,1953,-2,13,2006,329,302,285,2139,2151,4,2224,2155,-29,0,0,,,,,,
2015,1,14,3,EV,4862,N14158,MCI,IAH,1247,1238,-9,7,1245,128,121,97,643,1422,17,1455,1439,-16,0,0,,,,,,
2015,12,22,2,DL,1270,N918DH,ATL,PNS,1340,1337,-3,11,1348,75,64,49,271,1337,4,1355,1341,-14,0,0,,,,,,
2015,8,12,3,DL,1660,N302NB,DTW,EWR,1945,1943,-2,9,1952,104,82,67,488,2059,6,2129,2105,-24,0,0,,,,,,
2015,9,25,5,EV,6087,N11536,OKC,ORD,1740,1734,-6,11,1745,131,124,103,693,1928,10,1951,1938,-13,0,0,,,,,,
2015,9,20,7,AA,1909,N746UW,CLE,CLT,830,824,-6,14,838,104,92,69,430,947,9,1014,956,-18,0,0,,,,,,
2015,10,1,4,UA,528,N829UA,12339,12266,1512,1520,8,12,1532,153,136,117,844,1629,7,1645,1636,-9,0,0,,,,,,
2015,9,6,7,WN,6613,N7813P,FLL,TPA,1500,1603,63,12,1615,60,54,38,197,1653,4,1600,1657,57,0,0,,0,0,0,57,0
2015,9,16,3,AA,1366,N3DBAA,LGA,MIA,1720,1912,112,25,1937,200,184,154,1096,2211,5,2040,2216,96,0,0,,0,0,96,0,0
2015,4,30,4,AA,1464,N485AA,DFW,TUL,2140,2210,30,10,2220,67,54,40,237,2300,4,2247,2304,17,0,0,,0,0,17,0,0
2015,10,22,4,MQ,3144,N534MQ,11298,13851,1720,1721,1,47,1808,60,89,37,175,1845,5,1820,1850,30,0,0,,30,0,0,0,0
2015,9,3,4,MQ,3113,N941MQ,RIC,ORD,1136,1127,-9,11,1138,129,123,94,642,1212,18,1245,1230,-15,0,0,,,,,,
2015,5,6,3,OO,5358,N472CA,LAX,SBA,2010,2010,0,15,2025,48,39,19,89,2044,5,2058,2049,-9,0,0,,,,,,
2015,3,29,7,AA,1320,N3EGAA,JFK,PHX,959,957,-2,14,1011,335,325,291,2153,1202,20,1234,1222,-12,0,0,,,,,,
2015,6,24,3,UA,1614,N20904,IAH,SFO,720,722,2,19,741,237,230,197,1635,858,14,917,912,-5,0,0,,,,,,
2015,6,5,5,DL,2204,N6710E,LAX,SLC,1315,1309,-6,21,1330,103,104,74,590,1544,9,1558,1553,-5,0,0,,,,,,
2015,9,29,2,WN,2964,N7705A,BWI,MCO,2050,2058,8,40,2138,135,159,113,787,2331,6,2305,2337,32,0,0,,24,0,8,0,0
2015,11,21,6,DL,392,N912DN,ATL,ORD,1456,2026,330,27,2053,127,128,88,606,2121,13,1603,2134,331,0,0,,331,0,0,0,0
2015,11,27,5,DL,1595,N684DA,SJU,ATL,1650,1645,-5,15,1700,238,227,203,1547,1923,9,1948,1932,-16,0,0,,,,,,
2015,7,13,1,WN,875,N665WN,LAX,ELP,1105,1107,2,17,1124,115,117,96,715,1400,4,1400,1404,4,0,0,,,,,,
2015,3,16,1,UA,685,N448UA,MSY,ORD,1354,1400,6,8,1408,153,146,122,837,1610,16,1627,1626,-1,0,0,,,,,,
2015,11,19,4,B6,127,N621JB,EWR,MCO,1245,1321,36,23,1344,166,166,140,937,1604,3,1531,1607,36,0,0,,0,0,15,21,0
2015,8,1,6,NK,779,N611NK,LGA,FLL,1950,2048,58,10,2058,180,167,147,1076,2325,10,2250,2335,45,0,0,,45,0,0,0,0
2015,12,9,3,DL,1492,N363NW,PHX,MSP,815,812,-3,17,829,189,178,157,1276,1206,4,1224,1210,-14,0,0,,,,,,
2015,2,13,5,EV,4526,N12166,ELP,IAH,1728,1721,-7,10,1731,117,113,91,667,2002,12,2025,2014,-11,0,0,,,,,,
2015,1,8,4,NK,176,N523NK,LAS,MSP,909,902,-7,12,914,186,205,189,1299,1423,4,1415,1427,12,0,0,,,,,,
2015,12,9,3,WN,1112,N629SW,IND,DEN,555,550,-5,12,602,185,159,141,977,623,6,700,629,-31,0,0,,,,,,
2015,1,23,5,WN,683,N609SW,HOU,TUL,1300,1311,11,15,1326,85,83,63,453,1429,5,1425,1434,9,0,0,,,,,,
2015,10,16,5,WN,324,N954WN,14492,10397,615,612,-3,12,624,85,80,60,356,724,8,740,732,-8,0,0,,,,,,
2015,4,26,7,WN,498,N904WN,PDX,LAS,1925,1927,2,7,1934,125,107,96,763,2110,4,2130,2114,-16,0,0,,,,,,
2015,6,9,2,AA,1593,N4XVAA,DFW,AUS,1510,1530,20,14,1544,63,49,30,190,1614,5,1613,1619,6,0,0,,,,,,
2015,6,4,4,EV,5170,N921EV,ATL,TRI,1205,1202,-3,8,1210,63,51,40,227,1250,3,1308,1253,-15,0,0,,,,,,
2015,7,3,5,AA,2070,N724UW,RIC,CLT,1940,1936,-4,46,2022,77,108,52,257,2114,10,2057,2124,27,0,0,,27,0,0,0,0
2015,2,19,4,WN,4279,N966WN,PHX,MCI,2010,2028,18,5,2033,150,129,120,1044,2333,4,2340,2337,-3,0,0,,,,,,
2015,7,4,6,DL,2847,N389DA,JFK,LAS,1830,1825,-5,24,1849,353,319,286,2248,2035,9,2123,2044,-39,0,0,,,,,,
2015,4,18,6,DL,1985,N948DN,DAY,ATL,630,629,-1,13,642,106,94,75,432,757,6,816,803,-13,0,0,,,,,,
2015,7,26,7,DL,430,N713TW,JFK,SFO,1145,1140,-5,14,1154,383,367,347,2586,1441,6,1508,1447,-21,0,0,,,,,,
2015,7,10,5,DL,1814,N902DE,PNS,ATL,1603,1603,0,10,1613,87,70,48,271,1801,12,1830,1813,-17,0,0,,,,,,
2015,7,1,3,WN,895,N8328A,MCO,MDW,1915,1930,15,7,1937,175,160,146,990,2103,7,2110,2110,0,0,0,,,,,,
2015,12,10,4,WN,1533,N555LV,MCO,PVD,1435,1449,14,11,1500,160,152,136,1072,1716,5,1715,1721,6,0,0,,,,,,
2015,10,2,5,DL,2267,N590NW,14679,10397,1341,1343,2,17,1400,251,243,216,1892,2036,10,2052,2046,-6,0,0,,,,,,
2015,9,26,6,WN,717,N461WN,OAK,SLC,1335,1335,0,10,1345,100,87,75,588,1600,2,1615,1602,-13,0,0,,,,,,
2015,4,13,1,US,2139,N767UW,DCA,BOS,930,924,-6,12,936,89,80,64,399,1040,4,1059,1044,-15,0,0,,,,,,
2015,11,25,3,AS,690,N471AS,SEA,GEG,800,756,-4,23,819,59,66,39,224,858,4,859,902,3,0,0,,,,,,
2015,8,20,4,F9,754,N941FR,PHX,DEN,1651,1819,88,11,1830,104,94,76,602,2046,7,1935,2053,78,0,0,,0,0,0,78,0
2015,11,19,4,NK,356,N636NK,SAN,LAS,1520,1622,62,28,1650,69,87,51,258,1741,8,1629,1749,80,0,0,,51,0,29,0,0
2015,3,2,1,B6,445,N247JB,SWF,MCO,1252,1311,19,21,1332,177,170,137,989,1549,12,1549,1601,12,0,0,,,,,,
2015,11,17,2,AA,1071,N3GCAA,LAX,SFO,1815,1808,-7,13,1821,83,72,55,337,1916,4,1938,1920,-18,0,0,,,,,,
2015,5,31,7,UA,1662,N77261,DCA,SFO,830,824,-6,12,836,367,339,316,2442,1052,11,1137,1103,-34,0,0,,,,,,
2015,8,18,2,WN,1968,N7742B,LAX,LAS,2130,2143,13,14,2157,60,62,43,236,2240,5,2230,2245,15,0,0,,2,0,13,0,0
2015,9,29,2,B6,1202,N640JB,FLL,JFK,1545,1706,81,22,1728,174,187,150,1069,1958,15,1839,2013,94,0,0,,94,0,0,0,0
2015,11,9,1,EV,4609,N14570,CRP,IAH,1050,1041,-9,10,1051,67,55,38,201,1129,7,1157,1136,-21,0,0,,,,,,
2015,1,8,4,EV,5593,N740EV,MSP,EWR,1402,1827,265,63,1930,165,184,118,1008,2228,3,1747,2231,284,0,0,,19,0,265,0,0
2015,2,20,5,B6,602,N794JB,PHX,BOS,2244,2241,-3,16,2257,279,259,239,2300,456,4,523,500,-23,0,0,,,,,,
2015,5,21,4,OO,4981,N771SK,IAH,BOI,1745,1829,44,17,1846,231,208,187,1482,2053,4,2036,2057,21,0,0,,0,0,21,0,0
2015,6,7,7,UA,471,N550UA,LIH,LAX,1411,1358,-13,15,1413,340,363,311,2615,2224,37,2251,2301,10,0,0,,,,,,
2015,5,29,5,WN,1961,N8322X,DAL,TPA,1155,1208,13,16,1224,135,149,128,917,1532,5,1510,1537,27,0,0,,14,0,0,13,0
2015,6,13,6,AA,1693,N569AA,MCO,ORD,1645,1734,49,13,1747,177,160,137,1005,1904,10,1842,1914,32,0,0,,0,0,4,28,0
2015,7,17,5,B6,1119,N206JB,JFK,CLT,1706,1704,-2,22,1726,140,100,75,541,1841,3,1926,1844,-42,0,0,,,,,,
2015,7,23,4,WN,121,N8657B,BNA,DEN,1540,1537,-3,11,1548,170,158,140,1014,1708,7,1730,1715,-15,0,0,,,,,,
2015,5,17,7,UA,2009,N466UA,OKC,LAX,1643,1801,78,13,1814,194,184,163,1187,1857,8,1757,1905,68,0,0,,0,0,68,0,0
2015,3,25,3,NK,675,N633NK,MCO,FLL,840,845,5,16,901,65,90,61,177,1002,13,945,1015,30,0,0,,30,0,0,0,0
2015,9,11,5,HA,138,N479HA,HNL,KOA,1253,1353,60,16,1409,44,48,27,163,1436,5,1337,1441,64,0,0,,0,0,64,0,0
2015,1,10,6,WN,2976,N252WN,PHX,MDW,1300,1323,23,10,1333,200,194,178,1444,1731,6,1720,1737,17,0,0,,0,0,17,0,0
2015,7,2,4,WN,161,N607SW,ABQ,HOU,1635,1801,86,12,1813,120,122,101,759,2054,9,1935,2103,88,0,0,,2,0,26,60,0
2015,2,24,2,MQ,3652,N630MQ,GRK,DFW,643,,,,,52,,,134,,,735,,,0,1,B,,,,,
2015,10,22,4,NK,913,N507NK,11433,13198,1615,1614,-1,12,1626,123,112,95,629,1701,5,1718,1706,-12,0,0,,,,,,
2015,12,18,5,AA,2617,N3BDAA,DTW,DFW,1340,1343,3,12,1355,186,164,134,986,1509,18,1546,1527,-19,0,0,,,,,,
2015,9,15,2,UA,1666,N38454,EWR,BOS,1529,1545,16,18,1603,74,66,43,200,1646,5,1643,1651,8,0,0,,,,,,
2015,3,16,1,WN,2520,N8621A,MDW,IAD,1200,1204,4,9,1213,100,84,71,577,1424,4,1440,1428,-12,0,0,,,,,,
2015,8,28,5,UA,1175,N26215,IAD,SFO,1959,1959,0,14,2013,342,334,315,2419,2228,5,2241,2233,-8,0,0,,,,,,
2015,5,13,3,DL,1159,N900DE,BUF,ATL,1610,1610,0,8,1618,129,103,90,712,1748,5,1819,1753,-26,0,0,,,,,,
2015,6,12,5,UA,1959,N73283,ORD,MCO,2057,2143,46,35,2218,166,174,135,1005,133,4,43,137,54,0,0,,8,0,46,0,0
2015,6,14,7,AA,1044,N3MEAA,MIA,DTW,935,933,-2,20,953,189,180,152,1145,1225,8,1244,1233,-11,0,0,,,,,,
2015,4,5,7,WN,486,N391SW,TUS,LAS,1605,1614,9,10,1624,75,72,58,365,1722,4,1720,1726,6,0,0,,,,,,
2015,10,23,5,OO,6206,N970SW,14457,13930,945,1005,20,14,1019,134,130,104,779,1303,12,1259,1315,16,0,0,,0,0,0,16,0
2015,12,1,2,WN,2569,N8665D,AUS,DEN,1520,1520,0,9,1529,140,121,106,775,1615,6,1640,1621,-19,0,0,,,,,,
2015,11,1,7,F9,1160,N908FR,MCO,CLE,1330,1411,41,19,1430,135,143,116,895,1626,8,1545,1634,49,0,0,,8,0,41,0,0
2015,8,17,1,OO,5609,N909SW,SFO,MRY,1535,1530,-5,16,1546,56,47,27,77,1613,4,1631,1617,-14,0,0,,,,,,
2015,11,6,5,DL,995,N926DL,ATL,BWI,850,845,-5,17,902,110,108,85,577,1027,6,1040,1033,-7,0,0,,,,,,
2015,5,10,7,EV,4992,N838AS,BQK,ATL,1159,1157,-2,7,1204,74,60,43,238,1247,10,1313,1257,-16,0,0,,,,,,
2015,9,18,5,AA,1461,N032AA,TPA,MIA,900,852,-8,8,900,63,82,38,204,938,36,1003,1014,11,0,0,,,,,,
2015,5,26,2,EV,4391,N25134,MLU,IAH,1542,1655,73,11,1706,72,81,57,262,1803,13,1654,1816,82,0,0,,9,0,0,73,0
2015,6,11,4,WN,1188,N246LV,MCO,BWI,1210,1205,-5,12,1217,130,124,107,787,1404,5,1420,1409,-11,0,0,,,,,,
2015,7,7,2,AA,295,N3JPAA,TPA,MIA,710,707,-3,9,716,65,52,36,204,752,7,815,759,-16,0,0,,,,,,
2015,5,12,2,AA,1458,N3ACAA,EWR,DFW,511,502,-9,11,513,234,230,215,1372,748,4,805,752,-13,0,0,,,,,,
2015,6,3,3,WN,801,N743SW,MCO,BUF,2140,2216,36,7,2223,155,137,126,1011,29,4,15,33,18,0,0,,0,0,18,0,0
2015,9,18,5,WN,1541,N295WN,BWI,MKE,1745,1816,31,11,1827,120,116,100,641,1907,5,1845,1912,27,0,0,,0,0,2,25,0
2015,3,9,1,WN,121,N652SW,BNA,DAL,2000,2010,10,9,2019,120,108,94,623,2153,5,2200,2158,-2,0,0,,,,,,
2015,2,4,3,MQ,3437,N907MQ,ORD,TVC,940,1013,33,44,1057,63,88,41,224,1238,3,1143,1241,58,0,0,,25,0,28,5,0
2015,11,6,5,DL,2315,N379DA,CVG,ATL,705,704,-1,24,728,104,108,64,373,832,20,849,852,3,0,0,,,,,,
2015,10,15,4,B6,1184,N712JB,13204,12478,600,555,-5,18,613,147,138,115,944,808,5,827,813,-14,0,0,,,,,,
2015,5,19,2,AA,1462,N374AA,DFW,MIA,1205,1204,-1,20,1224,175,173,142,1121,1546,11,1600,1557,-3,0,0,,,,,,
2015,7,12,7,EV,5892,N13118,LGA,CLE,1526,1523,-3,36,1559,111,108,66,419,1705,6,1717,1711,-6,0,0,,,,,,
2015,5,13,3,WN,857,N785SW,TUL,STL,1800,1805,5,15,1820,70,66,48,351,1908,3,1910,1911,1,0,0,,,,,,
2015,12,3,4,AA,2408,N3JYAA,DFW,ATL,1820,1817,-3,25,1842,125,127,91,731,2113,11,2125,2124,-1,0,0,,,,,,
2015,3,26,4,OO,4623,N689CA,PDX,SEA,1239,1239,0,15,1254,50,52,31,129,1325,6,1329,1331,2,0,0,,,,,,
2015,8,22,6,WN,1843,N7711N,PHX,OMA,1730,1728,-2,7,1735,145,138,126,1037,2141,5,2155,2146,-9,0,0,,,,,,
2015,4,23,4,B6,993,N588JB,BOS,DEN,1951,1948,-3,20,2008,282,266,239,1754,2207,7,2233,2214,-19,0,0,,,,,,
2015,1,25,7,DL,1931,N956DN,ATL,SRQ,1959,1959,0,14,2013,92,84,66,444,2119,4,2131,2123,-8,0,0,,,,,,
2015,5,19,2,WN,2141,N777QC,MCO,STL,845,839,-6,9,848,145,131,118,882,946,4,1010,950,-20,0,0,,,,,,
2015,2,24,2,UA,1403,N24729,IAH,ORD,1554,1551,-3,24,1615,162,160,120,925,1815,16,1836,1831,-5,0,0,,,,,,
2015,11,12,4,EV,4707,N11544,IND,IAH,1208,1209,1,11,1220,159,163,143,844,1343,9,1347,1352,5,0,0,,,,,,
2015,12,27,7,WN,848,N654SW,PHX,DAL,1010,1013,3,18,1031,135,174,148,879,1359,8,1325,1407,42,0,0,,42,0,0,0,0
2015,8,16,7,DL,1279,N927AT,DAL,ATL,1000,1147,107,10,1157,134,107,92,721,1429,5,1314,1434,80,0,0,,0,0,0,80,0
2015,11,1,7,DL,1990,N998AT,SAV,ATL,1130,1127,-3,12,1139,67,64,42,214,1221,10,1237,1231,-6,0,0,,,,,,
2015,3,25,3,US,495,N183UW,PHX,LAX,1015,1022,7,27,1049,98,102,57,370,1146,18,1153,1204,11,0,0,,,,,,
2015,5,10,7,WN,1105,N638SW,LAS,ONT,1740,1832,52,15,1847,50,53,34,197,1921,4,1830,1925,55,0,0,,3,0,0,52,0
2015,11,26,4,AA,328,N3LFAA,LGA,ORD,1030,1024,-6,8,1032,174,140,124,733,1136,8,1224,1144,-40,0,0,,,,,,
2015,5,18,1,B6,290,N203JB,DCA,BOS,812,803,-9,13,816,89,82,62,399,918,7,941,925,-16,0,0,,,,,,
2015,2,20,5,AS,46,N760AS,BET,ANC,2112,2136,24,4,2140,65,69,61,399,2241,4,2217,2245,28,0,0,,4,0,3,21,0
2015,4,1,3,MQ,3690,N682MQ,SYR,ORD,1155,1146,-9,9,1155,131,120,98,607,1233,13,1306,1246,-20,0,0,,,,,,
2015,5,12,2,EV,5174,N882AS,DTW,AVP,2005,1959,-6,22,2021,87,89,63,399,2124,4,2132,2128,-4,0,0,,,,,,
2015,11,5,4,WN,2624,N910WN,MCO,BNA,650,651,1,11,702,120,118,91,616,733,16,750,749,-1,0,0,,,,,,
2015,11,6,5,DL,1257,N920DL,ATL,BNA,1215,1212,-3,15,1227,64,59,39,214,1206,5,1219,1211,-8,0,0,,,,,,
2015,2,20,5,NK,197,N630NK,LGA,FLL,1050,1128,38,27,1155,189,187,151,1076,1426,9,1359,1435,36,0,0,,36,0,0,0,0
2015,9,7,1,VX,490,N628VA,LAX,LAS,2055,2050,-5,14,2104,65,70,48,236,2152,8,2200,2200,0,0,0,,,,,,
2015,5,5,2,MQ,3110,N908MQ,ORD,TVC,1240,1235,-5,29,1304,72,77,44,224,1448,4,1452,1452,0,0,0,,,,,,
2015,4,17,5,WN,4471,N210WN,ONT,SJC,1950,1953,3,11,2004,65,66,52,333,2056,3,2055,2059,4,0,0,,,,,,
2015,4,24,5,UA,712,N849UA,ORD,EWR,1114,1129,15,10,1139,136,101,86,719,1405,5,1430,1410,-20,0,0,,,,,,
2015,10,13,2,WN,271,N927WN,13204,10397,605,600,-5,21,621,95,90,60,404,721,9,740,730,-10,0,0,,,,,,
2015,5,11,1,MQ,3221,N513MQ,XNA,DFW,500,458,-2,10,508,77,71,54,280,602,7,617,609,-8,0,0,,,,,,
2015,3,17,2,DL,980,N917DN,ATL,BOS,1455,1450,-5,18,1508,168,149,121,946,1709,10,1743,1719,-24,0,0,,,,,,
2015,5,6,3,WN,213,N290WN,PHX,LAS,810,812,2,14,826,65,59,40,255,906,5,915,911,-4,0,0,,,,,,
2015,2,7,6,F9,1255,N926FR,LGA,MIA,1725,1734,9,13,1747,200,183,156,1096,2023,14,2045,2037,-8,0,0,,,,,,
2015,3,31,2,UA,1256,N36444,LAX,SFO,1012,1014,2,24,1038,94,87,56,337,1134,7,1146,1141,-5,0,0,,,,,,
2015,1,20,2,US,1734,N722US,SAT,CLT,820,815,-5,12,827,159,153,132,1095,1139,9,1159,1148,-11,0,0,,,,,,
2015,6,6,6,UA,1147,N77871,KOA,LAX,2115,2102,-13,12,2114,313,308,286,2504,500,10,528,510,-18,0,0,,,,,,
2015,5,13,3,DL,453,N921AT,JFK,CHS,810,803,-7,26,829,139,125,94,636,1003,5,1029,1008,-21,0,0,,,,,,
2015,2,25,3,VX,108,N634VA,LAX,IAD,830,830,0,9,839,280,278,262,2288,1601,7,1610,1608,-2,0,0,,,,,,
2015,1,26,1,US,1824,N105UW,PHL,PBI,755,748,-7,35,823,177,185,146,951,1049,4,1052,1053,1,0,0,,,,,,
2015,12,31,4,OO,5561,N908SW,DEN,FAR,1000,952,-8,46,1038,124,146,93,627,1311,7,1304,1318,14,0,0,,,,,,
2015,7,15,3,EV,3962,N16147,SDF,ORD,630,629,-1,15,644,80,82,55,287,639,12,650,651,1,0,0,,,,,,
2015,10,9,5,WN,2514,N254WN,14747,13796,1300,1307,7,23,1330,125,132,103,672,1513,6,1505,1519,14,0,0,,,,,,
2015,6,30,2,OO,4693,N8903A,DAY,MSP,715,709,-6,20,729,117,116,86,574,755,10,812,805,-7,0,0,,,,,,
2015,12,5,6,OO,5201,N679SA,MCI,DEN,1640,1633,-7,14,1647,118,105,85,533,1712,6,1738,1718,-20,0,0,,,,,,
2015,3,10,2,AA,1110,N3FRAA,LGA,DFW,1329,1436,67,28,1504,254,250,212,1389,1736,10,1643,1746,63,0,0,,0,0,0,63,0
2015,10,28,3,EV,3264,N12163,10257,11618,1511,1554,43,22,1616,70,80,40,143,1656,18,1621,1714,53,0,0,,49,0,4,0,0
2015,5,14,4,B6,262,N627JB,SJU,BOS,630,625,-5,12,637,241,239,221,1674,1018,6,1031,1024,-7,0,0,,,,,,
2015,5,23,6,WN,432,N8318F,LAX,STL,1640,1640,0,8,1648,215,203,192,1592,2200,3,2215,2203,-12,0,0,,,,,,
2015,9,18,5,B6,160,N354JB,PHL,BOS,1015,1006,-9,19,1025,78,78,55,280,1120,4,1133,1124,-9,0,0,,,,,,
2015,9,9,3,DL,1134,N933DL,PBI,ATL,1100,1103,3,12,1115,108,90,72,545,1227,6,1248,1233,-15,0,0,,,,,,
2015,5,25,1,US,585,N917UY,SFO,PHX,1705,1702,-3,13,1715,121,117,91,651,1846,13,1906,1859,-7,0,0,,,,,,
2015,2,25,3,EV,4584,N24103,RDU,IAH,1134,1125,-9,10,1135,196,200,181,1042,1336,9,1350,1345,-5,0,0,,,,,,
2015,2,8,7,WN,216,N951WN,DAL,MCO,1425,1426,1,9,1435,145,138,123,973,1738,6,1750,1744,-6,0,0,,,,,,
2015,12,2,3,AA,1418,N474AA,DFW,DTW,1820,1816,-4,11,1827,156,145,124,986,2131,10,2156,2141,-15,0,0,,,,,,
2015,11,4,3,VX,218,N851VA,SFO,AUS,1130,1400,150,11,1411,205,203,183,1504,1914,9,1655,1923,148,0,0,,132,0,0,16,0
2015,4,10,5,UA,1907,N37409,ORD,PHX,1220,1231,11,16,1247,229,227,204,1440,1411,7,1409,1418,9,0,0,,,,,,
2015,2,25,3,EV,5931,N13553,JAN,ORD,1446,,,,,133,,,677,,,1659,,,0,1,C,,,,,
2015,8,2,7,DL,1679,N953AT,EWR,DTW,1657,1653,-4,20,1713,120,105,78,488,1831,7,1857,1838,-19,0,0,,,,,,
2015,9,1,2,WN,1067,N7827A,OAK,SNA,1725,1844,79,8,1852,80,80,68,371,2000,4,1845,2004,79,0,0,,0,0,79,0,0
2015,11,26,4,AA,2272,N467AA,DFW,COS,945,939,-6,12,951,113,100,81,592,1012,7,1038,1019,-19,0,0,,,,,,
2015,10,5,1,AA,1411,N3GFAA,13930,13303,600,552,-8,12,604,184,177,149,1197,933,16,1004,949,-15,0,0,,,,,,
2015,5,22,5,DL,1247,N960AT,DTW,MSN,1740,1736,-4,9,1745,70,64,51,311,1736,4,1750,1740,-10,0,0,,,,,,
2015,1,13,2,B6,1479,N193JB,DCA,FLL,1240,1312,32,14,1326,158,152,136,899,1542,2,1518,1544,26,0,0,,0,0,5,21,0
2015,2,28,6,F9,705,N935FR,MSY,DEN,1832,1856,24,12,1908,173,173,156,1062,2044,5,2025,2049,24,0,0,,0,0,24,0,0
2015,7,13,1,DL,840,N393DA,PHX,DTW,1130,1131,1,15,1146,235,214,193,1671,1759,6,1825,1805,-20,0,0,,,,,,
2015,3,7,6,AA,312,N5FTAA,MIA,JFK,1950,1947,-3,18,2005,173,162,136,1089,2221,8,2243,2229,-14,0,0,,,,,,
2015,10,28,3,EV,5123,N752EV,10423,11433,710,708,-2,19,727,179,175,147,1149,1054,9,1109,1103,-6,0,0,,,,,,
2015,8,18,2,EV,5783,N10575,IAH,LFT,747,744,-3,12,756,62,50,34,201,830,4,849,834,-15,0,0,,,,,,
2015,3,4,3,MQ,3172,N942MQ,CID,ORD,1520,1537,17,8,1545,65,58,39,196,1624,11,1625,1635,10,0,0,,,,,,
2015,2,28,6,AA,2499,N3KGAA,DFW,LAX,2135,2200,25,58,2258,205,256,190,1235,8,8,2300,16,76,0,0,,51,0,0,0,25
2015,4,4,6,OO,5640,N693BR,SFO,SBA,904,904,0,30,934,70,87,49,262,1023,8,1014,1031,17,0,0,,17,0,0,0,0
2015,8,4,2,B6,1207,N652JB,SEA,LGB,800,755,-5,30,825,157,169,135,965,1040,4,1037,1044,7,0,0,,,,,,
2015,4,29,3,UA,701,N529UA,DEN,ORD,1945,1938,-7,14,1952,140,136,115,888,2247,7,2305,2254,-11,0,0,,,,,,
2015,12,21,1,WN,4096,N405WN,PHX,BWI,1120,1123,3,24,1147,260,250,220,1999,1727,6,1740,1733,-7,0,0,,,,,,
2015,12,2,3,OO,4688,N441SW,ATL,SBN,1002,1001,-1,16,1017,111,101,79,566,1136,6,1153,1142,-11,0,0,,,,,,
2015,12,17,4,AS,532,N769AS,SEA,PSP,1925,1921,-4,23,1944,155,161,134,987,2158,4,2200,2202,2,0,0,,,,,,
2015,3,6,5,WN,1023,N728SW,SFO,LAS,1215,1221,6,11,1232,90,89,71,414,1343,7,1345,1350,5,0,0,,,,,,
2015,12,22,2,DL,1809,N812DN,DTW,SLC,815,815,0,15,830,254,245,224,1481,1014,6,1029,1020,-9,0,0,,,,,,
2015,5,31,7,DL,930,N332NB,DTW,TVC,2140,2246,66,11,2257,64,49,34,207,2331,4,2244,2335,51,0,0,,0,0,0,51,0
2015,2,2,1,US,658,N912UY,ATL,CLT,550,548,-2,17,605,66,66,43,226,648,6,656,654,-2,0,0,,,,,,
2015,3,7,6,US,534,N604AW,MKE,PHX,705,708,3,37,745,249,249,203,1460,1008,9,1014,1017,3,0,0,,,,,,
2015,2,17,2,OO,6373,N127SY,SFO,DFW,840,838,-2,20,858,219,209,183,1464,1401,6,1419,1407,-12,0,0,,,,,,
2015,1,10,6,WN,2723,N289CT,HOU,SAN,1040,1106,26,8,1114,210,185,174,1313,1208,3,1210,1211,1,0,0,,,,,,
2015,2,18,3,EV,4449,N12967,GPT,IAH,905,911,6,16,927,90,95,71,376,1038,8,1035,1046,11,0,0,,,,,,
2015,10,10,6,MQ,3348,N0EGMQ,13930,11111,2200,2159,-1,16,2215,87,71,51,315,2306,4,2327,2310,-17,0,0,,,,,,
2015,3,5,4,AS,822,N519AS,OGG,PDX,2310,2302,-8,14,2316,335,307,284,2562,600,9,645,609,-36,0,0,,,,,,
2015,8,27,4,EV,4548,N13133,IAH,CLT,1303,1259,-4,20,1319,157,160,129,912,1628,11,1640,1639,-1,0,0,,,,,,
2015,8,15,6,OO,6401,N113SY,EUG,SFO,530,537,7,15,552,99,87,68,451,700,4,709,704,-5,0,0,,,,,,
2015,9,27,7,WN,1081,N526SW,MSY,HOU,925,922,-3,7,929,70,65,51,302,1020,7,1035,1027,-8,0,0,,,,,,
2015,9,4,5,WN,2460,N786SW,PDX,PHX,625,624,-1,14,638,155,157,137,1009,855,6,900,901,1,0,0,,,,,,
2015,7,6,1,AA,2511,N520AA,DFW,ABQ,1250,1240,-10,18,1258,107,106,79,569,1317,9,1337,1326,-11,0,0,,,,,,
2015,1,14,3,NK,614,N627NK,MSP,ORD,1850,1843,-7,9,1852,92,77,53,334,1945,15,2022,2000,-22,0,0,,,,,,
2015,8,17,1,UA,645,N853UA,MFE,IAH,650,645,-5,9,654,79,69,52,316,746,8,809,754,-15,0,0,,,,,,
2015,4,10,5,OO,4749,N935SW,ONT,SLC,1635,1628,-7,12,1640,106,97,80,558,1900,5,1921,1905,-16,0,0,,,,,,
2015,10,21,3,WN,2485,N7752B,11278,10693,1235,1233,-2,14,1247,110,101,81,562,1308,6,1325,1314,-11,0,0,,,,,,
2015,3,23,1,WN,750,N405WN,SNA,LAS,1930,2036,66,6,2042,60,57,45,226,2127,6,2030,2133,63,0,0,,0,0,0,63,0
2015,7,5,7,WN,466,N8624J,SMF,LAS,1050,1049,-1,7,1056,80,74,63,397,1159,4,1210,1203,-7,0,0,,,,,,
2015,7,27,1,AA,277,N3GEAA,SAN,DFW,1055,1055,0,17,1112,185,178,151,1171,1543,10,1600,1553,-7,0,0,,,,,,
2015,3,18,3,NK,678,N630NK,RSW,DTW,1632,1627,-5,14,1641,173,184,156,1084,1917,14,1925,1931,6,0,0,,,,,,
2015,4,30,4,OO,7374,N440SW,BRD,MSP,1547,1546,-1,9,1555,45,39,22,114,1617,8,1632,1625,-7,0,0,,,,,,
2015,7,7,2,OO,2862,N466SW,LAX,FAT,1425,1419,-6,22,1441,63,63,36,209,1517,5,1528,1522,-6,0,0,,,,,,
2015,10,19,1,EV,4922,N197PQ,10785,10397,600,558,-2,24,622,168,161,129,961,831,8,848,839,-9,0,0,,,,,,
2015,7,21,2,AA,2140,N833AW,DCA,BOS,1930,1927,-3,10,1937,87,66,53,399,2030,3,2057,2033,-24,0,0,,,,,,
2015,6,16,2,US,1789,N108UW,TPA,PHL,755,815,20,8,823,153,144,129,920,1032,7,1028,1039,11,0,0,,,,,,
2015,7,4,6,B6,407,N579JB,SEA,LGB,1437,1442,5,19,1501,157,158,135,965,1716,4,1714,1720,6,0,0,,,,,,
2015,5,5,2,EV,5114,N838AS,ATL,CAE,1920,1916,-4,16,1932,62,51,32,192,2004,3,2022,2007,-15,0,0,,,,,,
2015,4,1,3,WN,4728,N232WN,PHX,MDW,710,708,-2,10,718,190,193,178,1444,1216,5,1220,1221,1,0,0,,,,,,
2015,4,26,7,EV,5566,N872AS,CSG,ATL,1445,1435,-10,7,1442,47,44,29,83,1511,8,1532,1519,-13,0,0,,,,,,
2015,4,2,4,WN,4471,N8634A,MDW,RSW,720,727,7,14,741,170,158,139,1105,1100,5,1110,1105,-5,0,0,,,,,,
2015,7,3,5,DL,2613,N920AT,EVV,ATL,600,608,8,14,622,79,97,76,350,838,7,819,845,26,0,0,,18,0,8,0,0
2015,8,1,6,AA,1334,N3BKAA,MIA,MCO,2135,2158,23,14,2212,68,62,42,192,2254,6,2243,2300,17,0,0,,0,0,17,0,0
2015,8,14,5,AA,1278,N3MFAA,DFW,SNA,1035,1031,-4,21,1052,191,181,155,1205,1127,5,1146,1132,-14,0,0,,,,,,
2015,10,27,2,OO,5211,N750SK,12266,12339,722,717,-5,36,753,139,142,101,844,1034,5,1041,1039,-2,0,0,,,,,,
2015,8,18,2,DL,1690,N951DL,ATL,BDL,1410,1423,13,18,1441,147,159,133,859,1654,8,1637,1702,25,0,0,,17,0,4,4,0
2015,8,4,2,OO,7369,N438SW,APN,DTW,1023,1023,0,13,1036,64,66,44,198,1120,9,1127,1129,2,0,0,,,,,,
2015,5,12,2,EV,5602,N914EV,LFT,ATL,1741,1746,5,15,1801,100,94,73,503,2014,6,2021,2020,-1,0,0,,,,,,
2015,10,14,3,UA,1836,N39728,12953,13930,1244,1241,-3,12,1253,166,130,109,733,1342,9,1430,1351,-39,0,0,,,,,,
2015,4,2,4,DL,2359,N3735D,DCA,SLC,730,725,-5,24,749,290,292,263,1851,1012,5,1020,1017,-3,0,0,,,,,,
2015,3,8,7,UA,1501,N34222,IAH,IAD,1250,1257,7,22,1319,171,161,135,1190,1634,4,1641,1638,-3,0,0,,,,,,
2015,3,11,3,AA,2246,N3LTAA,ORD,PBI,600,556,-4,13,609,168,179,159,1144,948,7,948,955,7,0,0,,,,,,
2015,8,19,3,OO,4496,N454SW,DLH,MSP,1554,1551,-3,26,1617,55,72,40,144,1657,6,1649,1703,14,0,0,,,,,,
2015,2,25,3,MQ,3038,N939MQ,DFW,LFT,2100,2158,58,13,2211,73,71,53,351,2304,5,2213,2309,56,0,0,,0,0,56,0,0
2015,7,1,3,UA,1001,N75851,MCO,IAH,900,859,-1,15,914,145,138,115,854,1009,8,1025,1017,-8,0,0,,,,,,
2015,2,7,6,WN,3457,N262WN,LAS,RDU,1420,1422,2,11,1433,255,246,232,2026,2125,3,2135,2128,-7,0,0,,,,,,
2015,7,3,5,AS,673,N627AS,DEN,SEA,1850,1839,-11,14,1853,165,166,147,1024,2020,5,2035,2025,-10,0,0,,,,,,
2015,2,26,4,WN,208,N281WN,ABQ,LAS,1255,1247,-8,7,1254,95,89,77,486,1311,5,1330,1316,-14,0,0,,,,,,
2015,9,16,3,AS,443,N607AS,LAX,SEA,900,857,-3,19,916,160,158,133,954,1129,6,1140,1135,-5,0,0,,,,,,
2015,12,11,5,OO,4574,N8965E,MSP,OMA,715,710,-5,21,731,89,75,50,282,821,4,844,825,-19,0,0,,,,,,
2015,4,20,1,WN,1299,N794SW,DAL,ATL,605,604,-1,10,614,125,112,93,721,847,9,910,856,-14,0,0,,,,,,
2015,4,17,5,EV,4976,N181PQ,IAH,MSP,735,918,103,19,937,172,155,129,1034,1146,7,1027,1153,86,0,0,,0,0,86,0,0
2015,10,27,2,OO,3009,N468CA,11921,14107,1215,1200,-15,14,1214,93,89,70,438,1224,5,1248,1229,-19,0,0,,,,,,
2015,11,25,3,WN,2039,N785SW,ISP,TPA,530,527,-3,15,542,185,165,146,1034,808,4,835,812,-23,0,0,,,,,,
2015,5,7,4,US,2121,N949UW,BOS,LGA,1100,1100,0,21,1121,76,74,42,184,1203,11,1216,1214,-2,0,0,,,,,,
2015,11,28,6,F9,769,N919FR,DEN,LAS,1820,1816,-4,8,1824,115,113,97,628,1901,8,1915,1909,-6,0,0,,,,,,
2015,8,5,3,AA,1999,N176UW,CLT,BOS,1610,1612,2,23,1635,130,130,103,728,1818,4,1820,1822,2,0,0,,,,,,
2015,8,3,1,WN,3562,N515SW,MAF,DAL,935,942,7,9,951,70,64,49,319,1040,6,1045,1046,1,0,0,,,,,,
2015,12,18,5,AA,1355,N3GVAA,PDX,DFW,1350,1357,7,25,1422,223,219,188,1616,1930,6,1933,1936,3,0,0,,,,,,
2015,2,3,2,OO,2618,N864AS,ELP,LAX,1715,1707,-8,12,1719,125,119,102,715,1801,5,1820,1806,-14,0,0,,,,,,
2015,7,30,4,WN,334,N694SW,PHX,DAL,1810,1933,83,13,1946,135,136,116,879,2342,7,2225,2349,84,0,0,,1,0,0,83,0
2015,11,23,1,UA,334,N26226,SAN,SFO,1029,1022,-7,37,1059,106,107,68,447,1207,2,1215,1209,-6,0,0,,,,,,
2015,3,17,2,UA,1603,N39475,IAH,SAN,1434,1516,42,14,1530,211,172,155,1303,1605,3,1605,1608,3,0,0,,,,,,
2015,12,8,2,WN,2793,N601WN,PIT,ATL,705,700,-5,10,710,130,105,85,526,835,10,915,845,-30,0,0,,,,,,
2015,11,19,4,DL,1983,N908DE,ATL,SAV,1455,1453,-2,13,1506,65,61,39,214,1545,9,1600,1554,-6,0,0,,,,,,
2015,1,22,4,US,1908,N521UW,LGA,CLT,1445,1439,-6,19,1458,125,110,87,544,1625,4,1650,1629,-21,0,0,,,,,,
2015,9,23,3,EV,4530,N13988,IAH,GPT,1916,1909,-7,13,1922,74,72,56,376,2018,3,2030,2021,-9,0,0,,,,,,
2015,12,31,4,NK,877,N526NK,ATL,FLL,1010,1006,-4,14,1020,111,105,87,581,1147,4,1201,1151,-10,0,0,,,,,,
2015,1,7,3,MQ,2904,N809MQ,RIC,ORD,1845,2041,116,10,2051,149,130,107,642,2138,13,2014,2151,97,0,0,,0,0,0,97,0
2015,11,4,3,DL,1933,N381DN,CVG,LAX,925,924,-1,9,933,300,278,261,1900,1054,8,1125,1102,-23,0,0,,,,,,
2015,9,25,5,AA,1237,N3CYAA,DFW,FLL,1650,1708,18,28,1736,169,173,141,1119,2057,4,2039,2101,22,0,0,,4,0,18,0,0
2015,12,13,7,UA,682,N37263,DEN,ORD,755,755,0,21,816,145,148,118,888,1114,9,1120,1123,3,0,0,,,,,,
2015,1,27,2,OO,6381,N706SK,IAH,ICT,918,905,-13,19,924,109,106,83,542,1047,4,1107,1051,-16,0,0,,,,,,
2015,12,27,7,WN,1528,N7819A,SEA,MKE,1025,1034,9,18,1052,225,219,197,1694,1609,4,1610,1613,3,0,0,,,,,,
2015,10,13,2,AA,2124,N701UW,10721,11278,1800,1756,-4,16,1812,95,94,69,399,1921,9,1935,1930,-5,0,0,,,,,,
2015,8,16,7,WN,2591,N660SW,SFO,LAX,1330,1332,2,18,1350,85,76,53,337,1443,5,1455,1448,-7,0,0,,,,,,
2015,2,9,1,OO,6225,N130SY,ORD,DFW,1500,1517,17,18,1535,155,138,113,802,1728,7,1735,1735,0,0,0,,,,,,
2015,7,22,3,DL,1631,N364NW,DCA,DTW,1245,1240,-5,23,1303,96,93,67,405,1410,3,1421,1413,-8,0,0,,,,,,
2015,6,1,1,AS,451,N315AS,LAX,SEA,1540,1550,10,20,1610,159,156,129,954,1819,7,1819,1826,7,0,0,,,,,,
2015,4,3,5,DL,1118,N686DA,MSP,FLL,1505,1504,-1,13,1517,207,195,178,1487,1915,4,1932,1919,-13,0,0,,,,,,
2015,12,1,2,AA,851,N180US,PHL,DEN,1835,1918,43,13,1931,272,232,209,1558,2100,10,2107,2110,3,0,0,,,,,,
2015,9,29,2,DL,933,N331NW,GRB,DTW,640,635,-5,9,644,79,60,44,287,828,7,859,835,-24,0,0,,,,,,
2015,8,19,3,UA,1963,N78866,LAX,IAH,1230,1232,2,11,1243,197,188,169,1379,1732,8,1747,1740,-7,0,0,,,,,,
2015,5,14,4,B6,959,N623JB,BDL,FLL,734,725,-9,11,736,189,167,149,1173,1005,7,1043,1012,-31,0,0,,,,,,
2015,2,7,6,WN,2885,N363SW,MCO,SAT,1710,1710,0,11,1721,185,160,145,1041,1846,4,1915,1850,-25,0,0,,,,,,
2015,1,28,3,OO,6246,N569SW,LAX,FAT,1045,1126,41,15,1141,78,63,45,209,1226,3,1203,1229,26,0,0,,0,0,0,26,0
2015,4,2,4,UA,759,N838UA,SFO,SEA,2109,2103,-6,23,2126,130,126,96,679,2302,7,2319,2309,-10,0,0,,,,,,
2015,3,6,5,AA,1366,N3JVAA,TPA,DFW,1420,1414,-6,11,1425,170,170,153,929,1558,6,1610,1604,-6,0,0,,,,,,
2015,9,4,5,AA,418,N912UY,PDX,PHL,2205,2159,-6,11,2210,306,312,287,2406,557,14,611,611,0,0,0,,,,,,
2015,11,28,6,UA,265,N802UA,SNA,DEN,1115,1144,29,8,1152,141,108,95,846,1427,5,1436,1432,-4,0,0,,,,,,
2015,11,20,5,UA,411,N68834,ORD,LAX,1910,1910,0,18,1928,275,270,245,1744,2133,7,2145,2140,-5,0,0,,,,,,
2015,12,27,7,AA,774,N920US,PHL,SAN,2025,2022,-3,18,2040,352,334,312,2370,2252,4,2317,2256,-21,0,0,,,,,,
2015,6,25,4,OO,2753,N468CA,TUS,PHX,1205,1201,-4,12,1213,48,51,25,110,1238,14,1253,1252,-1,0,0,,,,,,
2015,11,21,6,EV,4899,N695CA,EWR,DTW,1235,1457,142,13,1510,114,113,88,488,1638,12,1429,1650,141,0,0,,0,0,113,28,0
2015,2,27,5,WN,795,N395SW,ATL,BWI,745,743,-2,13,756,110,93,76,577,912,4,935,916,-19,0,0,,,,,,
2015,1,12,1,EV,4167,N16976,JAN,IAH,1523,1526,3,10,1536,82,83,63,351,1639,10,1645,1649,4,0,0,,,,,,
2015,12,17,4,AS,518,N619AS,SEA,SNA,1950,1952,2,15,2007,148,155,137,978,2224,3,2218,2227,9,0,0,,,,,,
2015,6,5,5,US,1783,N196UW,SFO,CLT,1100,1059,-1,18,1117,310,303,276,2296,1853,9,1910,1902,-8,0,0,,,,,,
2015,8,20,4,UA,643,N451UA,TPA,EWR,1345,1357,12,31,1428,169,180,134,997,1642,15,1634,1657,23,0,0,,23,0,0,0,0
2015,6,13,6,DL,18,N617DL,MCO,DTW,1818,1807,-11,19,1826,158,159,130,957,2036,10,2056,2046,-10,0,0,,,,,,
2015,8,7,5,AA,317,N3BFAA,LGA,ORD,730,725,-5,44,809,157,166,104,733,853,18,907,911,4,0,0,,,,,,
2015,8,17,1,DL,1829,N541US,MIA,DTW,1125,1123,-2,18,1141,185,177,153,1145,1414,6,1430,1420,-10,0,0,,,,,,
2015,11,2,1,UA,1431,N57857,LAX,HNL,1255,1258,3,17,1315,363,361,333,2556,1648,11,1658,1659,1,0,0,,,,,,
2015,12,5,6,B6,1035,N273JB,STT,SJU,909,938,29,12,950,37,38,24,68,1014,2,946,1016,30,0,0,,1,0,21,8,0
2015,12,12,6,OO,5529,N113SY,SFO,LAS,2237,2231,-6,17,2248,96,84,59,414,2347,8,13,2355,-18,0,0,,,,,,
2015,1,12,1,WN,908,N787SA,SJC,LAS,2035,2053,18,8,2101,80,67,53,386,2154,6,2155,2200,5,0,0,,,,,,
2015,12,29,2,OO,4645,N603SK,SLC,LGB,2005,2008,3,34,2042,125,128,89,588,2111,5,2110,2116,6,0,0,,,,,,
2015,1,13,2,WN,2426,N256WN,OAK,LAS,605,557,-8,38,635,90,106,62,407,737,6,735,743,8,0,0,,,,,,
2015,3,6,5,WN,306,N289CT,SFO,MDW,620,620,0,14,634,250,255,239,1855,1233,2,1230,1235,5,0,0,,,,,,
2015,3,2,1,NK,711,N635NK,LAS,OAK,2157,1,124,24,25,90,89,60,407,125,5,2327,130,123,0,0,,0,0,0,123,0
2015,7,3,5,EV,4642,N12996,ORD,ORF,647,641,-6,15,656,133,124,104,717,940,5,1000,945,-15,0,0,,,,,,
2015,1,30,5,AA,937,N007AA,DFW,EGE,1653,1651,-2,16,1707,135,152,132,721,1819,4,1808,1823,15,0,0,,15,0,0,0,0
2015,11,9,1,WN,101,N639SW,DEN,SAN,1415,1417,2,8,1425,140,139,125,853,1530,6,1535,1536,1,0,0,,,,,,
2015,1,2,5,UA,1480,N33262,IAD,MCO,1727,1818,51,22,1840,139,145,119,758,2039,4,1946,2043,57,0,0,,6,0,5,46,0
2015,9,16,3,DL,897,N593NW,MCO,ATL,1730,1732,2,19,1751,106,92,64,404,1855,9,1916,1904,-12,0,0,,,,,,
2015,6,20,6,WN,381,N960WN,DEN,BWI,1250,1250,0,9,1259,205,219,204,1491,1823,6,1815,1829,14,0,0,,,,,,
2015,1,27,2,DL,2123,N922DX,MCI,ATL,810,808,-2,24,832,129,113,82,692,1054,7,1119,1101,-18,0,0,,,,,,
2015,12,30,3,NK,1062,N607NK,MCO,ORD,1109,,,,,185,,,1005,,,1314,,,0,1,A,,,,,
2015,5,12,2,OO,2887,N862AS,LAX,MRY,2055,2053,-2,27,2120,67,83,52,266,2212,4,2202,2216,14,0,0,,,,,,
2015,10,16,5,MQ,3543,N649MQ,11298,11049,845,839,-6,12,851,55,50,35,164,926,3,940,929,-11,0,0,,,,,,
2015,7,17,5,WN,899,N783SW,PHX,LAS,2210,2237,27,9,2246,65,54,40,255,2326,5,2315,2331,16,0,0,,0,0,0,9,7
2015,4,20,1,WN,1986,N921WN,PHX,SLC,700,656,-4,10,706,95,89,74,507,920,5,935,925,-10,0,0,,,,,,
2015,9,21,1,WN,462,N8617E,DAL,LAX,1455,1525,30,17,1542,195,183,157,1246,1619,9,1610,1628,18,0,0,,18,0,0,0,0
2015,6,3,3,WN,3139,N247WN,MCO,BNA,1950,1945,-5,6,1951,115,107,95,616,2026,6,2045,2032,-13,0,0,,,,,,
2015,6,5,5,B6,1426,N323JB,BWI,BOS,630,629,-1,13,642,83,80,62,369,744,5,753,749,-4,0,0,,,,,,
2015,11,30,1,DL,1482,N6701,RDU,ATL,730,735,5,14,749,101,91,67,356,856,10,911,906,-5,0,0,,,,,,
2015,8,7,5,OO,4689,N8982A,SLC,COS,2010,2009,-1,10,2019,98,78,64,411,2123,4,2148,2127,-21,0,0,,,,,,
2015,9,21,1,NK,511,N637NK,LAS,SAN,1320,1317,-3,28,1345,66,73,41,258,1426,4,1426,1430,4,0,0,,,,,,
2015,12,13,7,DL,1399,N302DQ,CHS,ATL,1700,1650,-10,17,1707,88,80,44,259,1751,19,1828,1810,-18,0,0,,,,,,
2015,11,5,4,WN,1694,N8314L,OAK,BUR,1900,1914,14,7,1921,65,58,49,325,2010,2,2005,2012,7,0,0,,,,,,
2015,4,4,6,EV,2716,N667GB,CRP,DFW,500,458,-2,12,510,87,79,59,354,609,8,627,617,-10,0,0,,,,,,
2015,5,26,2,UA,273,N469UA,SFO,SEA,605,601,-4,22,623,130,127,98,679,801,7,815,808,-7,0,0,,,,,,
2015,6,24,3,OO,2753,N907SW,TUS,PHX,1205,1155,-10,9,1204,48,44,27,110,1231,8,1253,1239,-14,0,0,,,,,,
2015,6,14,7,EV,4225,N16918,BOS,EWR,838,831,-7,14,845,82,69,48,200,933,7,1000,940,-20,0,0,,,,,,
2015,3,5,4,WN,581,N443WN,MCO,ATL,805,759,-6,10,809,105,97,67,404,916,20,950,936,-14,0,0,,,,,,
2015,11,4,3,DL,2781,N922AT,SFO,LAX,2100,2101,1,17,2118,90,83,49,337,2207,17,2230,2224,-6,0,0,,,,,,
2015,9,4,5,OO,5472,N939SW,CMX,ORD,1320,1318,-2,11,1329,88,80,57,359,1326,12,1348,1338,-10,0,0,,,,,,
2015,11,6,5,DL,1580,N942AT,JAN,ATL,910,911,1,18,929,80,89,57,341,1126,14,1130,1140,10,0,0,,,,,,
2015,9,23,3,AA,1118,N3LBAA,DFW,LGA,1306,1306,0,19,1325,204,198,174,1389,1719,5,1730,1724,-6,0,0,,,,,,
2015,11,8,7,EV,4446,N15555,IAH,SHV,1917,1913,-4,29,1942,58,68,32,192,2014,7,2015,2021,6,0,0,,,,,,
2015,5,9,6,UA,750,N439UA,LAX,DEN,1748,1739,-9,29,1808,138,152,116,862,2104,7,2106,2111,5,0,0,,,,,,
2015,10,6,2,AA,1718,N741UW,13204,11278,820,841,21,18,859,126,128,106,759,1045,4,1026,1049,23,0,0,,2,0,21,0,0
2015,6,20,6,WN,4326,N685SW,BWI,FLL,915,916,1,16,932,155,157,137,925,1149,4,1150,1153,3,0,0,,,,,,
2015,4,4,6,F9,1239,N211FR,PHL,MIA,1710,1704,-6,14,1718,170,161,141,1013,1939,6,2000,1945,-15,0,0,,,,,,
2015,4,26,7,EV,4107,N14974,PNS,IAH,1219,1212,-7,9,1221,103,102,86,489,1347,7,1402,1354,-8,0,0,,,,,,
2015,11,30,1,WN,1416,N8327A,SJC,PDX,2240,2235,-5,8,2243,105,96,83,569,6,5,25,11,-14,0,0,,,,,,
2015,10,24,6,DL,53,N588NW,13487,11433,1550,1548,-2,13,1601,98,92,74,528,1815,5,1828,1820,-8,0,0,,,,,,
2015,5,26,2,AA,332,N479AA,RDU,ORD,1500,1529,29,14,1543,134,121,96,646,1619,11,1614,1630,16,0,0,,16,0,0,0,0
2015,10,14,3,UA,673,N495UA,14771,11618,1349,1346,-3,18,1404,338,321,285,2565,2149,18,2227,2207,-20,0,0,,,,,,
2015,5,5,2,EV,4238,N12564,IAH,MOB,1915,1914,-1,18,1932,80,84,62,427,2034,4,2035,2038,3,0,0,,,,,,
2015,6,15,1,WN,3223,N224WN,LAX,OAK,1330,1330,0,16,1346,75,75,55,337,1441,4,1445,1445,0,0,0,,,,,,
2015,2,20,5,UA,1101,N27724,ALB,ORD,1747,1827,40,10,1837,158,135,109,723,1926,16,1925,1942,17,0,0,,8,0,0,9,0
2015,4,10,5,AA,1150,N565AA,ELP,DFW,1151,1209,18,21,1230,105,98,69,551,1439,8,1436,1447,11,0,0,,,,,,
2015,2,10,2,MQ,3029,N528MQ,SYR,ORD,1646,1639,-7,10,1649,139,108,88,607,1717,10,1805,1727,-38,0,0,,,,,,
2015,7,25,6,WN,1498,N425LV,BOS,MKE,800,800,0,11,811,155,143,127,860,918,5,935,923,-12,0,0,,,,,,
2015,12,18,5,DL,2633,N946DN,ATL,DAB,2215,2211,-4,20,2231,79,79,55,366,2326,4,2334,2330,-4,0,0,,,,,,
2015,2,25,3,WN,234,N7726A,ATL,JAX,1900,,,,,75,,,270,,,2015,,,0,1,B,,,,,
2015,2,15,7,AA,2425,N860AA,DFW,LAX,1040,1038,-2,14,1052,204,180,163,1235,1135,3,1204,1138,-26,0,0,,,,,,
2015,12,31,4,DL,2109,N672DL,SNA,ATL,1250,1249,-1,15,1304,246,227,207,1919,1931,5,1956,1936,-20,0,0,,,,,,
2015,3,15,7,WN,903,N436WN,MCI,DAL,1520,1534,14,10,1544,90,84,71,460,1655,3,1650,1658,8,0,0,,,,,,
2015,2,13,5,OO,5428,N913SW,HYS,DEN,1832,1823,-9,8,1831,74,78,53,298,1824,17,1846,1841,-5,0,0,,,,,,
2015,10,14,3,WN,337,N7822A,13796,10800,850,849,-1,13,902,65,69,54,325,956,2,955,958,3,0,0,,,,,,
2015,11,15,7,UA,1603,N53441,LAX,ORD,955,956,1,12,1008,250,229,205,1744,1533,12,1605,1545,-20,0,0,,,,,,
2015,3,4,3,B6,2324,N328JB,MCO,DCA,830,820,-10,15,835,125,120,102,759,1017,3,1035,1020,-15,0,0,,,,,,
2015,1,18,7,DL,912,N947DL,ATL,ORD,1210,1204,-6,15,1219,126,121,96,606,1255,10,1316,1305,-11,0,0,,,,,,
2015,2,19,4,AS,499,N593AS,SAN,SEA,630,627,-3,21,648,180,175,147,1050,915,7,930,922,-8,0,0,,,,,,
2015,3,25,3,EV,4093,N16911,IAH,ABQ,2108,2100,-8,21,2121,144,165,135,744,2236,9,2232,2245,13,0,0,,,,,,
2015,8,30,7,AS,895,N594AS,SAN,HNL,1110,1057,-13,29,1126,360,385,349,2614,1415,7,1410,1422,12,0,0,,,,,,
2015,7,28,2,WN,827,N652SW,PDX,SMF,815,816,1,10,826,85,86,70,479,936,6,940,942,2,0,0,,,,,,
2015,9,20,7,WN,2674,N567WN,OAK,SNA,2105,2105,0,7,2112,80,87,67,371,2219,13,2225,2232,7,0,0,,,,,,
2015,5,10,7,DL,1310,N974AT,ATL,VPS,1341,1339,-2,14,1353,72,63,41,250,1334,8,1353,1342,-11,0,0,,,,,,
2015,7,25,6,AA,1556,N489AA,DFW,IAD,1029,1035,6,11,1046,183,165,150,1172,1416,4,1432,1420,-12,0,0,,,,,,
2015,2,4,3,EV,4172,N12563,BHM,IAH,1138,1128,-10,12,1140,121,111,92,562,1312,7,1339,1319,-20,0,0,,,,,,
2015,9,20,7,B6,1454,N561JB,SJU,FLL,1653,1658,5,10,1708,158,154,138,1046,1926,6,1931,1932,1,0,0,,,,,,
2015,7,23,4,DL,2082,N919DE,MKE,DTW,1225,1220,-5,11,1231,71,59,41,237,1412,7,1436,1419,-17,0,0,,,,,,
2015,9,22,2,DL,1759,N813DN,IND,ATL,830,828,-2,17,845,98,90,65,432,950,8,1008,958,-10,0,0,,,,,,
2015,12,12,6,DL,1695,N903DE,ATL,CMH,1425,1420,-5,13,1433,88,81,64,447,1537,4,1553,1541,-12,0,0,,,,,,
2015,8,6,4,DL,2172,N935DN,TPA,ATL,1645,1700,15,11,1711,104,98,76,406,1827,11,1829,1838,9,0,0,,,,,,
2015,10,21,3,DL,2453,N919DE,10397,13485,1030,1027,-3,10,1037,125,116,103,707,1120,3,1135,1123,-12,0,0,,,,,,
2015,3,26,4,OO,2895,N864AS,LAX,MRY,2110,2149,39,16,2205,68,,,266,,,2218,,,0,1,B,,,,,
2015,7,21,2,AA,1064,N3KGAA,MIA,LGA,1059,1056,-3,22,1118,179,172,143,1096,1341,7,1358,1348,-10,0,0,,,,,,
2015,11,8,7,WN,673,N906WN,DAL,MCI,1410,1411,1,20,1431,85,89,66,460,1537,3,1535,1540,5,0,0,,,,,,
2015,5,21,4,UA,1660,N26902,DEN,IAH,1512,1531,19,16,1547,138,148,122,862,1849,10,1830,1859,29,0,0,,10,0,19,0,0
2015,4,18,6,AS,361,N619AS,SMF,SEA,1655,1650,-5,14,1704,105,104,85,605,1829,5,1840,1834,-6,0,0,,,,,,
2015,8,23,7,WN,2362,N457WN,DCA,HOU,1135,1131,-4,9,1140,195,173,159,1218,1319,5,1350,1324,-26,0,0,,,,,,
2015,9,1,2,UA,579,N843UA,DEN,BIL,1123,1126,3,15,1141,91,79,62,455,1243,2,1254,1245,-9,0,0,,,,,,
2015,1,9,5,OO,5306,N578SW,CLD,LAX,2035,2033,-2,5,2038,46,43,24,86,2102,14,2121,2116,-5,0,0,,,,,,
2015,7,22,3,VX,315,N849VA,MCO,LAX,1735,1731,-4,8,1739,305,289,269,2218,1908,12,1940,1920,-20,0,0,,,,,,
2015,3,24,2,EV,4981,N712EV,DTW,OKC,1525,1521,-4,29,1550,155,172,140,900,1710,3,1700,1713,13,0,0,,,,,,
2015,1,22,4,AA,2456,N466AA,SAT,DFW,1247,1310,23,11,1321,68,60,42,247,1403,7,1355,1410,15,0,0,,0,0,0,15,0
2015,8,5,3,UA,1701,N39423,PDX,IAD,752,751,-1,11,802,294,286,269,2327,1531,6,1546,1537,-9,0,0,,,,,,
2015,8,4,2,WN,224,N7718B,SMF,BUR,2020,2026,6,7,2033,70,64,54,358,2127,3,2130,2130,0,0,0,,,,,,
2015,5,26,2,DL,2584,N383DN,RSW,ATL,700,657,-3,10,707,105,90,70,515,817,10,845,827,-18,0,0,,,,,,
2015,12,25,5,AA,325,N3FKAA,LGA,ORD,900,856,-4,11,907,169,152,127,733,1014,14,1049,1028,-21,0,0,,,,,,
2015,3,1,7,OO,2646,N498CA,ICT,ORD,1348,1446,58,11,1457,122,96,73,588,1610,12,1550,1622,32,0,0,,0,0,0,32,0
2015,1,4,7,AA,1494,N559AA,AUS,DFW,1000,956,-4,10,1006,65,59,40,190,1046,9,1105,1055,-10,0,0,,,,,,
2015,10,4,7,MQ,3442,N928MQ,14576,13930,759,752,-7,14,806,119,117,94,528,840,9,858,849,-9,0,0,,,,,,
2015,2,12,4,OO,5583,N787SK,ORD,CMH,609,618,9,14,632,77,70,50,296,822,6,826,828,2,0,0,,,,,,
2015,4,17,5,UA,538,N822UA,DEN,DSM,1947,2023,36,21,2044,102,112,86,589,2310,5,2229,2315,46,0,0,,10,0,23,13,0
2015,10,26,1,UA,1752,N823UA,12266,12953,1748,1943,115,30,2013,208,196,162,1416,2355,4,2216,2359,103,0,0,,0,0,103,0,0
2015,4,29,3,US,443,N832AW,ONT,PHX,1000,958,-2,9,1007,70,67,51,325,1058,7,1110,1105,-5,0,0,,,,,,
2015,11,6,5,AA,1793,N833AW,BDL,CLT,1910,1904,-6,11,1915,133,124,106,644,2101,7,2123,2108,-15,0,0,,,,,,
2015,4,11,6,UA,1463,N73445,BOS,EWR,815,815,0,16,831,84,70,42,200,913,12,939,925,-14,0,0,,,,,,
2015,11,23,1,OO,7414,N659BR,RHI,MSP,709,719,10,12,731,60,55,38,190,809,5,809,814,5,0,0,,,,,,
2015,3,24,2,DL,1061,N392DA,LAX,MCO,1015,1016,1,18,1034,277,272,246,2218,1740,8,1752,1748,-4,0,0,,,,,,
2015,11,23,1,OO,5483,N958SW,DEN,SLC,1725,1719,-6,12,1731,93,80,64,391,1835,4,1858,1839,-19,0,0,,,,,,
2015,6,25,4,B6,1326,N309JB,BWI,BOS,1855,1847,-8,10,1857,83,89,73,369,2010,6,2018,2016,-2,0,0,,,,,,
2015,9,22,2,DL,1708,N912DN,MSP,DEN,918,917,-1,18,935,127,121,97,680,1012,6,1025,1018,-7,0,0,,,,,,
2015,11,20,5,OO,4480,N446SW,MOT,MSP,1711,1705,-6,21,1726,88,95,69,449,1835,5,1839,1840,1,0,0,,,,,,
2015,10,27,2,DL,1179,N901DA,15016,10397,600,600,0,15,615,90,97,72,484,827,10,830,837,7,0,0,,,,,,
2015,3,20,5,OO,2895,N864AS,LAX,MRY,2110,2127,17,11,2138,68,56,42,266,2220,3,2218,2223,5,0,0,,,,,,
2015,3,9,1,UA,1575,N12216,HNL,SFO,2210,2210,0,15,2225,314,262,241,2398,526,6,624,532,-52,0,0,,,,,,
2015,10,17,6,WN,5079,N795SW,14100,11259,1350,1357,7,12,1409,220,205,188,1295,1617,5,1630,1622,-8,0,0,,,,,,
2015,7,13,1,AA,2301,N4UBAA,ORD,DFW,505,500,-5,13,513,143,124,105,802,658,6,728,704,-24,0,0,,,,,,
2015,1,26,1,WN,142,N385SW,PHX,SAN,830,832,2,9,841,70,60,48,304,829,3,840,832,-8,0,0,,,,,,
2015,8,25,2,AA,1753,N724UW,SAT,CLT,659,651,-8,14,705,170,169,145,1095,1030,10,1049,1040,-9,0,0,,,,,,
2015,7,26,7,AA,1105,N4YSAA,DFW,COS,2155,2149,-6,13,2202,116,103,82,592,2224,8,2251,2232,-19,0,0,,,,,,
2015,8,27,4,WN,2569,N685SW,RDU,STL,825,820,-5,10,830,125,132,106,667,916,16,930,932,2,0,0,,,,,,
2015,9,28,1,EV,4154,N12172,ORD,BUF,737,727,-10,19,746,90,92,67,473,953,6,1007,959,-8,0,0,,,,,,
2015,10,3,6,EV,4961,N614QX,12953,14524,950,946,-4,39,1025,108,102,57,292,1122,6,1138,1128,-10,0,0,,,,,,
2015,7,12,7,UA,1264,N75432,PBI,EWR,650,645,-5,10,655,171,172,150,1023,925,12,941,937,-4,0,0,,,,,,
2015,12,25,5,AA,629,N537UW,CLT,ORD,1450,1510,20,11,1521,136,117,98,599,1559,8,1606,1607,1,0,0,,,,,,
2015,5,16,6,AA,2357,N550AA,DFW,OKC,1837,1858,21,12,1910,67,54,38,175,1948,4,1944,1952,8,0,0,,,,,,
2015,2,8,7,EV,5501,N921EV,VLD,ATL,550,548,-2,4,552,56,52,43,208,635,5,646,640,-6,0,0,,,,,,
2015,1,12,1,DL,811,N951DN,TPA,ATL,1545,1653,68,20,1713,95,122,87,406,1840,15,1720,1855,95,0,0,,31,0,0,64,0
2015,2,18,3,EV,4519,N15910,DAL,IAH,1040,1040,0,7,1047,68,57,45,216,1132,5,1148,1137,-11,0,0,,,,,,
2015,11,3,2,DL,327,N914DE,DCA,ATL,1259,1258,-1,21,1319,119,114,86,547,1445,7,1458,1452,-6,0,0,,,,,,
2015,4,27,1,DL,2251,N953DL,CLT,ATL,1200,1155,-5,31,1226,85,75,40,226,1306,4,1325,1310,-15,0,0,,,,,,
2015,10,23,5,MQ,3219,N819MQ,14524,12953,1100,1100,0,33,1133,72,114,64,292,1237,17,1212,1254,42,0,0,,42,0,0,0,0
2015,7,20,1,WN,4429,N223WN,ATL,SAT,950,948,-2,19,1007,150,135,112,874,1059,4,1120,1103,-17,0,0,,,,,,
2015,6,19,5,US,1910,N920US,DFW,CLT,515,515,0,34,549,152,161,119,936,848,8,847,856,9,0,0,,,,,,
2015,9,15,2,DL,1864,N947DN,SAN,MSP,625,624,-1,24,648,214,209,181,1532,1149,4,1159,1153,-6,0,0,,,,,,
2015,4,24,5,EV,5184,N838AS,ABE,DTW,1300,1300,0,9,1309,104,100,84,425,1433,7,1444,1440,-4,0,0,,,,,,
2015,2,17,2,UA,1022,N26226,EWR,PDX,1759,1804,5,12,1816,380,359,342,2434,2058,5,2119,2103,-16,0,0,,,,,,
2015,11,17,2,DL,28,N958DL,MSY,ATL,1515,1535,20,12,1547,84,79,58,425,1745,9,1739,1754,15,0,0,,0,0,15,0,0
2015,6,24,3,DL,1336,N377DA,SLC,RNO,1100,1100,0,15,1115,86,77,58,422,1113,4,1126,1117,-9,0,0,,,,,,
2015,4,17,5,UA,1177,N38459,MCO,ORD,600,558,-2,14,612,179,163,143,1005,735,6,759,741,-18,0,0,,,,,,
2015,2,27,5,WN,546,N283WN,MCI,ABQ,1630,1635,5,8,1643,130,124,107,718,1730,9,1740,1739,-1,0,0,,,,,,
2015,7,11,6,HA,188,N491HA,HNL,KOA,1514,1510,-4,11,1521,47,43,28,163,1549,4,1601,1553,-8,0,0,,,,,,
2015,1,4,7,DL,1276,N946DL,CMH,ATL,1215,1211,-4,10,1221,105,92,76,447,1337,6,1400,1343,-17,0,0,,,,,,
2015,2,6,5,WN,2880,N291WN,SMF,PDX,1740,1741,1,7,1748,90,77,67,479,1855,3,1910,1858,-12,0,0,,,,,,
2015,12,6,7,EV,4308,N12900,EWR,SBN,2000,2003,3,25,2028,136,124,95,637,2203,4,2216,2207,-9,0,0,,,,,,
2015,7,31,5,AA,1831,N561UW,BWI,CLT,850,858,8,23,921,91,90,64,361,1025,3,1021,1028,7,0,0,,,,,,
2015,2,21,6,US,1802,N721UW,BOS,CLT,1245,1248,3,14,1302,150,143,121,728,1503,8,1515,1511,-4,0,0,,,,,,
2015,7,30,4,EV,5887,N16183,BTV,EWR,1731,1746,15,14,1800,75,77,48,266,1848,15,1846,1903,17,0,0,,2,0,0,15,0
2015,7,15,3,WN,1778,N792SW,STL,DAL,1355,1418,23,9,1427,95,88,76,546,1543,3,1530,1546,16,0,0,,0,0,10,6,0
2015,12,10,4,WN,211,N7713A,EWR,HOU,1715,1714,-1,22,1736,255,239,208,1411,2004,9,2030,2013,-17,0,0,,,,,,
2015,1,13,2,OO,5199,N928EV,SFO,SLC,1131,1208,37,29,1237,113,125,92,599,1509,4,1424,1513,49,0,0,,12,0,0,37,0
2015,6,19,5,WN,4467,N7745A,LAS,DEN,535,538,3,12,550,110,103,84,628,814,7,825,821,-4,0,0,,,,,,
2015,7,18,6,WN,1576,N955WN,ATL,DEN,2130,2133,3,43,2216,205,203,155,1199,2251,5,2255,2256,1,0,0,,,,,,
2015,6,3,3,DL,1502,N390DA,TPA,CVG,1300,1253,-7,10,1303,126,120,105,773,1448,5,1506,1453,-13,0,0,,,,,,
2015,11,23,1,WN,870,N7729A,LAS,AMA,1925,1922,-3,10,1932,115,102,86,758,2258,6,2320,2304,-16,0,0,,,,,,
2015,5,22,5,MQ,3493,N634MQ,ORD,MSN,1157,1154,-3,10,1204,58,41,28,108,1232,3,1255,1235,-20,0,0,,,,,,
2015,5,6,3,EV,5382,N709EV,IAD,DTW,610,603,-7,23,626,88,96,66,383,732,7,738,739,1,0,0,,,,,,
2015,4,19,7,US,2163,N827AW,BOS,DCA,1100,1057,-3,15,1112,88,85,67,399,1219,3,1228,1222,-6,0,0,,,,,,
2015,11,18,3,WN,2498,N7829B,SLC,DAL,645,641,-4,7,648,160,148,122,999,950,19,1025,1009,-16,0,0,,,,,,
2015,1,31,6,DL,1609,N328NW,MSP,DEN,1530,1533,3,34,1607,130,151,108,680,1655,9,1640,1704,24,0,0,,24,0,0,0,0
2015,3,19,4,US,756,N806AW,BUF,CLT,1150,1156,6,12,1208,119,104,83,546,1331,9,1349,1340,-9,0,0,,,,,,
2015,7,14,2,UA,1037,N36280,ORD,CLE,2050,2057,7,9,2106,77,58,45,315,2251,4,2307,2255,-12,0,0,,,,,,
2015,9,29,2,UA,884,N836UA,ORD,EWR,1913,1949,36,21,2010,129,128,99,719,2249,8,2222,2257,35,0,0,,0,0,14,21,0
2015,3,19,4,B6,26,N640JB,TPA,JFK,1614,1612,-2,13,1625,169,154,135,1005,1840,6,1903,1846,-17,0,0,,,,,,
2015,9,10,4,UA,1411,N36207,BWI,IAH,1811,1925,74,13,1938,201,188,160,1235,2118,15,2032,2133,61,0,0,,0,0,0,0,61
2015,2,3,2,OO,5614,N705SK,LAX,DFW,947,946,-1,27,1013,183,193,157,1235,1450,9,1450,1459,9,0,0,,,,,,
2015,1,25,7,VX,942,N623VA,SFO,LAX,1845,2211,206,7,2218,80,76,58,337,2316,11,2005,2327,202,0,0,,0,0,0,202,0
2015,8,18,2,DL,1825,N357NW,BWI,ATL,900,857,-3,15,912,110,102,80,577,1032,7,1050,1039,-11,0,0,,,,,,
2015,9,4,5,DL,1819,N914DN,LGA,ATL,2000,2141,101,13,2154,160,117,100,762,2334,4,2240,2338,58,0,0,,0,0,11,47,0
2015,1,1,4,MQ,2981,N621MQ,RIC,ORD,1000,1026,26,28,1054,140,159,119,642,1153,12,1120,1205,45,0,0,,19,0,26,0,0
2015,9,10,4,MQ,3064,N524MQ,DFW,LIT,2035,2034,-1,13,2047,77,60,43,304,2130,4,2152,2134,-18,0,0,,,,,,
2015,8,6,4,UA,1924,N69813,IAD,TPA,2219,2216,-3,14,2230,131,127,109,811,19,4,30,23,-7,0,0,,,,,,
2015,2,27,5,WN,276,N222WN,ATL,HOU,1345,1342,-3,19,1401,145,143,122,696,1503,2,1510,1505,-5,0,0,,,,,,
2015,8,31,1,MQ,3496,N928MQ,ORD,CMH,1150,1146,-4,23,1209,86,79,49,296,1358,7,1416,1405,-11,0,0,,,,,,
2015,12,31,4,WN,3858,N792SW,SNA,SFO,1340,1437,57,25,1502,85,90,60,372,1602,5,1505,1607,62,0,0,,7,0,0,55,0
2015,11,11,3,NK,969,N603NK,BWI,ORD,618,614,-4,20,634,122,145,104,622,718,21,720,739,19,0,0,,19,0,0,0,0
2015,12,23,3,UA,1880,N67812,SJU,EWR,1250,1317,27,11,1328,260,236,215,1608,1603,10,1610,1613,3,0,0,,,,,,
2015,12,9,3,DL,1465,N952DN,LGA,ATL,1259,1254,-5,31,1325,170,152,115,762,1520,6,1549,1526,-23,0,0,,,,,,
2015,12,20,7,DL,1925,N831DN,LAX,MSP,1845,1859,14,14,1913,214,195,178,1535,11,3,19,14,-5,0,0,,,,,,
2015,9,20,7,WN,1563,N483WN,ELP,PHX,2010,2006,-4,12,2018,80,69,52,347,2010,5,2030,2015,-15,0,0,,,,,,
2015,1,5,1,WN,443,N652SW,FLL,BDL,1450,1505,15,19,1524,180,170,146,1173,1750,5,1750,1755,5,0,0,,,,,,
2015,2,25,3,NK,832,N528NK,IAH,MCO,720,720,0,19,739,128,126,97,854,1016,10,1028,1026,-2,0,0,,,,,,
2015,2,23,1,OO,6535,N724SK,OKC,LAX,1626,1636,10,33,1709,201,219,181,1187,1810,5,1747,1815,28,0,0,,18,0,7,3,0
2015,10,15,4,AA,1489,N3MXAA,14747,11298,1008,1004,-4,15,1019,242,231,202,1660,1541,14,1610,1555,-15,0,0,,,,,,
2015,6,7,7,OO,5180,N770SK,ONT,IAH,1141,1130,-11,19,1149,207,197,165,1334,1634,13,1708,1647,-21,0,0,,,,,,
2015,3,23,1,DL,2089,N335NB,MSP,SNA,930,930,0,19,949,237,240,212,1522,1121,9,1127,1130,3,0,0,,,,,,
2015,2,8,7,AA,262,N3FPAA,RSW,DFW,1335,1547,132,13,1600,182,177,146,1017,1726,18,1537,1744,127,0,0,,0,0,127,0,0
2015,5,9,6,DL,309,N548US,SEA,OGG,1820,1843,23,18,1901,355,353,322,2640,2123,13,2115,2136,21,0,0,,0,0,21,0,0
2015,7,30,4,DL,1176,N313US,ATL,BUF,1620,1616,-4,20,1636,127,117,94,712,1810,3,1827,1813,-14,0,0,,,,,,
2015,11,28,6,AA,1751,N581UW,PHL,RSW,1805,1801,-4,31,1832,184,178,141,993,2053,6,2109,2059,-10,0,0,,,,,,
2015,10,2,5,UA,712,N818UA,11618,11042,1555,1725,90,16,1741,95,80,60,404,1841,4,1730,1845,75,0,0,,0,0,0,49,26
2015,11,1,7,WN,2170,N914WN,GEG,LAS,1720,1710,-10,11,1721,135,124,108,806,1909,5,1935,1914,-21,0,0,,,,,,
2015,7,2,4,WN,4923,N357SW,TPA,PIT,2220,2349,89,10,2359,140,136,123,873,202,3,40,205,85,0,0,,0,0,0,85,0
2015,6,28,7,DL,979,N961DL,CLE,ATL,730,729,-1,14,743,105,99,81,554,904,4,915,908,-7,0,0,,,,,,
2015,4,17,5,UA,233,N590UA,LAX,JFK,1610,1607,-3,16,1623,328,340,307,2475,30,17,38,47,9,0,0,,,,,,
2015,6,22,1,DL,2329,N699DL,RSW,DTW,1546,1540,-6,11,1551,172,157,141,1084,1812,5,1838,1817,-21,0,0,,,,,,
2015,5,26,2,EV,3264,N14920,IAH,MFE,1144,1143,-1,29,1212,79,85,48,316,1300,8,1303,1308,5,0,0,,,,,,
2015,4,14,2,OO,4521,N449SW,TVC,DTW,1730,1726,-4,11,1737,66,58,39,207,1816,8,1836,1824,-12,0,0,,,,,,
2015,4,23,4,DL,1484,N923DN,GEG,MSP,1346,1339,-7,17,1356,166,170,149,1175,1825,4,1832,1829,-3,0,0,,,,,,
2015,10,19,1,OO,4646,N685BR,13487,14696,1910,1941,31,22,2003,94,81,55,411,2158,4,2144,2202,18,0,0,,0,0,18,0,0
2015,6,4,4,OO,4641,N812SK,SLC,FAT,2035,2030,-5,19,2049,97,92,68,501,2057,5,2112,2102,-10,0,0,,,,,,
2015,5,26,2,WN,1390,N739GB,BWI,SEA,905,904,-1,14,918,340,314,294,2335,1112,6,1145,1118,-27,0,0,,,,,,
2015,3,22,7,US,1978,N110UW,EWR,CLT,600,602,2,11,613,127,98,79,529,732,8,807,740,-27,0,0,,,,,,
2015,8,13,4,EV,4455,N10575,MEM,ORD,1109,1100,-9,15,1115,116,113,87,491,1242,11,1305,1253,-12,0,0,,,,,,
2015,4,26,7,EV,4262,N15980,IAH,MFE,1900,1900,0,37,1937,76,106,63,316,2040,6,2016,2046,30,0,0,,30,0,0,0,0
2015,10,25,7,F9,524,N922FR,11292,11042,2005,2105,60,14,2119,168,155,135,1201,134,6,53,140,47,0,0,,0,0,0,47,0
2015,9,1,2,DL,1293,N910DN,ATL,MSY,1450,1444,-6,12,1456,95,83,68,425,1504,3,1525,1507,-18,0,0,,,,,,
2015,11,28,6,DL,2487,N336NW,SNA,SLC,1822,1838,16,11,1849,117,94,76,588,2105,7,2119,2112,-7,0,0,,,,,,
2015,7,23,4,AA,465,N555AY,PHX,ORD,720,722,2,16,738,212,199,173,1440,1231,10,1252,1241,-11,0,0,,,,,,
2015,11,18,3,EV,2821,N624AE,LFT,DFW,1040,1045,5,11,1056,96,90,66,351,1202,13,1216,1215,-1,0,0,,,,,,
2015,10,16,5,NK,440,N509NK,11697,11042,1535,1529,-6,9,1538,166,163,145,1062,1803,9,1821,1812,-9,0,0,,,,,,
2015,3,24,2,WN,1369,N256WN,FLL,MCI,1035,1030,-5,16,1046,215,199,179,1242,1245,4,1310,1249,-21,0,0,,,,,,
2015,6,2,2,AS,493,N791AS,SAN,SEA,800,750,-10,18,808,168,174,143,1050,1031,13,1048,1044,-4,0,0,,,,,,
2015,10,3,6,WN,3916,N7720F,14730,13232,1510,1520,10,10,1530,70,60,44,271,1514,6,1520,1520,0,0,0,,,,,,
2015,3,23,1,EV,5284,N133EV,LNK,ATL,625,622,-3,24,646,140,133,104,841,930,5,945,935,-10,0,0,,,,,,
2015,7,24,5,DL,1197,N920DL,MIA,LGA,1100,,,,,179,,,1096,,,1359,,,0,1,C,,,,,
2015,9,28,1,DL,1984,N911DE,BOS,ATL,1100,1054,-6,17,1111,175,159,134,946,1325,8,1355,1333,-22,0,0,,,,,,
2015,7,28,2,B6,906,N558JB,ORD,JFK,1312,1313,1,13,1326,148,121,104,740,1610,4,1640,1614,-26,0,0,,,,,,
2015,7,2,4,EV,4144,N14158,CHS,EWR,1624,1621,-3,11,1632,125,112,95,628,1807,6,1829,1813,-16,0,0,,,,,,
2015,1,14,3,AA,1351,N3GHAA,LAX,MCO,2215,2215,0,14,2229,269,259,237,2218,526,8,544,534,-10,0,0,,,,,,
2015,10,6,2,AA,2123,N945UW,12953,11278,700,654,-6,21,715,72,67,39,214,754,7,812,801,-11,0,0,,,,,,
2015,5,18,1,MQ,3617,N519MQ,ORD,CMH,2140,2148,8,23,2211,77,75,47,296,2358,5,2357,3,6,0,0,,,,,,
2015,5,10,7,US,460,N663AW,PHX,IND,1005,1000,-5,15,1015,205,198,177,1488,1612,6,1630,1618,-12,0,0,,,,,,
2015,7,15,3,AA,2016,N711UW,JAX,PHL,625,626,1,12,638,128,127,102,742,820,13,833,833,0,0,0,,,,,,
2015,3,8,7,NK,906,N625NK,PHX,DEN,1141,1130,-11,10,1140,103,103,86,602,1406,7,1424,1413,-11,0,0,,,,,,
2015,3,15,7,DL,1896,N937DL,MCO,CVG,1905,1904,-1,11,1915,132,123,106,757,2101,6,2117,2107,-10,0,0,,,,,,
2015,7,8,3,OO,2886,N464SW,LAX,FAT,2000,1956,-4,25,2021,63,63,35,209,2056,3,2103,2059,-4,0,0,,,,,,
2015,8,20,4,DL,793,N895AT,ATL,TUL,2118,2115,-3,21,2136,121,120,92,674,2208,7,2219,2215,-4,0,0,,,,,,
2015,4,29,3,WN,4649,N417WN,MDW,DEN,545,537,-8,10,547,160,128,111,895,638,7,725,645,-40,0,0,,,,,,
2015,12,3,4,EV,4095,N14907,AEX,IAH,531,533,2,14,547,65,55,34,190,621,7,636,628,-8,0,0,,,,,,
2015,7,14,2,DL,1401,N908DE,MSP,TPA,910,908,-2,14,922,187,182,158,1306,1300,10,1317,1310,-7,0,0,,,,,,
2015,9,25,5,WN,413,N483WN,AUS,STL,525,523,-2,8,531,120,109,98,721,709,3,725,712,-13,0,0,,,,,,
2015,2,1,7,DL,497,N976DL,JFK,FLL,1115,1116,1,14,1130,197,170,152,1069,1402,4,1432,1406,-26,0,0,,,,,,
2015,2,3,2,B6,225,N637JB,JFK,TPA,1915,1929,14,13,1942,185,178,158,1005,2220,7,2220,2227,7,0,0,,,,,,
2015,4,13,1,B6,1170,N216JB,MCO,RIC,1235,1226,-9,28,1254,114,137,105,667,1439,4,1429,1443,14,0,0,,,,,,
2015,3,28,6,UA,1105,N68801,EWR,PBI,1720,1722,2,21,1743,179,176,149,1023,2012,6,2019,2018,-1,0,0,,,,,,
2015,10,28,3,AA,1768,,14576,11057,1659,,,,,120,,,573,,,1859,,,0,1,A,,,,,
2015,10,14,3,WN,1961,N8663A,15304,10821,1850,1852,2,14,1906,140,151,111,842,2057,26,2110,2123,13,0,0,,,,,,
2015,12,19,6,UA,1162,N67845,BQN,EWR,255,302,7,11,313,240,232,215,1585,548,6,555,554,-1,0,0,,,,,,
2015,5,25,1,EV,5162,N870AS,GRR,DTW,645,631,-14,9,640,54,44,30,120,710,5,739,715,-24,0,0,,,,,,
2015,10,15,4,AA,1860,N738US,11057,14576,1430,1426,-4,8,1434,101,92,78,573,1552,6,1611,1558,-13,0,0,,,,,,
2015,12,12,6,AA,2517,N384AA,MCO,MIA,915,913,-2,25,938,65,72,40,192,1018,7,1020,1025,5,0,0,,,,,,
2015,11,21,6,WN,3611,N642WN,DEN,HOU,845,856,11,14,910,140,129,112,883,1202,3,1205,1205,0,0,0,,,,,,
2015,4,18,6,WN,56,N8610A,SJU,HOU,1435,1508,33,17,1525,300,293,270,1997,1855,6,1835,1901,26,0,0,,0,0,26,0,0
2015,10,15,4,DL,2350,N624AG,10397,12478,815,814,-1,16,830,132,122,99,760,1009,7,1027,1016,-11,0,0,,,,,,
2015,4,26,7,UA,1198,N16703,DCA,ORD,600,557,-3,9,606,126,117,98,612,644,10,706,654,-12,0,0,,,,,,
2015,8,8,6,VX,321,N628VA,FLL,LAX,705,658,-7,8,706,320,306,288,2343,854,10,925,904,-21,0,0,,,,,,
2015,9,28,1,EV,4472,N13908,ECP,IAH,1435,1429,-6,11,1440,120,117,95,572,1615,11,1635,1626,-9,0,0,,,,,,
2015,9,15,2,WN,777,N283WN,CMH,BOS,1910,1901,-9,10,1911,115,105,89,640,2040,6,2105,2046,-19,0,0,,,,,,
2015,1,24,6,MQ,2908,N623MQ,ABI,DFW,655,655,0,5,700,54,47,32,158,732,10,749,742,-7,0,0,,,,,,
2015,6,5,5,NK,303,N636NK,ACY,MCO,1806,1821,15,20,1841,139,135,107,852,2028,8,2025,2036,11,0,0,,,,,,
2015,4,28,2,MQ,3552,N501MQ,RDU,LGA,755,747,-8,15,802,94,89,69,431,911,5,929,916,-13,0,0,,,,,,
2015,2,19,4,MQ,3147,N658MQ,CMH,MIA,1755,1842,47,14,1856,166,146,126,990,2102,6,2041,2108,27,0,0,,0,0,4,23,0
2015,6,21,7,NK,619,N612NK,IAH,SAN,2105,2126,21,19,2145,188,182,159,1303,2224,4,2213,2228,15,0,0,,0,0,15,0,0
2015,9,8,2,AA,133,N792AA,JFK,LAX,1630,1625,-5,12,1637,390,337,322,2475,1859,3,2000,1902,-58,0,0,,,,,,
2015,5,6,3,DL,1255,N556NW,ATL,DEN,1507,1508,1,15,1523,201,178,159,1199,1602,4,1628,1606,-22,0,0,,,,,,
2015,6,28,7,WN,537,N790SW,IND,LAS,2030,2028,-2,8,2036,235,225,202,1590,2058,15,2125,2113,-12,0,0,,,,,,
2015,12,27,7,EV,4292,N12157,IAH,TYS,1915,,,,,121,,,771,,,2216,,,0,1,B,,,,,
2015,4,19,7,US,1766,N704US,CLT,DCA,1455,1454,-1,23,1517,86,90,61,331,1618,6,1621,1624,3,0,0,,,,,,
2015,2,28,6,DL,1173,N965DN,MSN,MSP,710,703,-7,14,717,69,63,45,228,802,4,819,806,-13,0,0,,,,,,
2015,10,12,1,EV,4962,N678CA,10397,10781,1035,1029,-6,11,1040,95,82,64,448,1044,7,1110,1051,-19,0,0,,,,,,
2015,3,29,7,US,639,N582UW,JFK,PHX,1620,1617,-3,13,1630,334,315,297,2153,1827,5,1854,1832,-22,0,0,,,,,,
2015,7,10,5,DL,2203,N678DL,ATL,LAS,818,817,-1,23,840,249,246,216,1747,916,7,927,923,-4,0,0,,,,,,
2015,2,4,3,AA,160,N3AMAA,BOS,ORD,1007,1001,-6,21,1022,173,195,154,867,1156,20,1200,1216,16,0,0,,16,0,0,0,0
2015,6,29,1,OO,2833,N928EV,ORD,CHO,820,914,54,19,933,115,105,82,567,1155,4,1115,1159,44,0,0,,0,0,39,5,0
2015,4,27,1,OO,4767,N631SK,OAK,LAX,1533,1528,-5,11,1539,86,76,56,337,1635,9,1659,1644,-15,0,0,,,,,,
2015,11,24,2,OO,5390,N507CA,DEN,GCC,1126,1118,-8,22,1140,79,78,51,313,1231,5,1245,1236,-9,0,0,,,,,,
2015,7,8,3,OO,6260,N760SK,JAC,SFO,700,921,141,11,932,148,124,105,737,1017,8,828,1025,117,0,0,,0,0,117,0,0
2015,11,26,4,UA,1948,N473UA,TPA,IAH,1516,1512,-4,10,1522,144,138,120,787,1622,8,1640,1630,-10,0,0,,,,,,
2015,12,15,2,EV,2746,N906EV,FSM,DFW,1012,959,-13,12,1011,73,76,48,227,1059,16,1125,1115,-10,0,0,,,,,,
2015,10,17,6,EV,6127,N14991,13930,14685,1355,1351,-4,19,1410,131,120,95,773,1645,6,1706,1651,-15,0,0,,,,,,
2015,1,9,5,DL,845,N910DN,ATL,PBI,957,951,-6,25,1016,111,110,82,545,1138,3,1148,1141,-7,0,0,,,,,,
2015,5,8,5,NK,242,N529NK,ATL,CLE,830,831,1,17,848,120,107,82,554,1010,8,1030,1018,-12,0,0,,,,,,
2015,2,24,2,B6,711,N552JB,JFK,LAS,1856,1852,-4,25,1917,355,345,315,2248,2132,5,2151,2137,-14,0,0,,,,,,
2015,4,25,6,VX,165,N640VA,EWR,LAX,1300,1259,-1,12,1311,370,360,338,2454,1549,10,1610,1559,-11,0,0,,,,,,
2015,3,10,2,MQ,3218,N692MQ,ORD,SGF,1710,1710,0,12,1722,95,89,73,438,1835,4,1845,1839,-6,0,0,,,,,,
2015,6,8,1,VX,162,N852VA,LAX,EWR,805,805,0,8,813,325,301,287,2454,1600,6,1630,1606,-24,0,0,,,,,,
2015,4,10,5,DL,1296,N360NB,ATL,PIT,1935,2005,30,24,2029,102,97,67,526,2136,6,2117,2142,25,0,0,,0,0,0,0,25
2015,6,6,6,UA,1947,N12218,SFO,PHL,2250,2248,-2,18,2306,336,325,299,2521,705,8,726,713,-13,0,0,,,,,,
2015,11,18,3,AA,2057,N184US,JFK,CLT,630,623,-7,16,639,126,102,80,541,759,6,836,805,-31,0,0,,,,,,
2015,9,28,1,WN,2876,N724SW,IND,TPA,650,645,-5,9,654,130,126,113,837,847,4,900,851,-9,0,0,,,,,,
2015,7,5,7,WN,4518,N478WN,PHX,CMH,1410,1409,-1,10,1419,220,219,205,1670,2044,4,2050,2048,-2,0,0,,,,,,
2015,5,19,2,DL,859,N312US,BOS,MSP,1432,1439,7,21,1500,192,195,171,1124,1651,3,1644,1654,10,0,0,,,,,,
2015,5,3,7,UA,507,N461UA,DEN,ATL,1230,1223,-7,11,1234,176,164,147,1199,1701,6,1726,1707,-19,0,0,,,,,,
2015,3,28,6,US,491,N189UW,DFW,PHX,600,553,-7,13,606,157,143,126,868,612,4,637,616,-21,0,0,,,,,,
2015,1,14,3,EV,2545,N877AS,TYS,DFW,1452,1459,7,10,1509,153,142,123,772,1612,9,1625,1621,-4,0,0,,,,,,
2015,1,29,4,WN,680,N656SW,LAX,OAK,815,811,-4,7,818,75,67,54,337,912,6,930,918,-12,0,0,,,,,,
2015,1,31,6,WN,3555,N909WN,DEN,LAS,1610,1610,0,19,1629,115,106,82,628,1651,5,1705,1656,-9,0,0,,,,,,
2015,3,15,7,OO,5210,N507CA,ORD,ATW,850,845,-5,37,922,59,74,33,160,955,4,949,959,10,0,0,,,,,,
2015,8,31,1,DL,1257,N922AT,ATL,GPT,1640,1639,-1,19,1658,85,79,56,352,1654,4,1705,1658,-7,0,0,,,,,,
2015,6,10,3,UA,317,N833UA,MCO,EWR,655,646,-9,12,658,161,148,130,937,908,6,936,914,-22,0,0,,,,,,
2015,2,23,1,B6,112,N249JB,ORD,BOS,1704,1714,10,17,1731,134,127,102,867,2013,8,2018,2021,3,0,0,,,,,,
2015,5,18,1,DL,1828,N357NB,SAV,ATL,1015,1017,2,15,1032,69,65,41,214,1113,9,1124,1122,-2,0,0,,,,,,
2015,7,30,4,UA,980,N828UA,DEN,PDX,1910,1857,-13,17,1914,165,155,135,991,2029,3,2055,2032,-23,0,0,,,,,,
2015,1,31,6,OO,6293,N567SW,SFO,ACV,1537,1533,-4,15,1548,85,78,58,250,1646,5,1702,1651,-11,0,0,,,,,,
2015,9,24,4,AS,126,N319AS,FAI,SEA,630,623,-7,19,642,212,247,206,1533,1108,22,1102,1130,28,0,0,,28,0,0,0,0
2015,11,4,3,WN,227,N268WN,BDL,RSW,625,648,23,10,658,205,181,167,1180,945,4,950,949,-1,0,0,,,,,,
2015,6,7,7,AA,2467,N856AA,DFW,LAX,1645,1642,-3,16,1658,196,206,167,1235,1745,23,1801,1808,7,0,0,,,,,,
2015,9,30,3,AA,894,N541UW,CLT,DFW,1945,2003,18,25,2028,169,172,134,936,2142,13,2134,2155,21,0,0,,3,0,0,18,0
2015,9,15,2,UA,626,N833UA,ORD,PHL,1353,1420,27,16,1436,136,113,92,678,1708,5,1709,1713,4,0,0,,,,,,
2015,11,16,1,MQ,3535,N504MQ,PIT,ORD,1505,1504,-1,15,1519,105,100,70,413,1529,15,1550,1544,-6,0,0,,,,,,
2015,1,15,4,AS,415,N309AS,PDX,SEA,700,657,-3,12,709,50,53,30,129,739,11,750,750,0,0,0,,,,,,
2015,9,26,6,UA,373,N669UA,IAH,IAD,1140,1142,2,18,1200,187,178,148,1190,1528,12,1547,1540,-7,0,0,,,,,,
2015,3,28,6,OO,6212,N724SK,AUS,LAX,607,725,78,11,736,208,183,161,1242,817,11,735,828,53,0,0,,0,0,53,0,0
2015,1,8,4,AS,70,N419AS,JNU,SIT,2217,2158,-19,22,2220,42,51,26,95,2246,3,2259,2249,-10,0,0,,,,,,
2015,11,18,3,UA,1764,N19136,MCO,EWR,1530,1524,-6,17,1541,171,158,131,937,1752,10,1821,1802,-19,0,0,,,,,,
2015,7,9,4,WN,4273,N965WN,DAL,SAT,2140,2138,-2,7,2145,60,52,41,248,2226,4,2240,2230,-10,0,0,,,,,,
2015,7,27,1,DL,1195,N357NW,IAD,ATL,1739,1818,39,50,1908,138,125,70,534,2018,5,1957,2023,26,0,0,,0,0,1,25,0
2015,2,1,7,US,672,N172US,FLL,PHL,600,558,-2,11,609,160,149,133,992,822,5,840,827,-13,0,0,,,,,,
2015,11,10,2,EV,4223,N21537,MOB,IAH,632,621,-11,12,633,98,92,69,427,742,11,810,753,-17,0,0,,,,,,
2015,1,4,7,OO,5475,N929SW,MKE,DEN,1920,1944,24,40,2024,168,192,143,896,2147,9,2108,2156,48,0,0,,24,0,0,24,0
2015,4,15,3,MQ,3662,N604MQ,DFW,GRK,2200,2156,-4,15,2211,54,46,27,134,2238,4,2254,2242,-12,0,0,,,,,,
2015,7,16,4,AA,1913,N548UW,CLT,PHL,635,632,-3,13,645,96,90,68,449,753,9,811,802,-9,0,0,,,,,,
2015,2,12,4,OO,4662,N630SK,SLC,TUL,1346,1343,-3,20,1403,140,140,116,926,1659,4,1706,1703,-3,0,0,,,,,,
2015,4,27,1,US,2133,N946UW,LGA,DCA,1100,1057,-3,20,1117,77,67,43,214,1200,4,1217,1204,-13,0,0,,,,,,
2015,9,7,1,AA,755,N524UW,PHL,LAX,1800,1758,-2,19,1817,363,339,306,2402,2023,14,2103,2037,-26,0,0,,,,,,
2015,2,5,4,EV,6050,N21129,DTW,ORD,1050,1108,18,26,1134,85,83,46,235,1120,11,1115,1131,16,0,0,,0,0,16,0,0
2015,7,21,2,AA,1849,N760US,BDL,CLT,1025,1016,-9,11,1027,122,113,98,644,1205,4,1227,1209,-18,0,0,,,,,,
2015,8,10,1,WN,1157,N556WN,PHX,BNA,735,730,-5,11,741,200,194,177,1449,1238,6,1255,1244,-11,0,0,,,,,,
2015,12,11,5,DL,1525,N940DN,BWI,ATL,1900,1900,0,13,1913,128,106,85,577,2038,8,2108,2046,-22,0,0,,,,,,
2015,4,12,7,AS,520,N626AS,SEA,BUR,1455,1453,-2,12,1505,138,132,117,937,1702,3,1713,1705,-8,0,0,,,,,,
2015,6,29,1,WN,3852,N745SW,BNA,BOS,935,930,-5,17,947,145,140,116,942,1243,7,1300,1250,-10,0,0,,,,,,
2015,2,26,4,B6,1512,N594JB,RSW,EWR,1205,1330,85,25,1355,171,161,124,1068,1559,12,1456,1611,75,0,0,,0,0,57,18,0
2015,6,22,1,DL,1057,N989DL,CLT,DTW,1852,1940,48,25,2005,112,113,79,500,2124,9,2044,2133,49,0,0,,1,0,0,48,0
2015,1,5,1,UA,474,N470UA,ORD,RSW,1346,1401,15,23,1424,179,169,142,1120,1746,4,1745,1750,5,0,0,,,,,,
2015,8,13,4,DL,508,N970AT,ECP,ATL,600,556,-4,10,606,68,55,40,240,746,5,808,751,-17,0,0,,,,,,
2015,11,16,1,DL,1756,N907DA,ATL,MLB,2105,2100,-5,20,2120,91,86,62,442,2222,4,2236,2226,-10,0,0,,,,,,
2015,3,20,5,DL,1685,N917DE,LGA,MCO,1145,1141,-4,32,1213,187,175,132,950,1425,11,1452,1436,-16,0,0,,,,,,
2015,11,4,3,AA,1278,N3JHAA,DFW,SNA,1035,1044,9,24,1108,194,203,173,1205,1201,6,1149,1207,18,0,0,,9,0,9,0,0
2015,12,5,6,DL,824,N323US,PHX,DTW,730,726,-4,12,738,226,219,200,1671,1258,7,1316,1305,-11,0,0,,,,,,
2015,9,18,5,WN,1934,N792SW,SLC,PHX,1855,1907,12,15,1922,95,97,75,507,1937,7,1930,1944,14,0,0,,,,,,
2015,10,20,2,F9,1001,N228FR,14100,13303,1035,1034,-1,21,1055,175,154,129,1013,1304,4,1330,1308,-22,0,0,,,,,,
2015,3,28,6,US,1826,N919US,BOS,PHL,730,719,-11,28,747,105,100,69,280,856,3,915,859,-16,0,0,,,,,,
2015,8,16,7,DL,2330,N669DN,TPA,ATL,1440,1439,-1,12,1451,99,83,63,406,1554,8,1619,1602,-17,0,0,,,,,,
2015,6,17,3,DL,825,N980DL,PBI,LGA,1810,1801,-9,16,1817,175,168,140,1035,2037,12,2105,2049,-16,0,0,,,,,,
2015,9,16,3,EV,4965,N611QX,ATL,HPN,939,953,14,29,1022,131,145,109,780,1211,7,1150,1218,28,0,0,,14,0,14,0,0
2015,6,19,5,WN,722,N396SW,BWI,CHS,2055,2059,4,23,2122,95,99,72,472,2234,4,2230,2238,8,0,0,,,,,,
2015,10,4,7,AA,1839,N675AW,10721,14100,830,843,13,18,901,94,86,58,280,959,10,1004,1009,5,0,0,,,,,,
2015,4,2,4,WN,461,N202WN,SMF,SAN,2055,2135,40,7,2142,85,79,70,480,2252,2,2220,2254,34,0,0,,0,0,9,25,0
2015,5,24,7,DL,1081,N921DL,MIA,LGA,1535,1534,-1,19,1553,184,177,152,1096,1825,6,1839,1831,-8,0,0,,,,,,
2015,6,18,4,DL,1557,N831DN,SLC,SEA,2200,2241,41,14,2255,120,115,93,689,2328,8,2300,2336,36,0,0,,0,0,0,36,0
2015,12,22,2,AA,1415,N3CDAA,TUS,DFW,753,746,-7,9,755,134,131,104,813,1039,18,1107,1057,-10,0,0,,,,,,
2015,3,24,2,WN,3577,N902WN,BWI,RDU,2020,2036,16,15,2051,70,65,47,255,2138,3,2130,2141,11,0,0,,,,,,
2015,3,7,6,DL,1766,N914DL,ATL,FNT,2108,2106,-2,21,2127,119,119,93,645,2300,5,2307,2305,-2,0,0,,,,,,
2015,8,31,1,NK,902,N528NK,DFW,MCO,815,812,-3,21,833,159,156,128,985,1141,7,1154,1148,-6,0,0,,,,,,
2015,11,9,1,DL,1354,N811DZ,LAX,ATL,2240,2241,1,22,2303,251,228,201,1947,524,5,551,529,-22,0,0,,,,,,
2015,3,6,5,EV,5189,N131EV,ATL,AVL,1644,1727,43,12,1739,55,46,30,164,1809,4,1739,1813,34,0,0,,0,0,34,0,0
2015,7,31,5,WN,2509,N358SW,SMF,ONT,1940,,,,,75,,,390,,,2055,,,0,1,A,,,,,
2015,5,23,6,NK,877,N533NK,ATL,FLL,1005,1001,-4,12,1013,116,97,78,581,1131,7,1201,1138,-23,0,0,,,,,,
2015,1,5,1,EV,4933,N730EV,ATL,GSO,812,811,-1,12,823,72,68,53,306,916,3,924,919,-5,0,0,,,,,,
2015,7,20,1,MQ,3052,N520MQ,DTW,LGA,610,611,1,15,626,105,91,72,502,738,4,755,742,-13,0,0,,,,,,
2015,9,29,2,WN,1067,N491WN,OAK,SNA,1725,1722,-3,8,1730,80,78,65,371,1835,5,1845,1840,-5,0,0,,,,,,
2015,7,26,7,DL,1860,N914DL,ATL,MIA,1625,1631,6,15,1646,125,104,81,594,1807,8,1830,1815,-15,0,0,,,,,,
2015,7,31,5,EV,4158,N11164,BOS,CLE,1301,1257,-4,15,1312,124,117,95,563,1447,7,1505,1454,-11,0,0,,,,,,
2015,7,5,7,UA,262,,AUS,ORD,705,,,,,174,,,978,,,959,,,0,1,A,,,,,
2015,9,15,2,AA,334,N3AHAA,ORD,MIA,1145,1155,10,14,1209,189,194,169,1197,1558,11,1554,1609,15,0,0,,5,0,10,0,0
2015,3,18,3,WN,697,N600WN,LAS,LAX,1850,1925,35,16,1941,65,61,41,236,2022,4,1955,2026,31,0,0,,0,0,23,8,0
2015,10,6,2,EV,4747,N14562,10747,12266,1641,1628,-13,10,1638,79,70,53,308,1731,7,1800,1738,-22,0,0,,,,,,
2015,5,24,7,AA,1410,N4YPAA,DFW,ELP,1330,1324,-6,14,1338,107,100,82,551,1400,4,1417,1404,-13,0,0,,,,,,
2015,7,27,1,DL,1729,N607AT,DTW,BUF,1546,1542,-4,15,1557,64,57,38,241,1635,4,1650,1639,-11,0,0,,,,,,
2015,5,1,5,UA,1454,N69839,IAD,SFO,1126,1117,-9,13,1130,362,336,316,2419,1346,7,1428,1353,-35,0,0,,,,,,
2015,7,21,2,WN,1249,N7723E,BUR,SJC,1525,1522,-3,10,1532,60,59,46,296,1618,3,1625,1621,-4,0,0,,,,,,
2015,10,5,1,WN,3076,N459WN,12992,13232,1155,1151,-4,7,1158,100,102,71,544,1309,24,1335,1333,-2,0,0,,,,,,
2015,4,10,5,US,679,N571UW,PHX,SAN,1400,1403,3,21,1424,71,77,53,304,1517,3,1511,1520,9,0,0,,,,,,
2015,1,28,3,WN,1044,N495WN,DEN,PIT,1805,1811,6,12,1823,170,166,148,1290,2251,6,2255,2257,2,0,0,,,,,,
2015,7,28,2,AA,944,N472AA,DFW,TUS,1715,1712,-3,16,1728,142,,,813,1921,7,1737,1928,,1,0,,,,,,
2015,10,11,7,WN,2261,N293WN,10693,13204,805,826,21,12,838,105,104,86,616,1104,6,1050,1110,20,0,0,,0,0,20,0,0
2015,8,28,5,EV,5523,N147PQ,GRB,ATL,600,557,-3,11,608,124,129,110,774,858,8,904,906,2,0,0,,,,,,
2015,6,17,3,UA,765,N466UA,SMF,DEN,1535,1537,2,10,1547,136,130,113,909,1840,7,1851,1847,-4,0,0,,,,,,
2015,5,30,6,EV,3269,N17524,LFT,IAH,1525,1851,206,12,1903,69,59,39,201,1942,8,1634,1950,196,0,0,,167,0,0,29,0
2015,4,30,4,DL,401,N334NB,AUS,JFK,1245,1242,-3,12,1254,222,233,214,1521,1728,7,1727,1735,8,0,0,,,,,,
2015,11,6,5,UA,829,N805UA,BNA,DEN,1550,1540,-10,10,1550,182,174,157,1014,1727,7,1752,1734,-18,0,0,,,,,,
2015,3,9,1,UA,1405,N68822,IAH,SFO,1903,1914,11,18,1932,263,232,209,1635,2101,5,2126,2106,-20,0,0,,,,,,
2015,2,16,1,US,548,N664AW,PHX,MKE,1950,1943,-7,11,1954,198,192,176,1460,2350,5,8,2355,-13,0,0,,,,,,
2015,10,15,4,DL,709,N931DL,13303,10397,1515,1515,0,14,1529,123,104,84,594,1653,6,1718,1659,-19,0,0,,,,,,
2015,8,6,4,EV,2708,N676AE,GPT,DFW,1419,1408,-11,12,1420,106,116,79,500,1539,25,1605,1604,-1,0,0,,,,,,
2015,3,29,7,OO,2880,N464SW,LAX,SMF,2030,2058,28,20,2118,85,85,60,373,2218,5,2155,2223,28,0,0,,0,0,0,28,0
2015,2,7,6,DL,2534,N919AT,DTW,GRR,1540,1548,8,11,1559,57,41,27,120,1626,3,1637,1629,-8,0,0,,,,,,
2015,5,3,7,F9,668,N920FR,SFO,DEN,1840,1942,62,21,2003,142,154,125,967,2308,8,2202,2316,74,0,0,,17,0,57,0,0
2015,5,25,1,WN,1832,N423WN,LAS,LIT,1220,1217,-3,9,1226,180,178,164,1294,1710,5,1720,1715,-5,0,0,,,,,,
2015,7,6,1,VX,913,N855VA,LAS,SFO,1445,1507,22,21,1528,95,89,65,414,1633,3,1620,1636,16,0,0,,0,0,16,0,0
2015,11,2,1,WN,437,N277WN,LAX,DEN,545,541,-4,12,553,140,120,102,862,835,6,905,841,-24,0,0,,,,,,
2015,11,30,1,B6,1639,N775JB,LGA,RSW,945,940,-5,30,1010,199,190,156,1080,1246,4,1304,1250,-14,0,0,,,,,,
2015,11,14,6,AA,2023,N165US,MSP,PHX,1100,1053,-7,14,1107,216,187,171,1276,1258,2,1336,1300,-36,0,0,,,,,,
2015,10,8,4,EV,4869,N851AS,12951,10397,1512,1507,-5,14,1521,97,91,72,503,1733,5,1749,1738,-11,0,0,,,,,,
2015,1,13,2,OO,4696,N452SW,OKC,MSP,1630,1635,5,24,1659,130,139,109,694,1848,6,1840,1854,14,0,0,,,,,,
2015,5,26,2,MQ,3261,N909MQ,TVC,ORD,614,607,-7,11,618,75,71,49,224,607,11,629,618,-11,0,0,,,,,,
2015,10,13,2,B6,312,N375JB,13930,10721,1641,1637,-4,12,1649,138,122,104,867,1933,6,1959,1939,-20,0,0,,,,,,
2015,8,22,6,DL,521,N362NW,CLT,SLC,735,732,-3,17,749,267,273,247,1727,956,9,1002,1005,3,0,0,,,,,,
2015,4,29,3,OO,4525,N825SK,SLC,DFW,1505,1501,-4,15,1516,155,165,138,989,1834,12,1840,1846,6,0,0,,,,,,
2015,4,27,1,AA,1678,N3LRAA,ORD,BOS,1340,1345,5,17,1402,145,142,116,867,1658,9,1705,1707,2,0,0,,,,,,
2015,7,2,4,DL,980,N952DN,ATL,BOS,1500,1502,2,36,1538,169,184,140,946,1758,8,1749,1806,17,0,0,,17,0,0,0,0
2015,10,29,4,DL,1964,N973DL,10397,12451,1635,1638,3,13,1651,74,61,45,270,1736,3,1749,1739,-10,0,0,,,,,,
2015,7,18,6,EV,4509,N14902,EWR,PWM,1737,1738,1,19,1757,80,73,48,284,1845,6,1857,1851,-6,0,0,,,,,,
2015,9,30,3,DL,1242,N929AT,BNA,ATL,1300,1254,-6,18,1312,70,65,40,214,1452,7,1510,1459,-11,0,0,,,,,,
2015,10,20,2,DL,2167,N3764D,14869,10849,2200,2152,-8,29,2221,77,85,53,347,2314,3,2317,2317,0,0,0,,,,,,
2015,5,4,1,WN,608,N7705A,SEA,SAN,1750,1754,4,12,1806,160,151,137,1050,2023,2,2030,2025,-5,0,0,,,,,,
2015,6,4,4,DL,330,N955DL,DCA,ATL,1259,1258,-1,17,1315,115,109,83,547,1438,9,1454,1447,-7,0,0,,,,,,
2015,8,13,4,WN,277,N212WN,MDW,JAX,1440,1451,11,10,1501,130,115,99,849,1740,6,1750,1746,-4,0,0,,,,,,
2015,1,6,2,F9,369,N954FR,PHF,DEN,1840,1837,-3,12,1849,255,258,238,1533,2047,8,2055,2055,0,0,0,,,,,,
2015,5,27,3,MQ,3674,N644MQ,ORD,FWA,900,856,-4,15,911,62,48,28,157,1039,5,1102,1044,-18,0,0,,,,,,
2015,3,21,6,AS,752,N553AS,SEA,MCI,1010,1009,-1,20,1029,204,211,185,1489,1534,6,1534,1540,6,0,0,,,,,,
2015,1,28,3,US,2037,N823AW,PBI,PHL,1405,1401,-4,12,1413,154,185,169,951,1702,4,1639,1706,27,0,0,,27,0,0,0,0
2015,12,9,3,EV,6133,N16546,ERI,ORD,600,552,-8,9,601,96,87,71,398,612,7,636,619,-17,0,0,,,,,,
2015,3,25,3,WN,3769,N215WN,MDW,OMA,850,850,0,26,916,90,102,72,423,1028,4,1020,1032,12,0,0,,,,,,
2015,9,12,6,AA,565,N724UW,PHL,DFW,715,711,-4,12,723,217,211,189,1303,932,10,952,942,-10,0,0,,,,,,
2015,12,23,3,WN,135,N793SA,BOS,BWI,945,942,-3,31,1013,95,108,73,369,1126,4,1120,1130,10,0,0,,,,,,
2015,6,29,1,WN,1545,N660SW,ROC,MDW,530,538,8,8,546,110,102,81,523,607,13,620,620,0,0,0,,,,,,
2015,12,4,5,DL,1786,N912DN,ATL,LGA,1445,1522,37,10,1532,136,112,96,762,1708,6,1701,1714,13,0,0,,,,,,
2015,5,17,7,UA,339,N402UA,DEN,SEA,1120,1231,71,11,1242,171,159,141,1024,1403,7,1311,1410,59,0,0,,0,0,55,4,0
2015,5,2,6,UA,1106,N66814,SFO,MCO,953,955,2,12,1007,319,310,292,2446,1759,6,1812,1805,-7,0,0,,,,,,
2015,8,7,5,DL,1177,N922DL,RDU,ATL,1210,1206,-4,10,1216,89,72,55,356,1311,7,1339,1318,-21,0,0,,,,,,
2015,2,5,4,EV,4120,N17138,CLE,LGA,711,703,-8,32,735,109,113,74,419,849,7,900,856,-4,0,0,,,,,,
2015,3,18,3,EV,5366,N730EV,MDW,DTW,1634,1631,-3,12,1643,65,56,40,228,1823,4,1839,1827,-12,0,0,,,,,,
2015,2,22,7,WN,461,N728SW,PHX,OKC,1855,1924,29,6,1930,120,130,95,833,2205,29,2155,2234,39,0,0,,10,0,29,0,0
2015,9,8,2,EV,2605,N905EV,PIA,DFW,1731,1742,11,13,1755,132,151,102,672,1937,36,1943,2013,30,0,0,,19,0,11,0,0
2015,5,13,3,AS,706,N584AS,SEA,SLC,1320,1427,67,15,1442,118,112,93,689,1715,4,1618,1719,61,0,0,,0,0,61,0,0
2015,9,24,4,DL,1416,N553NW,ATL,JAX,1500,1458,-2,18,1516,69,64,43,270,1559,3,1609,1602,-7,0,0,,,,,,
2015,3,29,7,OO,7391,N457SW,SLC,GCC,1508,1459,-9,20,1519,85,82,58,410,1617,4,1633,1621,-12,0,0,,,,,,
2015,5,21,4,EV,5414,N604QX,DTW,MLI,1526,1524,-2,19,1543,94,80,58,373,1541,3,1600,1544,-16,0,0,,,,,,
2015,5,18,1,EV,6113,N12195,DEN,LIT,956,1006,10,20,1026,132,126,101,771,1307,5,1308,1312,4,0,0,,,,,,
2015,12,8,2,DL,2160,N956DL,ATL,MIA,1600,1558,-2,10,1608,115,110,88,594,1736,12,1755,1748,-7,0,0,,,,,,
2015,11,16,1,DL,1265,N952AT,ATL,SAV,1305,1314,9,12,1326,62,53,36,214,1402,5,1407,1407,0,0,0,,,,,,
2015,9,20,7,OO,7403,N910EV,HIB,INL,2121,2114,-7,8,2122,42,30,18,86,2140,4,2203,2144,-19,0,0,,,,,,
2015,8,26,3,DL,690,N623DL,ATL,AUS,1620,1616,-4,11,1627,142,131,113,813,1720,7,1742,1727,-15,0,0,,,,,,
2015,1,28,3,OO,2612,N464SW,SLC,LAX,1530,1523,-7,12,1535,114,116,97,590,1612,7,1624,1619,-5,0,0,,,,,,
2015,6,27,6,AA,1354,N008AA,MIA,IAH,930,924,-6,12,936,166,153,129,964,1045,12,1116,1057,-19,0,0,,,,,,
2015,2,9,1,AA,1287,N3BHAA,MSP,MIA,530,519,-11,17,536,225,201,166,1501,922,18,1015,940,-35,0,0,,,,,,
2015,9,23,3,EV,4444,N14171,EWR,OKC,2010,2000,-10,24,2024,222,213,179,1325,2223,10,2252,2233,-19,0,0,,,,,,
2015,2,14,6,B6,2019,N298JB,BOS,FLL,1450,1811,201,47,1858,203,231,177,1237,2155,7,1813,2202,229,0,0,,28,0,0,0,201
2015,8,16,7,AA,1018,N4XXAA,BWI,DFW,1524,1516,-8,17,1533,202,192,161,1217,1714,14,1746,1728,-18,0,0,,,,,,
2015,5,11,1,WN,2512,N8316H,MCO,BWI,720,719,-1,11,730,145,136,121,787,931,4,945,935,-10,0,0,,,,,,
2015,11,25,3,UA,464,N24211,PDX,ORD,1402,1353,-9,10,1403,233,234,205,1739,1928,19,1955,1947,-8,0,0,,,,,,
2015,3,21,6,EV,4766,N13965,IAD,CLE,2215,2210,-5,25,2235,77,89,58,288,2333,6,2332,2339,7,0,0,,,,,,
2015,3,16,1,DL,1187,N957DN,MSP,DCA,1740,1739,-1,9,1748,142,123,110,931,2038,4,2102,2042,-20,0,0,,,,,,
2015,12,16,3,B6,1480,N358JB,FLL,DCA,1000,955,-5,15,1010,144,135,117,899,1207,3,1224,1210,-14,0,0,,,,,,
2015,10,19,1,DL,1112,N3752,10397,14107,1930,1932,2,15,1947,254,236,218,1587,2025,3,2044,2028,-16,0,0,,,,,,
2015,6,18,4,UA,1138,N30401,DEN,SFO,1422,1430,8,19,1449,159,154,127,967,1556,8,1601,1604,3,0,0,,,,,,
2015,9,16,3,DL,2526,N3761R,BZN,SLC,640,634,-6,13,647,73,81,60,347,747,8,753,755,2,0,0,,,,,,
2015,1,15,4,AA,1537,N3FPAA,MCO,ORD,1145,1139,-6,12,1151,173,164,144,1005,1315,8,1338,1323,-15,0,0,,,,,,
2015,2,14,6,F9,341,N924FR,DEN,BZN,2130,2152,22,9,2201,101,91,78,524,2319,4,2311,2323,12,0,0,,,,,,
2015,2,13,5,HA,258,N486HA,HNL,KOA,1210,1205,-5,26,1231,44,60,29,163,1300,5,1254,1305,11,0,0,,,,,,
2015,10,7,3,WN,1648,N610WN,13796,14869,2050,2056,6,10,2106,100,98,83,588,2329,5,2330,2334,4,0,0,,,,,,
2015,7,26,7,WN,3305,N728SW,DEN,ONT,2215,2227,12,8,2235,135,126,113,819,2328,5,2330,2333,3,0,0,,,,,,
2015,12,5,6,AA,2323,N3ADAA,ORD,DCA,1915,1907,-8,11,1918,112,97,83,612,2141,3,2207,2144,-23,0,0,,,,,,
2015,4,19,7,VX,910,N851VA,SFO,LAS,1220,1221,1,9,1230,90,88,68,414,1338,11,1350,1349,-1,0,0,,,,,,
2015,4,26,7,DL,1936,N394DA,LAX,CVG,2222,49,147,18,107,242,252,231,1900,758,3,524,801,157,0,0,,10,0,0,147,0
2015,5,30,6,EV,4375,N17560,ICT,IAH,1301,1252,-9,9,1301,109,104,83,542,1424,12,1450,1436,-14,0,0,,,,,,
2015,5,27,3,AA,1491,N3LBAA,FLL,DFW,1820,1816,-4,14,1830,200,170,149,1119,1959,7,2040,2006,-34,0,0,,,,,,
2015,10,19,1,WN,166,N298WN,10721,15016,1825,1837,12,12,1849,185,168,151,1047,2020,5,2030,2025,-5,0,0,,,,,,
2015,10,27,2,OO,2966,N709BR,14689,14107,1920,1906,-14,9,1915,90,85,71,455,2026,5,2050,2031,-19,0,0,,,,,,
2015,9,1,2,DL,2132,N557NW,ATL,SAT,950,945,-5,21,1006,145,154,125,874,1111,8,1115,1119,4,0,0,,,,,,
2015,9,7,1,AA,1275,N4XDAA,LAS,DFW,1740,1736,-4,15,1751,161,155,134,1055,2205,6,2221,2211,-10,0,0,,,,,,
2015,4,11,6,AA,1131,N3FCAA,LGA,DFW,929,918,-11,21,939,252,232,207,1389,1206,4,1241,1210,-31,0,0,,,,,,
2015,2,28,6,AA,1252,N3FMAA,RSW,ORD,1829,1838,9,23,1901,186,206,169,1120,2050,14,2035,2104,29,0,0,,20,0,0,0,9
2015,10,21,3,OO,4719,N162PQ,13930,11193,1706,1704,-2,32,1736,79,80,42,264,1918,6,1925,1924,-1,0,0,,,,,,
2015,11,9,1,WN,286,N8639B,BOI,DEN,710,708,-2,8,716,115,98,84,649,840,6,905,846,-19,0,0,,,,,,
2015,1,8,4,WN,462,N902WN,OAK,SAN,1610,1615,5,7,1622,80,84,73,446,1735,4,1730,1739,9,0,0,,,,,,
2015,12,11,5,UA,1252,N69804,PDX,IAH,600,606,6,11,617,243,233,217,1825,1154,5,1203,1159,-4,0,0,,,,,,
2015,5,13,3,OO,4580,N800SK,BNA,MSP,830,825,-5,12,837,136,131,114,695,1031,5,1046,1036,-10,0,0,,,,,,
2015,3,17,2,UA,1537,N36280,EWR,PBI,2129,6,157,13,19,184,152,133,1023,232,6,33,238,125,0,0,,0,0,0,62,63
2015,10,13,2,DL,2153,N382DA,12478,14107,1725,1720,-5,12,1732,334,292,276,2153,1908,4,1959,1912,-47,0,0,,,,,,
2015,7,10,5,DL,2233,N968DL,ATL,ALB,906,902,-4,18,920,134,129,108,853,1108,3,1120,1111,-9,0,0,,,,,,
2015,2,23,1,EV,4184,N17108,TUL,IAH,1139,1137,-2,22,1159,98,105,73,429,1312,10,1317,1322,5,0,0,,,,,,
2015,6,8,1,WN,613,N418WN,STL,MCI,955,952,-3,7,959,60,54,42,237,1041,5,1055,1046,-9,0,0,,,,,,
2015,7,21,2,WN,2159,N917WN,CMH,FLL,1540,1542,2,12,1554,155,155,137,973,1811,6,1815,1817,2,0,0,,,,,,
2015,5,30,6,EV,5791,N21144,IAH,LFT,1454,1453,-1,16,1509,59,63,41,201,1550,6,1553,1556,3,0,0,,,,,,
2015,1,14,3,US,2065,N573UW,ATL,CLT,850,933,43,36,1009,78,84,43,226,1052,5,1008,1057,49,0,0,,6,0,43,0,0
2015,5,20,3,WN,4283,N7752B,MDW,CLT,2130,2129,-1,8,2137,105,93,80,584,2357,5,15,2,-13,0,0,,,,,,
2015,4,15,3,AA,1696,N3HNAA,MIA,LGA,945,959,14,36,1035,185,184,145,1096,1300,3,1250,1303,13,0,0,,,,,,
2015,1,10,6,B6,23,N935JB,JFK,LAX,630,627,-3,21,648,377,366,339,2475,927,6,947,933,-14,0,0,,,,,,
2015,9,21,1,EV,4527,N21197,EWR,CLT,1529,1527,-2,14,1541,121,118,96,529,1717,8,1730,1725,-5,0,0,,,,,,
2015,9,13,7,AA,1590,N5ERAA,DFW,LAS,905,901,-4,12,913,178,156,135,1055,928,9,1003,937,-26,0,0,,,,,,
2015,12,2,3,AS,832,N577AS,LIH,SEA,1425,1412,-13,8,1420,341,340,326,2701,2146,6,2206,2152,-14,0,0,,,,,,
2015,9,23,3,AA,1010,N585AA,DFW,STL,2005,2000,-5,11,2011,104,91,76,550,2127,4,2149,2131,-18,0,0,,,,,,
2015,4,4,6,WN,2670,N649SW,SAT,HOU,1515,1516,1,17,1533,50,56,34,192,1607,5,1605,1612,7,0,0,,,,,,
2015,3,23,1,WN,403,N374SW,HOU,DEN,615,611,-4,11,622,160,150,131,883,733,8,755,741,-14,0,0,,,,,,
2015,12,23,3,MQ,3107,N9EAMQ,DFW,JAN,2014,2130,76,11,2141,83,66,50,408,2231,5,2137,2236,59,0,0,,0,0,0,59,0
2015,9,15,2,DL,921,N805DN,MSP,MKE,704,700,-4,14,714,71,69,50,297,804,5,815,809,-6,0,0,,,,,,
2015,7,28,2,UA,1181,N23721,BNA,IAH,1816,1927,71,10,1937,127,102,88,657,2105,4,2023,2109,46,0,0,,45,0,0,1,0
2015,11,14,6,WN,1755,N8607M,SAN,DAL,745,742,-3,9,751,165,155,142,1182,1213,4,1230,1217,-13,0,0,,,,,,
2015,4,19,7,AA,2,N788AA,LAX,JFK,900,854,-6,21,915,342,338,304,2475,1719,13,1742,1732,-10,0,0,,,,,,
2015,4,3,5,EV,4593,N11526,IAH,SHV,1535,1541,6,17,1558,60,53,32,192,1630,4,1635,1634,-1,0,0,,,,,,
2015,4,5,7,US,1704,N913US,LAX,CLT,1316,1320,4,25,1345,288,263,224,2125,2029,14,2104,2043,-21,0,0,,,,,,
2015,3,19,4,DL,1748,N371NB,SLC,RNO,1654,1653,-1,13,1706,87,76,59,422,1705,4,1721,1709,-12,0,0,,,,,,
2015,6,28,7,WN,4543,N8308K,FLL,SJU,2015,2123,68,7,2130,160,148,132,1046,2342,9,2255,2351,56,0,0,,0,0,0,56,0
2015,1,24,6,DL,1076,N949DN,ATL,CLT,2151,2144,-7,19,2203,69,64,37,226,2240,8,2300,2248,-12,0,0,,,,,,
2015,4,16,4,AA,113,N3GSAA,MIA,DEN,2000,1958,-2,30,2028,268,312,270,1709,2258,12,2228,2310,42,0,0,,42,0,0,0,0
2015,3,20,5,WN,1189,N616SW,BWI,MCO,1345,1416,31,39,1455,145,160,114,787,1649,7,1610,1656,46,0,0,,15,0,7,24,0
2015,11,24,2,AA,1234,N494AA,DFW,MKE,2015,2010,-5,15,2025,142,137,116,853,2221,6,2237,2227,-10,0,0,,,,,,
2015,6,16,2,B6,5,N766JB,EWR,FLL,730,729,-1,17,746,175,158,136,1065,1002,5,1025,1007,-18,0,0,,,,,,
2015,5,11,1,UA,1422,N14214,PHX,DEN,1345,1404,19,13,1417,107,110,90,602,1647,7,1632,1654,22,0,0,,3,0,8,11,0
2015,12,28,1,B6,1371,N585JB,LGA,FLL,2137,2137,0,17,2154,176,171,151,1076,25,3,33,28,-5,0,0,,,,,,
2015,5,15,5,AS,574,N462AS,PDX,LAX,1425,1421,-4,16,1437,140,136,111,834,1628,9,1645,1637,-8,0,0,,,,,,
2015,8,21,5,OO,6297,N758SK,ORD,RIC,1348,1343,-5,32,1415,119,129,90,642,1645,7,1647,1652,5,0,0,,,,,,
2015,2,19,4,EV,4256,N12530,IAH,GPT,1015,1015,0,11,1026,76,71,56,376,1122,4,1131,1126,-5,0,0,,,,,,
2015,1,18,7,UA,1226,N73251,LAX,DEN,652,658,6,14,712,148,140,116,862,1008,10,1020,1018,-2,0,0,,,,,,
2015,11,5,4,MQ,3589,N504MQ,CLE,ORD,1033,1018,-15,11,1029,90,66,50,316,1019,5,1103,1024,-39,0,0,,,,,,
2015,4,30,4,AA,150,N4YUAA,DFW,MSY,1025,1020,-5,24,1044,93,96,68,447,1152,4,1158,1156,-2,0,0,,,,,,
2015,2,17,2,UA,1521,N17730,ORD,CLE,1814,1920,66,14,1934,74,69,49,315,2123,6,2028,2129,61,0,0,,0,0,6,55,0
2015,9,2,3,NK,511,N620NK,FLL,DTW,720,718,-2,11,729,175,163,145,1127,954,7,1015,1001,-14,0,0,,,,,,
2015,6,22,1,MQ,3163,N523MQ,ORD,OMA,1000,,,,,90,,,416,,,1130,,,0,1,B,,,,,
2015,10,2,5,WN,692,N8641B,14747,10693,1150,1207,17,31,1238,255,278,239,1978,1837,8,1805,1845,40,0,0,,23,0,0,17,0
2015,8,28,5,B6,1121,N599JB,PDX,LGB,710,656,-14,17,713,141,139,118,846,911,4,931,915,-16,0,0,,,,,,
2015,12,22,2,AA,1700,N804AW,CLE,CLT,1205,1208,3,10,1218,99,96,79,430,1337,7,1344,1344,0,0,0,,,,,,
2015,4,17,5,B6,1853,N231JB,FLL,SJU,2225,2221,-4,22,2243,145,152,124,1046,47,6,50,53,3,0,0,,,,,,
2015,9,2,3,OO,5380,N479CA,DEN,MAF,1405,1353,-12,17,1410,103,98,78,563,1628,3,1648,1631,-17,0,0,,,,,,
2015,12,3,4,OO,3457,N217AG,BUR,PDX,920,913,-7,17,930,143,124,104,817,1114,3,1143,1117,-26,0,0,,,,,,
2015,6,24,3,UA,1657,N73406,SAN,IAD,2216,2314,58,12,2326,294,273,253,2253,639,8,610,647,37,0,0,,0,0,37,0,0
2015,12,28,1,UA,242,N57863,SFO,BOS,1310,1328,18,19,1347,335,329,302,2704,2149,8,2145,2157,12,0,0,,,,,,
2015,9,15,2,AA,2153,N946UW,DCA,LGA,1700,1733,33,35,1808,86,88,44,214,1852,9,1826,1901,35,0,0,,2,0,3,30,0
2015,5,4,1,OO,2743,N468CA,PSP,PHX,1805,1757,-8,17,1814,70,80,52,261,1906,11,1915,1917,2,0,0,,,,,,
2015,8,1,6,MQ,3132,N928MQ,CID,ORD,1219,1213,-6,8,1221,74,65,37,196,1258,20,1333,1318,-15,0,0,,,,,,
2015,1,22,4,US,1878,N738US,DCA,MCO,1935,1929,-6,16,1945,146,140,116,759,2141,8,2201,2149,-12,0,0,,,,,,
2015,3,31,2,B6,49,N354JB,BOS,SAV,900,855,-5,23,918,160,151,125,901,1123,3,1140,1126,-14,0,0,,,,,,
2015,6,26,5,AA,67,N3JCAA,JFK,AUS,1729,1743,14,44,1827,255,252,199,1521,2046,9,2044,2055,11,0,0,,,,,,
2015,9,16,3,EV,6136,N15983,ORD,CHS,1138,1132,-6,16,1148,131,129,106,760,1434,7,1449,1441,-8,0,0,,,,,,
2015,5,18,1,HA,36,N594HA,HNL,PHX,1255,1314,19,18,1332,365,339,316,2917,2148,5,2200,2153,-7,0,0,,,,,,
2015,7,6,1,WN,50,N7735A,BWI,MCO,1345,1355,10,7,1402,140,122,108,787,1550,7,1605,1557,-8,0,0,,,,,,
2015,8,2,7,B6,2036,N351JB,DTW,BOS,1027,1013,-14,21,1034,107,109,84,632,1158,4,1214,1202,-12,0,0,,,,,,
2015,6,17,3,OO,2745,N889AS,GJT,PHX,1213,1203,-10,10,1213,98,101,71,438,1224,20,1251,1244,-7,0,0,,,,,,
2015,2,12,4,NK,446,N526NK,LAS,ORD,915,912,-3,17,929,213,229,199,1514,1448,13,1448,1501,13,0,0,,,,,,
2015,6,19,5,DL,504,N920AT,ATL,EWR,2041,2040,-1,22,2102,141,127,96,746,2238,9,2302,2247,-15,0,0,,,,,,
2015,4,11,6,AA,1403,N7ABAA,MIA,LAX,700,718,18,50,808,338,370,307,2342,1015,13,938,1028,50,0,0,,32,0,18,0,0
2015,4,16,4,DL,2143,N750AT,LAX,SLC,725,724,-1,15,739,111,109,87,590,1006,7,1016,1013,-3,0,0,,,,,,
2015,1,21,3,OO,6245,N785SK,IAH,PSP,923,949,26,15,1004,214,203,184,1269,1108,4,1057,1112,15,0,0,,0,0,15,0,0
2015,11,21,6,VX,108,N845VA,LAX,IAD,800,855,55,8,903,290,256,240,2288,1603,8,1550,1611,21,0,0,,0,0,21,0,0
2015,1,5,1,DL,831,N360NW,LGA,DTW,720,738,18,13,751,126,110,91,502,922,6,926,928,2,0,0,,,,,,
2015,4,16,4,B6,1251,N184JB,HPN,RSW,645,637,-8,13,650,184,178,161,1102,931,4,949,935,-14,0,0,,,,,,
2015,6,7,7,DL,733,N751AT,DTW,SEA,1522,1527,5,13,1540,288,278,256,1927,1656,9,1710,1705,-5,0,0,,,,,,
2015,8,21,5,DL,2507,N958AT,SAV,ATL,745,743,-2,15,758,71,61,39,214,837,7,856,844,-12,0,0,,,,,,
2015,11,5,4,OO,5322,N928EV,ORD,FWA,1910,1927,17,63,2030,60,100,33,157,2203,4,2110,2207,57,0,0,,40,0,0,17,0
2015,6,8,1,EV,5335,N858AS,ABY,ATL,1719,1713,-6,13,1726,61,60,36,145,1802,11,1820,1813,-7,0,0,,,,,,
2015,10,10,6,DL,1124,N3752,12892,14107,2027,2021,-6,10,2031,81,70,56,370,2127,4,2148,2131,-17,0,0,,,,,,
2015,7,23,4,WN,3,N957WN,DAL,HOU,730,725,-5,7,732,60,61,49,239,821,5,830,826,-4,0,0,,,,,,
2015,1,20,2,B6,1543,N712JB,EWR,PBI,600,555,-5,11,606,170,165,150,1023,836,4,850,840,-10,0,0,,,,,,
2015,6,9,2,OO,4529,N783CA,CVG,XNA,939,953,14,13,1006,105,98,80,562,1026,5,1024,1031,7,0,0,,,,,,
2015,4,11,6,EV,6155,N11150,GUC,DEN,1636,1620,-16,12,1632,57,55,33,152,1705,10,1733,1715,-18,0,0,,,,,,
2015,11,18,3,UA,292,N27724,EWR,DFW,1330,1328,-2,11,1339,244,239,200,1372,1559,28,1634,1627,-7,0,0,,,,,,
2015,8,16,7,B6,1776,N298JB,PHL,BOS,839,832,-7,17,849,79,83,57,280,946,9,958,955,-3,0,0,,,,,,
2015,11,13,5,DL,2251,N918DL,CLT,ATL,1200,1208,8,20,1228,81,71,46,226,1314,5,1321,1319,-2,0,0,,,,,,
2015,4,27,1,DL,2004,N806DN,LAX,SLC,1640,1636,-4,15,1651,105,112,92,590,1923,5,1925,1928,3,0,0,,,,,,
2015,9,13,7,UA,458,N487UA,ORD,RIC,1745,1750,5,29,1819,121,120,86,642,2045,5,2046,2050,4,0,0,,,,,,
2015,10,29,4,AA,248,N4XJAA,10693,11298,931,927,-4,12,939,124,118,96,631,1115,10,1135,1125,-10,0,0,,,,,,
2015,1,31,6,OO,7364,N561SW,SLC,CNY,1345,1338,-7,7,1345,63,50,41,184,1426,2,1448,1428,-20,0,0,,,,,,
2015,11,9,1,WN,358,N7816B,AMA,LAS,640,636,-4,10,646,140,131,116,758,642,5,700,647,-13,0,0,,,,,,
2015,5,5,2,WN,498,N906WN,ICT,MDW,1015,1013,-2,9,1022,100,97,83,589,1145,5,1155,1150,-5,0,0,,,,,,
2015,3,27,5,OO,5504,N918SW,MFR,SFO,1411,1401,-10,12,1413,79,81,64,329,1517,5,1530,1522,-8,0,0,,,,,,
2015,5,1,5,EV,4335,N13969,CMH,EWR,1223,1220,-3,11,1231,110,105,86,463,1357,8,1413,1405,-8,0,0,,,,,,
2015,11,28,6,OO,2958,N866AS,TUS,LAX,1700,1657,-3,13,1710,100,96,76,451,1726,7,1740,1733,-7,0,0,,,,,,
2015,6,25,4,B6,1554,N328JB,SJU,FLL,1940,1937,-3,8,1945,159,152,136,1046,2201,8,2219,2209,-10,0,0,,,,,,
2015,5,3,7,WN,3478,N660SW,TPA,BHM,1300,1255,-5,7,1302,85,76,65,459,1307,4,1325,1311,-14,0,0,,,,,,
2015,12,28,1,MQ,3303,N856MQ,ORD,TVC,2017,,,,,68,,,224,,,2225,,,0,1,B,,,,,
2015,4,30,4,AA,1265,N3MEAA,ORD,BOS,1650,1653,3,16,1709,150,143,119,867,2008,8,2020,2016,-4,0,0,,,,,,
2015,2,9,1,UA,464,N471UA,EWR,TPA,1650,1651,1,15,1706,186,173,154,997,1940,4,1956,1944,-12,0,0,,,,,,
2015,5,30,6,WN,1372,N8644C,LAS,DTW,1550,1614,24,9,1623,245,237,217,1749,2300,11,2255,2311,16,0,0,,0,0,16,0,0
2015,3,26,4,DL,2396,N673DL,RSW,ATL,1758,1805,7,18,1823,117,111,81,515,1944,12,1955,1956,1,0,0,,,,,,
2015,11,8,7,UA,210,N77431,DEN,CLE,1413,1408,-5,10,1418,175,160,146,1201,1844,4,1908,1848,-20,0,0,,,,,,
2015,8,4,2,DL,1920,N965AT,EWR,ATL,1145,1145,0,14,1159,140,127,107,746,1346,6,1405,1352,-13,0,0,,,,,,
2015,6,17,3,OO,4791,N603SK,SEA,GEG,2159,2158,-1,18,2216,66,64,40,224,2256,6,2305,2302,-3,0,0,,,,,,
2015,5,19,2,EV,5543,N921EV,CAE,ATL,545,541,-4,11,552,60,56,37,192,629,8,645,637,-8,0,0,,,,,,
2015,4,6,1,AA,224,N3BSAA,ORD,LAS,1125,1123,-2,8,1131,237,233,218,1514,1309,7,1322,1316,-6,0,0,,,,,,
2015,6,29,1,B6,620,N635JB,SAN,BOS,1053,1119,26,13,1132,334,335,318,2588,1950,4,1927,1954,27,0,0,,1,0,6,20,0
2015,7,22,3,WN,1274,N403WN,SFO,DEN,1025,1026,1,11,1037,155,126,111,967,1328,4,1400,1332,-28,0,0,,,,,,
2015,8,8,6,DL,2509,N6715C,GRR,DTW,655,655,0,6,701,53,46,31,120,732,9,748,741,-7,0,0,,,,,,
2015,3,3,2,US,1916,N709UW,CLT,DCA,2215,2216,1,10,2226,72,68,53,331,2319,5,2327,2324,-3,0,0,,,,,,
2015,8,8,6,AA,2484,N858AA,DFW,SEA,2205,2209,4,16,2225,254,288,209,1660,2354,63,19,57,38,0,0,,38,0,0,0,0
2015,9,17,4,AA,2455,N852AA,DFW,LAX,2150,2148,-2,11,2159,207,184,169,1235,2248,4,2317,2252,-25,0,0,,,,,,
2015,11,12,4,AA,643,N582UW,ATL,CLT,1740,1742,2,29,1811,72,83,39,226,1850,15,1852,1905,13,0,0,,,,,,
2015,6,12,5,MQ,3463,N526MQ,LGA,DTW,1755,1750,-5,26,1816,123,127,91,502,1947,10,1958,1957,-1,0,0,,,,,,
2015,4,16,4,WN,1875,N216WR,BWI,SAT,1055,1054,-1,8,1102,220,214,202,1407,1324,4,1335,1328,-7,0,0,,,,,,
2015,6,13,6,HA,192,N491HA,HNL,ITO,1545,1538,-7,13,1551,51,53,34,216,1625,6,1636,1631,-5,0,0,,,,,,
2015,5,22,5,US,1976,N190UW,ORD,CLT,1555,1554,-1,17,1611,116,117,83,599,1834,17,1851,1851,0,0,0,,,,,,
2015,11,4,3,AA,2134,N827AW,DCA,BOS,1830,1822,-8,15,1837,87,86,65,399,1942,6,1957,1948,-9,0,0,,,,,,
2015,3,2,1,DL,831,N997DL,ALB,DTW,600,601,1,45,646,111,135,83,489,809,7,751,816,25,0,0,,25,0,0,0,0
2015,8,9,7,WN,1764,N961WN,LAS,BHM,1255,1250,-5,12,1302,220,204,189,1618,1811,3,1835,1814,-21,0,0,,,,,,
2015,12,23,3,AS,327,N514AS,SJC,SEA,945,1035,50,13,1048,125,139,117,697,1245,9,1150,1254,64,0,0,,14,0,50,0,0
2015,2,3,2,MQ,3013,N606MQ,ORD,CVG,2105,,,,,66,,,265,,,2311,,,0,1,B,,,,,
2015,7,28,2,AA,204,N030AA,STL,DFW,1600,1623,23,9,1632,112,90,76,550,1748,5,1752,1753,1,0,0,,,,,,
2015,10,19,1,B6,2008,N655JB,11697,14122,2020,2042,22,10,2052,171,144,129,994,2301,5,2311,2306,-5,0,0,,,,,,
2015,4,3,5,MQ,3030,N686MQ,TYS,DFW,1930,1940,10,9,1949,146,153,132,772,2101,12,2056,2113,17,0,0,,7,0,0,10,0
2015,1,6,2,AA,1568,N569AA,DFW,OKC,945,942,-3,15,957,54,49,30,175,1027,4,1039,1031,-8,0,0,,,,,,
2015,8,14,5,WN,183,N961WN,ORF,BWI,1815,1834,19,10,1844,70,64,48,159,1932,6,1925,1938,13,0,0,,,,,,
2015,4,14,2,OO,6401,N727SK,EUG,SFO,625,621,-4,10,631,95,74,60,451,731,4,800,735,-25,0,0,,,,,,
2015,3,3,2,DL,2076,N803DN,SLC,SEA,2005,2007,2,17,2024,125,129,107,689,2111,5,2110,2116,6,0,0,,,,,,
2015,10,7,3,WN,2160,N8324A,13232,12889,945,948,3,8,956,235,208,196,1521,1112,4,1140,1116,-24,0,0,,,,,,
2015,9,25,5,WN,439,N227WN,DAL,LGA,1730,1748,18,12,1800,205,195,178,1381,2158,5,2155,2203,8,0,0,,,,,,
2015,7,30,4,OO,4532,N454SW,PLN,DTW,1900,2328,268,11,2339,73,53,36,243,15,6,2013,21,248,0,0,,0,0,0,248,0
2015,9,27,7,WN,289,N7722B,HOU,MSY,1705,1706,1,13,1719,65,62,46,302,1805,3,1810,1808,-2,0,0,,,,,,
2015,5,8,5,WN,4737,N758SW,IND,ATL,1135,1151,16,9,1200,95,82,66,432,1306,7,1310,1313,3,0,0,,,,,,
2015,6,9,2,OO,5568,N795SK,DEN,ASE,2148,2158,10,13,2211,46,43,27,125,2238,3,2234,2241,7,0,0,,,,,,
2015,9,4,5,EV,2653,N633AE,BRO,DFW,1106,1100,-6,7,1107,104,101,79,482,1226,15,1250,1241,-9,0,0,,,,,,
2015,7,22,3,AS,124,N527AS,FAI,SEA,1730,1723,-7,12,1735,216,210,182,1533,2137,16,2206,2153,-13,0,0,,,,,,
2015,2,8,7,AA,40,N3KHAA,ORD,DCA,620,611,-9,10,621,105,105,77,612,838,18,905,856,-9,0,0,,,,,,
2015,11,27,5,B6,432,N705JB,SRQ,LGA,1835,1825,-10,10,1835,161,160,146,1047,2101,4,2116,2105,-11,0,0,,,,,,
2015,3,17,2,OO,4540,N820SK,LAX,SJC,1635,1633,-2,18,1651,80,69,48,308,1739,3,1755,1742,-13,0,0,,,,,,
2015,9,18,5,OO,4470,N805SK,OMA,SLC,1745,1741,-4,8,1749,150,145,131,840,1900,6,1915,1906,-9,0,0,,,,,,
2015,7,20,1,UA,650,N488UA,SFO,AUS,1545,1541,-4,15,1556,223,213,190,1504,2106,8,2128,2114,-14,0,0,,,,,,
2015,7,27,1,DL,1556,N389DA,LAX,PHX,1900,1857,-3,19,1916,93,82,58,370,2014,5,2033,2019,-14,0,0,,,,,,
2015,12,5,6,MQ,3310,N628MQ,DFW,SJT,1445,1440,-5,12,1452,60,55,41,229,1533,2,1545,1535,-10,0,0,,,,,,
2015,12,12,6,MQ,3414,N0EGMQ,ORD,ROC,1147,1145,-2,13,1158,96,84,67,528,1405,4,1423,1409,-14,0,0,,,,,,
2015,4,23,4,OO,4606,N8982A,MSP,FSD,1605,1613,8,25,1638,63,64,34,196,1712,5,1708,1717,9,0,0,,,,,,
2015,6,30,2,AA,289,N3MAAA,BOS,ORD,715,713,-2,15,728,177,155,127,867,835,13,912,848,-24,0,0,,,,,,
2015,11,3,2,DL,1065,N918DE,BDL,ATL,600,558,-2,13,611,163,143,122,859,813,8,843,821,-22,0,0,,,,,,
2015,8,14,5,DL,2476,N326NB,ATL,MSY,1921,1920,-1,18,1938,96,86,63,425,1941,5,1957,1946,-11,0,0,,,,,,
2015,7,13,1,B6,1485,N316JB,BOS,PIT,905,859,-6,15,914,105,93,75,496,1029,3,1050,1032,-18,0,0,,,,,,
2015,8,15,6,NK,810,N601NK,MSY,DTW,1121,1306,105,10,1316,144,139,123,926,1619,6,1445,1625,100,0,0,,0,0,0,100,0
2015,9,22,2,EV,5080,N708EV,CVG,DTW,1338,1333,-5,13,1346,72,66,46,229,1432,7,1450,1439,-11,0,0,,,,,,
2015,7,21,2,B6,461,N587JB,LGA,PBI,730,722,-8,18,740,167,154,133,1035,953,3,1017,956,-21,0,0,,,,,,
2015,8,14,5,EV,2645,N902EV,SAF,DFW,1006,1110,64,7,1117,109,106,92,551,1349,7,1255,1356,61,0,0,,0,0,59,2,0
2015,12,10,4,OO,2933,N417SW,ORD,MKE,1958,2000,2,17,2017,52,54,34,67,2051,3,2050,2054,4,0,0,,,,,,
2015,3,3,2,WN,4453,N799SW,HOU,STL,915,912,-3,9,921,115,99,86,687,1047,4,1110,1051,-19,0,0,,,,,,
2015,4,7,2,B6,2789,N629JB,LAS,SFO,700,705,5,18,723,104,92,69,414,832,5,844,837,-7,0,0,,,,,,
2015,3,17,2,DL,189,N322NB,BOS,DTW,845,843,-2,16,859,129,145,124,632,1103,5,1054,1108,14,0,0,,,,,,
2015,12,9,3,UA,407,N69830,LAX,ORD,605,558,-7,36,634,249,261,214,1744,1208,11,1214,1219,5,0,0,,,,,,
2015,8,17,1,WN,3017,N936WN,MDW,MCO,815,818,3,9,827,150,142,127,990,1134,6,1145,1140,-5,0,0,,,,,,
2015,2,24,2,AA,1171,N3JNAA,MIA,ORD,1316,1312,-4,15,1327,204,203,180,1197,1527,8,1540,1535,-5,0,0,,,,,,
2015,3,10,2,B6,2053,N561JB,JFK,PBI,2150,2227,37,18,2245,179,166,145,1028,110,3,49,113,24,0,0,,0,0,24,0,0
2015,7,14,2,UA,1951,N37466,ORD,SEA,912,912,0,18,930,268,264,236,1721,1126,10,1140,1136,-4,0,0,,,,,,
2015,7,24,5,AA,1874,N833AW,MCO,DCA,1759,1805,6,18,1823,129,124,103,759,2006,3,2008,2009,1,0,0,,,,,,
2015,1,7,3,DL,2316,N137DL,DTW,LAS,834,840,6,36,916,292,277,233,1749,1009,8,1026,1017,-9,0,0,,,,,,
2015,12,21,1,WN,102,N641SW,OAK,ONT,1740,1813,33,13,1826,75,69,52,362,1918,4,1855,1922,27,0,0,,0,0,5,22,0
2015,3,19,4,WN,4296,N7706A,BWI,OAK,1010,1022,12,9,1031,375,344,326,2447,1257,9,1325,1306,-19,0,0,,,,,,
2015,4,7,2,AA,2458,N202AA,ORD,TPA,1820,1813,-7,24,1837,166,164,137,1012,2154,3,2206,2157,-9,0,0,,,,,,
2015,2,9,1,AA,69,N3CYAA,MIA,SFO,1840,1837,-3,27,1904,393,385,355,2585,2159,3,2213,2202,-11,0,0,,,,,,
2015,6,23,2,AA,2184,N3GMAA,ORD,SAN,1425,1422,-3,7,1429,253,243,234,1723,1623,2,1638,1625,-13,0,0,,,,,,
2015,9,1,2,AS,222,N303AS,PDX,SFO,735,724,-11,12,736,113,100,83,550,859,5,928,904,-24,0,0,,,,,,
2015,8,2,7,DL,245,N685DA,JFK,SLC,1940,2017,37,24,2041,328,289,260,1990,2301,5,2308,2306,-2,0,0,,,,,,
2015,6,3,3,DL,1304,N373NW,DTW,DFW,1729,1725,-4,13,1738,167,147,124,986,1842,10,1916,1852,-24,0,0,,,,,,
2015,6,23,2,DL,1190,N935AT,ATL,CAK,905,903,-2,11,914,97,94,77,528,1031,6,1042,1037,-5,0,0,,,,,,
2015,7,8,3,OO,3495,N223AG,FAT,SEA,1135,1136,1,18,1154,125,125,101,748,1335,6,1340,1341,1,0,0,,,,,,
2015,12,24,4,WN,3342,N269WN,LAS,IND,855,853,-2,11,904,210,185,161,1590,1445,13,1525,1458,-27,0,0,,,,,,
2015,8,8,6,DL,826,N945DN,CLT,ATL,1825,1823,-2,17,1840,87,66,41,226,1921,8,1952,1929,-23,0,0,,,,,,
2015,8,2,7,EV,5190,N842AS,CSG,ATL,1111,1108,-3,7,1115,43,37,23,83,1138,7,1154,1145,-9,0,0,,,,,,
2015,4,13,1,US,2013,N569UW,FLL,CLT,630,652,22,11,703,117,114,96,632,839,7,827,846,19,0,0,,0,0,19,0,0
2015,12,18,5,EV,4120,N34110,LGA,CLE,824,837,13,15,852,113,95,74,419,1006,6,1017,1012,-5,0,0,,,,,,
2015,5,8,5,WN,458,N8306H,PHX,BWI,1725,1725,0,6,1731,255,234,225,1999,16,3,40,19,-21,0,0,,,,,,
2015,4,7,2,EV,2553,N902EV,SAF,DFW,1003,959,-4,10,1009,107,102,81,551,1230,11,1250,1241,-9,0,0,,,,,,
2015,7,11,6,AA,2149,N951UW,DCA,BOS,1430,1427,-3,11,1438,85,83,67,399,1545,5,1555,1550,-5,0,0,,,,,,
2015,10,18,7,OO,6468,N748SK,14783,11292,1854,1925,31,10,1935,121,105,89,637,2004,6,1955,2010,15,0,0,,0,0,15,0,0
2015,2,11,3,AA,1249,N4YAAA,MSP,ORD,543,542,-1,33,615,92,105,59,334,714,13,715,727,12,0,0,,,,,,
2015,7,5,7,AA,885,N507AY,PVD,CLT,800,801,1,28,829,136,144,103,683,1012,13,1016,1025,9,0,0,,,,,,
2015,7,10,5,DL,1509,N368NW,SLC,MCI,2020,2020,0,22,2042,144,148,121,920,2343,5,2344,2348,4,0,0,,,,,,
2015,2,25,3,OO,2587,N864AS,TUS,LAX,1100,1052,-8,11,1103,95,95,79,451,1122,5,1135,1127,-8,0,0,,,,,,
2015,11,11,3,WN,2072,N455WN,PHX,GEG,1425,1424,-1,6,1430,165,152,142,1020,1552,4,1610,1556,-14,0,0,,,,,,
2015,11,3,2,OO,7380,N454SW,SLC,CDC,1700,1650,-10,11,1701,50,54,40,221,1741,3,1750,1744,-6,0,0,,,,,,
2015,2,8,7,MQ,3481,N608MQ,ORD,FWA,835,833,-2,14,847,53,47,29,157,1016,4,1028,1020,-8,0,0,,,,,,
2015,11,13,5,F9,1266,N919FR,LAS,ORD,645,637,-8,15,652,215,205,181,1514,1153,9,1220,1202,-18,0,0,,,,,,
2015,6,28,7,AA,1235,N485AA,DFW,DSM,1150,1152,2,10,1202,118,109,88,624,1330,11,1348,1341,-7,0,0,,,,,,
2015,4,24,5,WN,122,N482WN,SEA,SAN,625,633,8,14,647,160,150,133,1050,900,3,905,903,-2,0,0,,,,,,
2015,1,16,5,WN,440,N267WN,MDW,PIT,805,801,-4,8,809,80,69,56,402,1005,5,1025,1010,-15,0,0,,,,,,
2015,9,8,2,NK,219,N531NK,ORD,ATL,1342,1800,258,18,1818,120,110,82,606,2040,10,1642,2050,248,0,0,,1,0,15,232,0
2015,5,24,7,WN,3715,N390SW,BWI,PBI,1640,1641,1,13,1654,150,137,118,883,1852,6,1910,1858,-12,0,0,,,,,,
2015,11,30,1,F9,1133,N205FR,STL,LAS,1515,1502,-13,11,1513,225,208,191,1371,1624,6,1700,1630,-30,0,0,,,,,,
2015,9,26,6,AA,1266,N3GKAA,MIA,RDU,925,918,-7,11,929,129,113,98,700,1107,4,1134,1111,-23,0,0,,,,,,
2015,1,3,6,UA,1227,N77261,SEA,IAH,1852,1933,41,18,1951,248,226,203,1874,114,5,100,119,19,0,0,,0,0,0,19,0
2015,1,28,3,DL,2135,N322NB,TPA,LGA,726,712,-14,10,722,154,158,143,1010,945,5,1000,950,-10,0,0,,,,,,
2015,6,22,1,OO,4845,N915EV,RST,MSP,725,913,108,23,936,47,59,29,76,1005,7,812,1012,120,0,0,,12,0,0,0,108
2015,2,8,7,B6,1453,N592JB,FLL,SJU,1449,1449,0,18,1507,149,141,119,1046,1806,4,1818,1810,-8,0,0,,,,,,
2015,7,7,2,AA,357,N434AA,SAT,DFW,1604,1555,-9,12,1607,76,65,42,247,1649,11,1720,1700,-20,0,0,,,,,,
2015,8,7,5,NK,912,N626NK,MCO,ORD,1717,1719,2,20,1739,183,188,158,1005,1917,10,1920,1927,7,0,0,,,,,,
2015,10,8,4,WN,988,N8603F,10821,14679,945,948,3,15,1003,335,311,293,2295,1156,3,1220,1159,-21,0,0,,,,,,
2015,5,21,4,EV,5870,N12900,ORD,ABE,845,935,50,17,952,114,102,83,654,1215,2,1139,1217,38,0,0,,0,0,31,7,0
2015,10,19,1,OO,6533,N134SY,14831,11292,1050,1042,-8,14,1056,155,149,128,948,1404,7,1425,1411,-14,0,0,,,,,,
2015,12,18,5,HA,166,N480HA,HNL,OGG,1358,1404,6,15,1419,43,42,21,100,1440,6,1441,1446,5,0,0,,,,,,
2015,11,29,7,WN,1481,N550WN,PHX,DTW,1230,1243,13,8,1251,220,191,174,1671,1745,9,1810,1754,-16,0,0,,,,,,
2015,6,26,5,WN,3223,N794SW,PHX,LAX,1130,1739,369,9,1748,80,72,54,370,1842,9,1250,1851,361,0,0,,0,0,282,79,0
2015,9,3,4,DL,2285,N929AT,LGA,MCO,700,657,-3,32,729,164,164,129,950,938,3,944,941,-3,0,0,,,,,,
2015,3,8,7,B6,846,N178JB,MCO,SWF,930,920,-10,13,933,161,151,132,989,1145,6,1211,1151,-20,0,0,,,,,,
2015,7,14,2,WN,389,N261WN,LAX,LAS,1950,2018,28,9,2027,60,58,42,236,2109,7,2050,2116,26,0,0,,0,0,0,26,0
2015,12,27,7,MQ,3049,N907MQ,GRK,DFW,1014,,,,,54,,,134,,,1108,,,0,1,B,,,,,
2015,3,12,4,EV,4103,N18102,IAH,CHS,720,717,-3,20,737,136,149,123,925,1040,6,1036,1046,10,0,0,,,,,,
2015,9,13,7,WN,2047,N245WN,ECP,HOU,945,944,-1,12,956,110,100,84,571,1120,4,1135,1124,-11,0,0,,,,,,
2015,3,8,7,MQ,3036,N684MQ,IND,ORD,1034,1039,5,12,1051,69,66,45,177,1036,9,1043,1045,2,0,0,,,,,,
2015,10,22,4,B6,718,N637JB,12478,10721,2250,2259,9,21,2320,64,67,41,187,1,5,2354,6,12,0,0,,,,,,
2015,7,10,5,UA,1977,N69830,IAH,SEA,1755,1829,34,21,1850,278,263,235,1874,2045,7,2033,2052,19,0,0,,0,0,2,17,0
2015,4,6,1,DL,1647,N986DL,LGA,ATL,759,753,-6,27,820,159,154,120,762,1020,7,1038,1027,-11,0,0,,,,,,
2015,5,11,1,WN,3833,N750SA,SAN,DEN,2030,2029,-1,10,2039,135,121,106,853,2325,5,2345,2330,-15,0,0,,,,,,
2015,8,13,4,OO,7386,N427SW,DTW,ESC,2130,2120,-10,18,2138,78,74,50,306,2228,6,2248,2234,-14,0,0,,,,,,
2015,5,26,2,AS,744,N618AS,SFO,SLC,2050,2045,-5,15,2100,109,106,87,599,2327,4,2339,2331,-8,0,0,,,,,,
2015,12,13,7,AA,240,N3MAAA,LAX,DCA,800,756,-4,17,813,297,300,273,2311,1546,10,1557,1556,-1,0,0,,,,,,
2015,7,14,2,DL,986,N961DN,ATL,LGA,745,809,24,14,823,131,127,106,762,1009,7,956,1016,20,0,0,,0,0,20,0,0
2015,8,20,4,NK,424,N508NK,LAX,MSP,1847,1917,30,13,1930,208,201,183,1535,33,5,15,38,23,0,0,,0,0,23,0,0
2015,10,15,4,MQ,3620,N681MQ,11193,12478,1250,1247,-3,8,1255,127,100,88,589,1423,4,1457,1427,-30,0,0,,,,,,
2015,5,27,3,EV,5371,N873AS,DTW,CLE,850,843,-7,23,906,49,54,26,95,932,5,939,937,-2,0,0,,,,,,
2015,11,18,3,MQ,3381,N683MQ,DFW,MOB,1700,1657,-3,23,1720,96,99,72,539,1832,4,1836,1836,0,0,0,,,,,,
2015,3,15,7,WN,783,N629SW,LAS,ABQ,1625,1625,0,11,1636,85,88,71,486,1847,6,1850,1853,3,0,0,,,,,,
2015,3,28,6,UA,1012,N77258,EWR,IAH,500,459,-1,14,513,244,215,187,1400,720,14,804,734,-30,0,0,,,,,,
2015,10,13,2,DL,935,N915DN,13487,13871,1341,1338,-3,11,1349,66,58,42,282,1431,5,1447,1436,-11,0,0,,,,,,
2015,2,5,4,EV,4286,N21144,MCI,IAH,832,821,-11,18,839,131,129,95,643,1014,16,1043,1030,-13,0,0,,,,,,
2015,5,25,1,US,1986,N810AW,PHL,MSP,1810,1809,-1,14,1823,187,165,147,980,1950,4,2017,1954,-23,0,0,,,,,,
2015,9,15,2,AA,644,N658AW,PHX,ONT,1655,1648,-7,12,1700,71,69,53,325,1753,4,1806,1757,-9,0,0,,,,,,
2015,3,4,3,DL,1120,N912DE,BDL,DTW,905,856,-9,20,916,118,136,111,549,1107,5,1103,1112,9,0,0,,,,,,
2015,12,9,3,DL,2065,N3758Y,LAX,SEA,1955,1953,-2,22,2015,177,161,134,954,2229,5,2252,2234,-18,0,0,,,,,,
2015,5,18,1,WN,2141,N733SA,MCO,STL,845,841,-4,8,849,145,130,119,882,948,3,1010,951,-19,0,0,,,,,,
2015,4,16,4,WN,498,N708SW,PHX,SMF,1450,1453,3,7,1500,115,105,95,647,1635,3,1645,1638,-7,0,0,,,,,,
2015,2,24,2,US,609,N162UW,CLT,SEA,1810,1809,-1,18,1827,350,340,317,2279,2044,5,2100,2049,-11,0,0,,,,,,
2015,8,25,2,AA,452,N167US,PHX,SAN,746,739,-7,18,757,74,71,50,304,847,3,900,850,-10,0,0,,,,,,
2015,1,13,2,B6,643,N640JB,EWR,PBI,1111,1108,-3,10,1118,173,158,146,1023,1344,2,1404,1346,-18,0,0,,,,,,
2015,11,25,3,EV,4740,N27200,GRB,ORD,524,516,-8,25,541,63,82,46,173,627,11,627,638,11,0,0,,,,,,
2015,1,16,5,EV,5084,N722EV,TUL,ATL,1011,1006,-5,11,1017,107,110,92,674,1249,7,1258,1256,-2,0,0,,,,,,
2015,12,27,7,AA,1821,N103US,CLT,DTW,1635,1632,-3,12,1644,112,104,77,500,1801,15,1827,1816,-11,0,0,,,,,,
2015,7,20,1,WN,599,N654SW,ELP,SAT,1650,1651,1,12,1703,85,85,69,496,1912,4,1915,1916,1,0,0,,,,,,
2015,12,26,6,WN,4482,N8301J,LAS,SJC,2000,2212,132,14,2226,85,99,61,386,2327,24,2125,2351,146,0,0,,14,0,132,0,0
2015,2,6,5,MQ,3614,N642MQ,DFW,ABI,1315,1310,-5,12,1322,48,44,27,158,1349,5,1403,1354,-9,0,0,,,,,,
2015,2,10,2,OO,4457,N809CA,GRR,DTW,1345,1336,-9,12,1348,58,54,33,120,1421,9,1443,1430,-13,0,0,,,,,,
2015,11,30,1,UA,884,N843UA,LAX,ORD,1211,1203,-8,19,1222,257,232,197,1744,1739,16,1828,1755,-33,0,0,,,,,,
2015,5,21,4,EV,5111,N604QX,DTW,BUF,746,737,-9,16,753,71,62,43,241,836,3,857,839,-18,0,0,,,,,,
2015,10,31,6,AA,197,N3JMAA,10721,13930,1740,1738,-2,9,1747,173,164,144,867,1911,11,1933,1922,-11,0,0,,,,,,
2015,2,24,2,AS,766,N593AS,SEA,BWI,815,811,-4,17,828,305,273,253,2335,1541,3,1620,1544,-36,0,0,,,,,,
2015,8,20,4,OO,6409,N719SK,SFO,PDX,1331,1350,19,34,1424,110,113,76,550,1540,3,1521,1543,22,0,0,,3,0,0,19,0
2015,9,28,1,AA,2372,N4XUAA,CMH,DFW,610,601,-9,25,626,168,165,129,926,735,11,758,746,-12,0,0,,,,,,
2015,6,29,1,WN,4992,N738CB,MSY,ATL,1900,1917,17,5,1922,85,72,59,425,2121,8,2125,2129,4,0,0,,,,,,
2015,12,16,3,UA,223,N487UA,SFO,DEN,1046,1155,69,13,1208,152,151,120,967,1508,18,1418,1526,68,0,0,,0,0,13,55,0
2015,8,6,4,DL,61,N815DN,SFO,ATL,1155,1215,20,21,1236,298,275,249,2139,1945,5,1953,1950,-3,0,0,,,,,,
2015,6,26,5,EV,4101,N14543,MEM,IAH,1245,1245,0,21,1306,103,108,82,468,1428,5,1428,1433,5,0,0,,,,,,
2015,10,14,3,EV,4543,N18556,15016,11618,1526,1513,-13,9,1522,144,135,120,872,1822,6,1850,1828,-22,0,0,,,,,,
2015,5,25,1,EV,4165,N14542,FNT,ORD,1655,1649,-6,6,1655,68,60,44,223,1639,10,1703,1649,-14,0,0,,,,,,
2015,7,20,1,WN,305,N7713A,BUR,SMF,1305,1303,-2,8,1311,70,67,55,358,1406,4,1415,1410,-5,0,0,,,,,,
2015,12,26,6,OO,4445,N426SW,SLC,BIL,945,944,-1,21,1005,92,91,66,387,1111,4,1117,1115,-2,0,0,,,,,,
2015,3,1,7,WN,3394,N939WN,SAN,SMF,1720,1922,122,9,1931,90,78,65,480,2036,4,1850,2040,110,0,0,,0,0,0,110,0
2015,2,8,7,EV,4418,N12564,PNS,IAH,621,618,-3,10,628,111,95,79,489,747,6,812,753,-19,0,0,,,,,,
2015,4,4,6,B6,2275,N535JB,BDL,SJU,2040,2030,-10,17,2047,224,227,206,1666,13,4,24,17,-7,0,0,,,,,,
2015,9,23,3,DL,1569,N635DL,ATL,AUS,1905,1902,-3,10,1912,141,126,109,813,2001,7,2026,2008,-18,0,0,,,,,,
2015,8,16,7,DL,921,N591NW,MSP,MKE,705,701,-4,18,719,69,78,50,297,809,10,814,819,5,0,0,,,,,,
2015,6,25,4,WN,824,N451WN,DEN,BNA,2045,2107,22,14,2121,150,141,120,1014,21,7,15,28,13,0,0,,,,,,
2015,12,25,5,WN,5672,N378SW,OAK,ABQ,1325,1328,3,10,1338,130,129,114,889,1632,5,1635,1637,2,0,0,,,,,,
2015,11,28,6,DL,831,N961AT,LGA,DTW,720,713,-7,12,725,124,108,90,502,855,6,924,901,-23,0,0,,,,,,
2015,8,24,1,B6,405,N663JB,BOS,LGB,1725,1727,2,32,1759,374,377,341,2602,2040,4,2039,2044,5,0,0,,,,,,
2015,8,21,5,UA,1253,N35204,SFO,RDU,930,932,2,21,953,312,300,274,2400,1727,5,1742,1732,-10,0,0,,,,,,
2015,2,6,5,WN,1070,N965WN,LAS,PHX,1320,1323,3,12,1335,70,63,44,255,1519,7,1530,1526,-4,0,0,,,,,,
2015,2,19,4,UA,1605,N76523,EWR,LAS,1100,1056,-4,15,1111,347,342,320,2227,1331,7,1347,1338,-9,0,0,,,,,,
2015,8,25,2,WN,726,N905WN,LAX,RNO,1145,1144,-1,13,1157,75,70,54,391,1251,3,1300,1254,-6,0,0,,,,,,
2015,5,25,1,WN,2976,N394SW,ONT,OAK,1725,1857,92,7,1904,75,68,55,362,1959,6,1840,2005,85,0,0,,3,0,0,82,0
2015,5,30,6,B6,711,N907JB,JFK,LAS,1830,2005,95,28,2033,358,336,301,2248,2234,7,2128,2241,73,0,0,,0,0,73,0,0
2015,3,27,5,NK,224,N632NK,ORD,LGA,556,601,5,36,637,124,134,90,733,907,8,900,915,15,0,0,,10,0,5,0,0
2015,1,13,2,DL,1707,N337NW,DTW,RDU,1956,2008,12,17,2025,109,101,80,501,2145,4,2145,2149,4,0,0,,,,,,
2015,3,5,4,DL,1082,N313US,SLC,OAK,950,954,4,14,1008,120,94,76,588,1024,4,1050,1028,-22,0,0,,,,,,
2015,6,4,4,WN,3850,N7813P,ATL,DTW,2215,2217,2,14,2231,120,112,88,594,2359,10,15,9,-6,0,0,,,,,,
2015,11,8,7,WN,354,N7815L,PHX,RNO,2130,2129,-1,15,2144,110,104,84,601,2208,5,2220,2213,-7,0,0,,,,,,
2015,4,24,5,WN,1986,N714CB,STL,LGA,1935,1932,-3,9,1941,140,129,102,888,2223,18,2255,2241,-14,0,0,,,,,,
2015,5,29,5,US,559,N270AY,CLT,PHL,1600,1605,5,13,1618,96,97,77,449,1735,7,1736,1742,6,0,0,,,,,,
2015,12,31,4,WN,1642,N445WN,LAS,SAN,1725,1720,-5,16,1736,65,66,43,258,1819,7,1830,1826,-4,0,0,,,,,,
2015,5,19,2,UA,560,N438UA,SFO,SEA,1800,1802,2,18,1820,127,122,92,679,1952,12,2007,2004,-3,0,0,,,,,,
2015,11,11,3,OO,5492,N753SK,CHS,ORD,1643,1627,-16,8,1635,136,133,111,760,1726,14,1759,1740,-19,0,0,,,,,,
2015,4,27,1,AA,2212,N468AA,DFW,STL,1820,1816,-4,14,1830,108,91,73,550,1943,4,2008,1947,-21,0,0,,,,,,
2015,10,12,1,EV,4897,N847AS,14574,10397,1952,1942,-10,22,2004,88,101,60,357,2104,19,2120,2123,3,0,0,,,,,,
2015,4,26,7,US,549,N823AW,RNO,PHX,1915,1922,7,10,1932,103,92,78,601,2050,4,2058,2054,-4,0,0,,,,,,
2015,11,12,4,WN,1468,N8621A,MCO,PVD,1555,1553,-2,12,1605,150,150,131,1072,1816,7,1825,1823,-2,0,0,,,,,,
2015,9,17,4,EV,5187,N850AS,GTR,ATL,645,643,-2,30,713,65,82,45,241,858,7,850,905,15,0,0,,15,0,0,0,0
2015,2,6,5,OO,5531,N973SW,DEN,GTF,1853,1844,-9,15,1859,121,116,96,624,2035,5,2054,2040,-14,0,0,,,,,,
2015,7,2,4,WN,4097,N453WN,MCO,HOU,935,935,0,8,943,140,140,121,849,1044,11,1055,1055,0,0,0,,,,,,
2015,12,21,1,MQ,3064,N3AEMQ,DFW,LIT,2150,2149,-1,18,2207,70,68,41,304,2248,9,2300,2257,-3,0,0,,,,,,
2015,9,13,7,VX,334,N639VA,LAX,FLL,1015,1039,24,18,1057,305,333,272,2343,1829,43,1820,1912,52,0,0,,0,0,28,24,0
2015,10,9,5,UA,360,N426UA,12264,15304,1805,1836,31,87,2003,142,204,111,811,2154,6,2027,2200,93,0,0,,62,0,0,0,31
2015,7,21,2,B6,207,N354JB,PWM,JFK,1337,1350,13,65,1455,82,133,64,273,1559,4,1459,1603,64,0,0,,64,0,0,0,0
2015,10,30,5,WN,667,N217JC,10713,11292,1445,1443,-2,7,1450,105,93,79,649,1609,7,1630,1616,-14,0,0,,,,,,
2015,3,14,6,WN,160,N740SW,MDW,BWI,2005,2018,13,17,2035,100,107,80,611,2255,10,2245,2305,20,0,0,,7,0,0,13,0
2015,8,20,4,MQ,3157,N527MQ,DSM,ORD,1347,1340,-7,9,1349,84,69,51,299,1440,9,1511,1449,-22,0,0,,,,,,
2015,1,9,5,UA,428,N223UA,IAH,IAD,1150,1146,-4,15,1201,172,154,129,1190,1510,10,1542,1520,-22,0,0,,,,,,
2015,11,3,2,DL,189,N909DA,LGA,DTW,859,900,1,29,929,133,116,83,502,1052,4,1112,1056,-16,0,0,,,,,,
2015,4,25,6,DL,1663,N905DA,MKE,ATL,1755,1750,-5,10,1800,122,120,103,669,2043,7,2057,2050,-7,0,0,,,,,,
2015,6,10,3,OO,3458,N227AG,SEA,SLC,2055,2051,-4,23,2114,117,113,86,689,2340,4,2352,2344,-8,0,0,,,,,,
2015,5,19,2,WN,1711,N275WN,PIT,MCO,1705,1705,0,12,1717,140,149,124,834,1921,13,1925,1934,9,0,0,,,,,,
2015,11,5,4,OO,4517,N825SK,LAX,PHX,1430,1426,-4,15,1441,87,74,54,370,1635,5,1657,1640,-17,0,0,,,,,,
2015,8,25,2,UA,255,N814UA,MSY,DEN,1621,1623,2,10,1633,173,165,150,1062,1803,5,1814,1808,-6,0,0,,,,,,
2015,2,2,1,EV,5424,N924EV,DTW,MBS,1345,1500,75,49,1549,52,80,23,98,1612,8,1437,1620,103,0,0,,28,0,75,0,0
2015,1,1,4,UA,431,N810UA,IAH,DCA,1017,1014,-3,15,1029,176,165,146,1208,1355,4,1413,1359,-14,0,0,,,,,,
2015,7,16,4,AA,2237,N3BHAA,DCA,DFW,1850,1853,3,21,1914,200,185,157,1192,2051,7,2110,2058,-12,0,0,,,,,,
2015,4,13,1,EV,4747,N12900,IAH,CLL,2118,2117,-1,24,2141,47,52,21,74,2202,7,2205,2209,4,0,0,,,,,,
2015,6,23,2,UA,1218,N87527,ORD,DEN,1735,1732,-3,18,1750,157,151,122,888,1852,11,1912,1903,-9,0,0,,,,,,
2015,8,14,5,B6,2784,N183JB,RDU,BOS,700,654,-6,13,707,111,101,85,612,832,3,851,835,-16,0,0,,,,,,
2015,3,31,2,B6,515,N266JB,BOS,BUF,650,644,-6,13,657,93,79,64,395,801,2,823,803,-20,0,0,,,,,,
2015,2,6,5,EV,5769,N832AS,LGA,IAD,1922,1913,-9,19,1932,86,67,43,229,2015,5,2048,2020,-28,0,0,,,,,,
2015,7,11,6,WN,3335,N7728D,SFO,MDW,1325,1507,102,9,1516,255,227,209,1855,2045,9,1940,2054,74,0,0,,0,0,74,0,0
2015,9,10,4,OO,5500,N973SW,DEN,SLC,1715,1715,0,20,1735,94,87,64,391,1839,3,1849,1842,-7,0,0,,,,,,
2015,9,27,7,OO,5624,N466SW,FAR,DEN,915,911,-4,13,924,123,121,91,627,955,17,1018,1012,-6,0,0,,,,,,
2015,12,14,1,WN,3041,N500WR,ALB,MCO,1325,1320,-5,8,1328,185,167,151,1073,1559,8,1630,1607,-23,0,0,,,,,,
2015,12,13,7,EV,5379,N716EV,LGA,LEX,2129,2119,-10,14,2133,136,109,91,604,2304,4,2345,2308,-37,0,0,,,,,,
2015,3,27,5,F9,1142,N953FR,MIA,LGA,1910,1940,30,17,1957,175,161,132,1096,2209,12,2205,2221,16,0,0,,13,0,1,2,0
2015,10,28,3,UA,1696,N73259,14747,12266,2359,2353,-6,12,5,245,228,210,1874,535,6,604,541,-23,0,0,,,,,,
2015,6,24,3,WN,615,N771SA,FLL,ISP,2100,2142,42,11,2153,170,161,145,1092,18,5,2350,23,33,0,0,,0,0,0,33,0
2015,2,27,5,DL,1633,N953DL,ATL,HOU,810,805,-5,13,818,138,143,125,696,923,5,928,928,0,0,0,,,,,,
2015,7,6,1,MQ,3604,N931MQ,FSD,ORD,557,552,-5,13,605,101,119,97,462,742,9,738,751,13,0,0,,,,,,
2015,11,26,4,DL,2509,N845DN,SFO,ATL,2255,2248,-7,16,2304,265,266,241,2139,605,9,620,614,-6,0,0,,,,,,
2015,10,13,2,DL,2215,N951AT,12892,14057,1955,1952,-3,36,2028,146,147,108,834,2216,3,2221,2219,-2,0,0,,,,,,
2015,11,22,7,OO,5245,N772SK,CVG,DEN,2002,1956,-6,11,2007,188,177,159,1069,2046,7,2110,2053,-17,0,0,,,,,,
2015,6,16,2,WN,3393,N741SA,SDF,MDW,1340,1727,227,13,1740,65,68,52,271,1732,3,1345,1735,230,0,0,,3,0,227,0,0
2015,3,28,6,OO,4698,N8933B,STL,MSP,1205,1201,-4,18,1219,94,109,87,448,1346,4,1339,1350,11,0,0,,,,,,
2015,5,3,7,US,1841,N187US,CLT,RSW,1430,1442,12,28,1510,112,125,91,600,1641,6,1622,1647,25,0,0,,13,0,12,0,0
2015,5,27,3,DL,802,N612DL,ATL,LGA,1545,2103,318,30,2133,145,147,103,762,2316,14,1810,2330,320,0,0,,320,0,0,0,0
2015,2,2,1,B6,1522,N587JB,LGB,PDX,1005,957,-8,11,1008,145,137,121,846,1209,5,1230,1214,-16,0,0,,,,,,
2015,6,16,2,EV,5601,N134EV,FSD,ATL,615,621,6,13,634,142,132,116,954,930,3,937,933,-4,0,0,,,,,,
2015,5,23,6,WN,1428,N620SW,BWI,CLE,1250,1251,1,11,1302,75,68,51,314,1353,6,1405,1359,-6,0,0,,,,,,
2015,11,1,7,B6,189,N599JB,JFK,SAN,955,950,-5,17,1007,372,366,346,2446,1253,3,1307,1256,-11,0,0,,,,,,
2015,9,10,4,DL,1679,N962DL,DTW,BDL,1548,1550,2,21,1611,100,112,84,549,1735,7,1728,1742,14,0,0,,,,,,
2015,3,12,4,WN,4638,N940WN,IND,PHX,1020,1016,-4,12,1028,240,216,197,1488,1045,7,1120,1052,-28,0,0,,,,,,
2015,1,16,5,WN,4719,N718SW,PHX,OMA,2025,2018,-7,13,2031,150,150,133,1037,2344,4,2355,2348,-7,0,0,,,,,,
2015,9,12,6,AA,554,N679AW,OAK,PHX,600,558,-2,16,614,116,115,93,646,747,6,756,753,-3,0,0,,,,,,
2015,2,24,2,DL,788,N389DA,FLL,JFK,1240,1240,0,11,1251,177,172,147,1069,1518,14,1537,1532,-5,0,0,,,,,,
2015,11,9,1,UA,1565,N427UA,DCA,IAH,1209,1159,-10,19,1218,211,196,172,1208,1410,5,1440,1415,-25,0,0,,,,,,
2015,4,2,4,UA,112,N39418,SEA,IAD,2235,2227,-8,15,2242,296,282,260,2306,602,7,631,609,-22,0,0,,,,,,
2015,3,24,2,MQ,3456,N504MQ,DSM,ORD,1315,1313,-2,35,1348,82,94,48,299,1436,11,1437,1447,10,0,0,,,,,,
2015,4,30,4,US,1873,N755US,CLT,TPA,2210,2205,-5,10,2215,92,85,72,507,2327,3,2342,2330,-12,0,0,,,,,,
2015,7,16,4,EV,3806,N13978,MKE,EWR,756,755,-1,16,811,131,161,133,725,1124,12,1107,1136,29,0,0,,29,0,0,0,0
2015,11,20,5,DL,1614,N936DL,LIT,ATL,710,707,-3,9,716,96,75,59,453,915,7,946,922,-24,0,0,,,,,,
2015,7,30,4,EV,5372,N848AS,GTR,ATL,1055,1134,39,14,1148,70,70,45,241,1333,11,1305,1344,39,0,0,,0,0,0,39,0
2015,3,2,1,MQ,3471,N531MQ,LGA,RDU,1700,1857,117,28,1925,107,104,71,431,2036,5,1847,2041,114,0,0,,0,0,114,0,0
2015,10,29,4,MQ,3352,N941MQ,11298,14457,1845,1845,0,17,1902,149,137,114,835,1956,6,2014,2002,-12,0,0,,,,,,
2015,9,24,4,WN,3088,N7815L,SJC,ONT,1345,1340,-5,7,1347,65,62,51,333,1438,4,1450,1442,-8,0,0,,,,,,
2015,1,16,5,US,567,N561UW,PHX,MCO,955,950,-5,29,1019,247,251,215,1849,1554,7,1602,1601,-1,0,0,,,,,,
2015,10,5,1,UA,1570,N57862,14771,10721,840,841,1,24,905,344,350,317,2704,1722,9,1724,1731,7,0,0,,,,,,
2015,1,14,3,UA,1716,N57864,HNL,LAX,1230,1220,-10,16,1236,327,327,288,2556,1924,23,1957,1947,-10,0,0,,,,,,
2015,11,24,2,WN,868,N7826B,ONT,OAK,1100,1111,11,8,1119,75,95,57,362,1216,30,1215,1246,31,0,0,,20,0,11,0,0
2015,9,28,1,AA,2225,N3LNAA,ORD,LAX,1825,1843,18,21,1904,278,250,225,1744,2049,4,2103,2053,-10,0,0,,,,,,
2015,6,19,5,EV,5098,N937EV,ATL,AGS,1505,1503,-2,16,1519,61,49,30,143,1549,3,1606,1552,-14,0,0,,,,,,
2015,9,18,5,AA,1155,N3DGAA,LAX,ORD,1651,1756,65,22,1818,244,251,216,1744,2354,13,2255,7,72,0,0,,72,0,0,0,0
2015,2,28,6,WN,3951,N402WN,MDW,CLE,800,755,-5,8,803,75,59,46,307,949,5,1015,954,-21,0,0,,,,,,
2015,12,6,7,AA,1186,N3FNAA,TPA,ORD,910,859,-11,12,911,178,154,135,1012,1026,7,1108,1033,-35,0,0,,,,,,
2015,9,2,3,EV,4364,N11199,EWR,MCI,852,916,24,20,936,195,177,151,1092,1107,6,1107,1113,6,0,0,,,,,,
2015,2,17,2,WN,3412,N607SW,LAX,SFO,2025,2115,50,10,2125,80,70,54,337,2219,6,2145,2225,40,0,0,,0,0,40,0,0
2015,12,8,2,VX,761,N521VA,LGA,DAL,700,650,-10,14,704,245,208,188,1381,912,6,1005,918,-47,0,0,,,,,,
2015,11,2,1,AA,1818,N710UW,CLT,PBI,1115,1114,-1,12,1126,105,106,90,590,1256,4,1300,1300,0,0,0,,,,,,
2015,6,2,2,AA,228,N3ALAA,PHL,DFW,1340,1354,14,23,1417,222,193,166,1303,1603,4,1622,1607,-15,0,0,,,,,,
2015,3,25,3,US,408,N602AW,PHX,PDX,1025,1024,-1,25,1049,176,179,151,1009,1320,3,1321,1323,2,0,0,,,,,,
2015,9,20,7,UA,1751,N33203,MIA,IAH,1455,1444,-11,10,1454,168,144,129,964,1603,5,1643,1608,-35,0,0,,,,,,
2015,6,26,5,WN,406,N658SW,CRP,HOU,1945,1942,-3,7,1949,50,45,33,187,2022,5,2035,2027,-8,0,0,,,,,,
2015,10,31,6,DL,1490,N673DL,11433,12889,1541,1541,0,15,1556,260,258,236,1749,1652,7,1701,1659,-2,0,0,,,,,,
2015,11,10,2,MQ,3571,N692MQ,SJT,DFW,1205,1155,-10,10,1205,65,65,41,229,1246,14,1310,1300,-10,0,0,,,,,,
2015,7,28,2,AA,1580,N3GCAA,PHL,DFW,520,515,-5,15,530,209,189,163,1303,713,11,749,724,-25,0,0,,,,,,
2015,7,16,4,EV,2658,N671AE,VPS,DFW,1237,1237,0,13,1250,131,114,96,641,1426,5,1448,1431,-17,0,0,,,,,,
2015,8,31,1,MQ,3335,N836MQ,AZO,ORD,1540,1534,-6,9,1543,60,50,32,122,1515,9,1540,1524,-16,0,0,,,,,,
2015,2,8,7,US,621,N658AW,JFK,PHX,630,629,-1,19,648,350,343,303,2153,951,21,1020,1012,-8,0,0,,,,,,
2015,6,21,7,WN,638,N359SW,LAX,DAL,1510,1526,16,8,1534,180,185,169,1246,2023,8,2010,2031,21,0,0,,5,0,16,0,0
2015,10,28,3,OO,5674,N715SK,13930,12339,1215,1250,35,26,1316,59,65,34,177,1450,5,1414,1455,41,0,0,,6,0,0,35,0
2015,6,5,5,AA,151,N3BRAA,DEN,ORD,1730,1837,67,13,1850,150,126,108,888,2138,5,2100,2143,43,0,0,,0,0,0,43,0
2015,8,22,6,B6,951,N558JB,BOS,MCO,1440,1438,-2,14,1452,186,179,154,1121,1726,11,1746,1737,-9,0,0,,,,,,
2015,10,18,7,F9,658,N922FR,14771,11292,1015,1031,16,14,1045,149,143,121,967,1346,8,1344,1354,10,0,0,,,,,,
2015,8,8,6,WN,1198,N8611F,PHX,ONT,2020,2027,7,7,2034,65,59,46,325,2120,6,2125,2126,1,0,0,,,,,,
2015,7,29,3,DL,1865,N923DL,ATL,MIA,1000,953,-7,24,1017,123,120,87,594,1144,9,1203,1153,-10,0,0,,,,,,
2015,6,29,1,B6,2701,N198JB,BUF,JFK,1922,1945,23,34,2019,98,105,68,301,2127,3,2100,2130,30,0,0,,30,0,0,0,0
2015,1,25,7,DL,1604,N519US,DTW,FLL,720,716,-4,27,743,200,198,161,1127,1024,10,1040,1034,-6,0,0,,,,,,
2015,11,12,4,AA,547,N538UW,SFO,PHX,1705,1702,-3,13,1715,118,116,90,651,1945,13,2003,1958,-5,0,0,,,,,,
2015,11,18,3,UA,250,N73256,PDX,IAD,800,757,-3,12,809,292,298,276,2327,1545,10,1552,1555,3,0,0,,,,,,
2015,7,17,5,DL,1547,N913DL,DTW,MKE,1547,1546,-1,17,1603,69,64,42,237,1545,5,1556,1550,-6,0,0,,,,,,
2015,10,31,6,WN,234,N410WN,14747,14908,600,558,-2,15,613,160,148,128,978,821,5,840,826,-14,0,0,,,,,,
2015,4,22,3,WN,1084,N263WN,OAK,PHX,1700,1658,-2,8,1706,110,109,96,646,1842,5,1850,1847,-3,0,0,,,,,,
2015,8,16,7,NK,630,N637NK,LAX,DEN,935,934,-1,13,947,139,133,112,862,1239,8,1254,1247,-7,0,0,,,,,,
2015,7,14,2,EV,4718,N15527,IAH,JAN,2110,2108,-2,1,2109,80,77,71,351,2220,5,2230,2225,-5,0,0,,,,,,
2015,3,17,2,MQ,2933,N620MQ,ORD,EVV,2015,2031,16,15,2046,65,58,40,273,2126,3,2120,2129,9,0,0,,,,,,
2015,12,20,7,EV,4377,N11192,EWR,JAX,1548,1544,-4,18,1602,159,135,114,820,1756,3,1827,1759,-28,0,0,,,,,,
2015,6,21,7,EV,5920,N17984,ORD,LEX,809,843,34,14,857,77,65,47,323,1044,4,1026,1048,22,0,0,,0,0,12,10,0
2015,6,28,7,WN,1718,N645SW,OMA,STL,530,527,-3,12,539,65,70,52,342,631,6,635,637,2,0,0,,,,,,
2015,8,26,3,B6,1563,N653JB,ORD,SJU,900,853,-7,19,912,289,291,268,2072,1440,4,1449,1444,-5,0,0,,,,,,
2015,3,15,7,UA,589,N845UA,BUF,ORD,600,602,2,19,621,108,95,72,473,633,4,648,637,-11,0,0,,,,,,
2015,1,2,5,OO,5556,N113SY,AUS,ORD,600,603,3,13,616,167,147,117,978,813,17,847,830,-17,0,0,,,,,,
2015,3,21,6,NK,318,N611NK,RSW,MSP,1520,1540,20,9,1549,221,211,197,1416,1806,5,1801,1811,10,0,0,,,,,,
2015,1,16,5,WN,2875,N729SW,RNO,LAS,1815,1815,0,8,1823,70,70,56,345,1919,6,1925,1925,0,0,0,,,,,,
2015,8,24,1,WN,2460,N7820J,PDX,PHX,625,623,-2,9,632,155,149,136,1009,848,4,900,852,-8,0,0,,,,,,
2015,8,30,7,UA,717,N403UA,LAX,CLE,2226,2241,15,32,2313,264,277,239,2052,612,6,550,618,28,0,0,,13,0,15,0,0
2015,4,20,1,WN,583,N7722B,PHX,SJC,805,806,1,11,817,115,109,95,621,952,3,1000,955,-5,0,0,,,,,,
2015,10,7,3,WN,1806,N659SW,13487,13198,1550,1549,-1,10,1559,80,89,65,393,1704,14,1710,1718,8,0,0,,,,,,
2015,7,15,3,DL,2149,N907DA,DEN,MSP,1545,1558,13,22,1620,114,122,93,680,1853,7,1839,1900,21,0,0,,8,0,6,7,0
2015,11,24,2,EV,4372,N21537,DCA,EWR,1636,1640,4,26,1706,78,78,44,199,1750,8,1754,1758,4,0,0,,,,,,
2015,5,8,5,AA,2210,N3CJAA,DFW,SAT,930,923,-7,14,937,69,66,48,247,1025,4,1039,1029,-10,0,0,,,,,,
2015,6,5,5,EV,5390,N720EV,DTW,MDW,745,741,-4,17,758,71,71,49,228,747,5,756,752,-4,0,0,,,,,,
2015,12,19,6,AA,1333,N479AA,PHL,ORD,1745,1739,-6,14,1753,156,157,112,678,1845,31,1921,1916,-5,0,0,,,,,,
2015,12,10,4,MQ,3076,N942MQ,ORD,MSN,1640,1637,-3,17,1654,57,49,29,108,1723,3,1737,1726,-11,0,0,,,,,,
2015,4,23,4,US,1702,N154UW,PHL,FLL,1750,1749,-1,20,1809,171,172,149,992,2038,3,2041,2041,0,0,0,,,,,,
2015,9,6,7,UA,1034,N38257,FLL,IAH,1148,1143,-5,13,1156,162,147,127,966,1303,7,1330,1310,-20,0,0,,,,,,
2015,6,17,3,B6,1119,N192JB,JFK,CLT,1700,1658,-2,32,1730,142,122,80,541,1850,10,1922,1900,-22,0,0,,,,,,
2015,4,21,2,NK,761,N515NK,ORD,MSP,920,913,-7,29,942,84,90,57,334,1039,4,1044,1043,-1,0,0,,,,,,
2015,3,11,3,WN,423,N8633A,AUS,LAX,600,557,-3,14,611,205,191,167,1242,658,10,725,708,-17,0,0,,,,,,
2015,6,19,5,DL,1177,N937DL,ATL,RDU,1005,1004,-1,14,1018,88,76,60,356,1118,2,1133,1120,-13,0,0,,,,,,
2015,4,22,3,UA,1247,N27477,IAH,LAS,1744,1748,4,24,1812,203,207,177,1222,1909,6,1907,1915,8,0,0,,,,,,
2015,12,15,2,WN,2800,N476WN,PHX,SNA,715,711,-4,10,721,80,76,59,338,720,7,735,727,-8,0,0,,,,,,
2015,11,22,7,DL,2176,N958DL,ATL,BNA,1628,1626,-2,13,1639,72,56,39,214,1618,4,1640,1622,-18,0,0,,,,,,
2015,3,4,3,HA,141,N476HA,ITO,HNL,1741,1734,-7,8,1742,51,51,38,216,1820,5,1832,1825,-7,0,0,,,,,,
2015,2,21,6,WN,2755,N8308K,MCI,MDW,1855,1907,12,6,1913,85,74,55,405,2008,13,2020,2021,1,0,0,,,,,,
2015,9,4,5,AA,383,N022AA,DFW,AUS,1625,1620,-5,13,1633,56,52,33,190,1706,6,1721,1712,-9,0,0,,,,,,
2015,12,25,5,B6,2134,N589JB,SJU,MCO,316,323,7,9,332,185,164,149,1189,501,6,521,507,-14,0,0,,,,,,
2015,2,23,1,US,1925,N556UW,EWR,CLT,630,625,-5,12,637,127,121,105,529,822,4,837,826,-11,0,0,,,,,,
2015,8,4,2,WN,981,N490WN,DEN,MDW,1140,1228,48,9,1237,135,127,114,895,1531,4,1455,1535,40,0,0,,0,0,7,33,0
2015,10,29,4,AA,5,N371AA,11298,12173,1045,1040,-5,22,1102,503,483,457,3784,1339,4,1408,1343,-25,0,0,,,,,,
2015,4,29,3,WN,604,N742SW,BOS,MDW,540,539,-1,17,556,170,145,123,861,659,5,730,704,-26,0,0,,,,,,
2015,4,10,5,WN,2070,N397SW,RSW,BDL,1035,1033,-2,10,1043,175,175,161,1180,1324,4,1330,1328,-2,0,0,,,,,,
2015,2,5,4,EV,5113,N847AS,DHN,ATL,1055,1047,-8,9,1056,57,55,37,170,1233,9,1252,1242,-10,0,0,,,,,,
2015,10,13,2,WN,3062,N731SA,10397,15304,1405,1400,-5,16,1416,80,80,61,406,1517,3,1525,1520,-5,0,0,,,,,,
2015,6,28,7,AA,51,N4YEAA,DFW,STL,1520,1514,-6,12,1526,110,94,79,550,1645,3,1710,1648,-22,0,0,,,,,,
2015,5,7,4,EV,5351,N848AS,ATL,ABY,2048,2052,4,16,2108,48,48,29,145,2137,3,2136,2140,4,0,0,,,,,,
2015,11,14,6,AA,1024,N3MUAA,DFW,IAH,2030,2023,-7,9,2032,72,56,40,224,2112,7,2142,2119,-23,0,0,,,,,,
2015,6,17,3,OO,6209,N762SK,JAX,ORD,1636,,,,,153,,,864,,,1809,,,0,1,C,,,,,
2015,5,24,7,DL,1200,N3733Z,ATL,BOS,1120,1127,7,15,1142,151,150,130,946,1352,5,1351,1357,6,0,0,,,,,,
2015,3,2,1,WN,2413,N8601C,MDW,LGA,2020,2038,18,7,2045,120,112,87,725,2312,18,2320,2330,10,0,0,,,,,,
2015,10,12,1,B6,166,N561JB,14635,10721,700,658,-2,12,710,178,199,180,1249,1010,7,958,1017,19,0,0,,19,0,0,0,0
2015,2,26,4,B6,994,N712JB,DEN,BOS,2322,2339,17,49,28,218,242,190,1754,538,3,500,541,41,0,0,,24,0,0,17,0
2015,9,2,3,WN,289,N783SW,ATL,PHL,2200,2200,0,16,2216,130,119,95,666,2351,8,10,2359,-11,0,0,,,,,,
2015,12,28,1,WN,1147,N416WN,IND,LAX,630,631,1,13,644,285,260,238,1814,742,9,815,751,-24,0,0,,,,,,
2015,4,8,3,MQ,3642,N648MQ,DFW,CVG,1830,1824,-6,17,1841,143,146,113,812,2134,16,2153,2150,-3,0,0,,,,,,
2015,12,13,7,UA,1932,N11206,IAH,SEA,1145,1207,22,19,1226,295,277,253,1874,1439,5,1440,1444,4,0,0,,,,,,
2015,9,24,4,NK,210,N637NK,LAS,DFW,1955,2011,16,11,2022,151,163,128,1055,30,24,26,54,28,0,0,,12,0,0,16,0
2015,10,16,5,AS,659,N402AS,14107,14057,1335,1327,-8,8,1335,159,150,138,1009,1553,4,1614,1557,-17,0,0,,,,,,
2015,2,5,4,EV,5430,N871AS,BTV,DTW,1645,1636,-9,16,1652,119,108,84,537,1816,8,1844,1824,-20,0,0,,,,,,
2015,2,3,2,WN,885,N476WN,MDW,DCA,820,818,-2,16,834,105,96,75,601,1049,5,1105,1054,-11,0,0,,,,,,
2015,12,4,5,UA,309,N26210,SFO,IAD,1043,1042,-1,16,1058,310,305,277,2419,1835,12,1853,1847,-6,0,0,,,,,,
2015,6,17,3,F9,1265,N905FR,ORD,LAS,2010,2311,181,14,2325,240,218,195,1514,40,9,2210,49,159,0,0,,0,0,0,159,0
2015,10,31,6,UA,1589,N53442,14771,12266,1251,1252,1,10,1302,233,245,191,1635,1813,44,1844,1857,13,0,0,,,,,,
2015,4,5,7,AA,2336,N424AA,DFW,JAX,2020,2009,-11,13,2022,149,128,108,918,2310,7,2349,2317,-32,0,0,,,,,,
2015,3,30,1,WN,399,N8320J,DAL,LAX,1045,1038,-7,11,1049,200,200,181,1246,1150,8,1205,1158,-7,0,0,,,,,,
2015,1,12,1,DL,1273,N373NW,DTW,MSY,832,856,24,68,1004,184,217,143,926,1127,6,1036,1133,57,0,0,,33,0,0,24,0
2015,10,19,1,UA,1957,N79402,12266,14831,910,907,-3,15,922,250,240,221,1608,1103,4,1120,1107,-13,0,0,,,,,,
2015,7,28,2,WN,792,N253WN,STL,GRR,2000,2001,1,10,2011,70,70,55,382,2206,5,2210,2211,1,0,0,,,,,,
2015,1,1,4,US,1817,N179UW,CLT,RSW,1805,1800,-5,12,1812,115,110,93,600,1945,5,2000,1950,-10,0,0,,,,,,
2015,4,24,5,WN,816,N655WN,LAS,ABQ,1640,1700,20,11,1711,85,80,65,486,1916,4,1905,1920,15,0,0,,0,0,10,5,0
2015,6,4,4,DL,990,N960DN,MSP,MCI,1509,1506,-3,18,1524,81,82,58,393,1622,6,1630,1628,-2,0,0,,,,,,
2015,7,22,3,NK,610,N517NK,FLL,BOS,905,900,-5,11,911,188,179,162,1237,1153,6,1213,1159,-14,0,0,,,,,,
2015,4,27,1,EV,4878,N676CA,DFW,DTW,925,921,-4,20,941,155,145,116,986,1237,9,1300,1246,-14,0,0,,,,,,
2015,4,14,2,AA,2363,N3LWAA,FLL,DFW,1200,1157,-3,24,1221,201,204,168,1119,1409,12,1421,1421,0,0,0,,,,,,
2015,8,9,7,AA,473,N658AW,SFO,PHX,1200,1157,-3,26,1223,123,127,94,651,1357,7,1403,1404,1,0,0,,,,,,
2015,12,13,7,VX,2,N836VA,DCA,SFO,1710,1816,66,12,1828,370,352,325,2442,2053,15,2020,2108,48,0,0,,48,0,0,0,0
2015,10,2,5,F9,406,N902FR,12892,11292,1430,1420,-10,11,1431,139,125,107,862,1718,7,1749,1725,-24,0,0,,,,,,
2015,5,31,7,WN,2518,N905WN,TPA,ATL,2000,2132,92,24,2156,95,100,68,406,2304,8,2135,2312,97,0,0,,5,0,0,7,85
2015,3,7,6,AA,2497,N4XHAA,TPA,DFW,1959,2133,94,14,2147,172,162,141,929,2308,7,2151,2315,84,0,0,,0,0,0,84,0
2015,8,10,1,UA,577,N853UA,IAH,EWR,1250,1245,-5,17,1302,234,221,178,1400,1700,26,1744,1726,-18,0,0,,,,,,
2015,3,4,3,AA,1383,N468AA,DFW,IAH,724,718,-6,11,729,66,86,48,224,817,27,830,844,14,0,0,,,,,,
2015,1,14,3,AA,2267,N3FPAA,ORD,DCA,1720,1715,-5,12,1727,104,109,83,612,1950,14,2004,2004,0,0,0,,,,,,
2015,11,23,1,EV,5110,N759EV,CHS,LGA,600,558,-2,10,608,116,96,81,641,729,5,756,734,-22,0,0,,,,,,
2015,6,6,6,WN,2089,N605SW,MCI,MCO,1155,1150,-5,15,1205,160,160,137,1072,1522,8,1535,1530,-5,0,0,,,,,,
2015,5,12,2,WN,1009,N480WN,DTW,MDW,930,930,0,7,937,65,67,46,228,923,14,935,937,2,0,0,,,,,,
2015,1,4,7,US,2191,N953UW,LGA,DCA,1800,1846,46,18,1904,80,96,74,214,2018,4,1920,2022,62,0,0,,16,0,0,41,5
2015,3,6,5,OO,7429,N446SW,SLC,PIH,1106,1103,-3,16,1119,51,51,31,150,1150,4,1157,1154,-3,0,0,,,,,,
2015,10,2,5,EV,3942,N12175,13930,14574,659,659,0,19,718,103,115,89,531,947,7,942,954,12,0,0,,,,,,
2015,1,18,7,WN,1465,N707SA,PIT,MCO,1210,1207,-3,9,1216,145,131,116,834,1412,6,1435,1418,-17,0,0,,,,,,
2015,9,12,6,B6,488,N806JB,LAX,BOS,1135,1139,4,8,1147,330,331,318,2611,2005,5,2005,2010,5,0,0,,,,,,
2015,7,6,1,EV,3813,N11536,EWR,BNA,1659,1659,0,24,1723,153,141,107,748,1810,10,1832,1820,-12,0,0,,,,,,
2015,6,29,1,WN,709,N391SW,BWI,BUF,2040,2058,18,16,2114,70,66,46,281,2200,4,2150,2204,14,0,0,,,,,,
2015,9,10,4,AA,150,N4YRAA,DFW,ELP,845,839,-6,10,849,102,92,77,551,906,5,927,911,-16,0,0,,,,,,
2015,6,8,1,DL,1472,N944DL,ATL,TPA,835,830,-5,17,847,85,77,55,406,942,5,1000,947,-13,0,0,,,,,,
2015,7,15,3,EV,2684,N905EV,DFW,GRK,2010,2015,5,8,2023,53,43,32,134,2055,3,2103,2058,-5,0,0,,,,,,
2015,7,24,5,DL,275,N541US,MCO,DTW,820,826,6,24,850,159,164,134,957,1104,6,1059,1110,11,0,0,,,,,,
2015,11,12,4,DL,1814,N549US,ATL,PNS,1459,1531,32,20,1551,77,73,50,271,1541,3,1516,1544,28,0,0,,0,0,7,21,0
2015,2,9,1,AA,2285,N3AYAA,MCO,JFK,1856,1904,8,46,1950,154,181,121,944,2151,14,2130,2205,35,0,0,,27,0,8,0,0
2015,3,29,7,WN,4302,N7751A,FLL,BWI,1235,1226,-9,13,1239,170,152,135,925,1454,4,1525,1458,-27,0,0,,,,,,
2015,2,8,7,B6,548,N337JB,TPA,HPN,1515,1507,-8,13,1520,158,162,145,1032,1745,4,1753,1749,-4,0,0,,,,,,
2015,8,20,4,WN,4252,N247WN,RNO,LAS,835,833,-2,15,848,75,67,48,345,936,4,950,940,-10,0,0,,,,,,
2015,12,11,5,MQ,3159,N644MQ,SJT,DFW,1820,1809,-11,7,1816,70,59,45,229,1901,7,1930,1908,-22,0,0,,,,,,
2015,10,2,5,AA,1978,N104UW,14635,11057,625,624,-1,17,641,114,106,82,600,803,7,819,810,-9,0,0,,,,,,
2015,8,5,3,HA,56,N399HA,OGG,LAX,2140,2153,13,10,2203,310,295,280,2486,543,5,550,548,-2,0,0,,,,,,
2015,9,15,2,EV,5076,N607LR,ATL,SGF,906,902,-4,7,909,110,94,84,563,933,3,956,936,-20,0,0,,,,,,
2015,10,1,4,EV,4095,N23139,12266,11042,722,717,-5,21,738,170,170,143,1091,1101,6,1112,1107,-5,0,0,,,,,,
2015,8,5,3,WN,650,N7720F,SNA,LAS,1845,1842,-3,10,1852,60,58,43,226,1935,5,1945,1940,-5,0,0,,,,,,
2015,6,26,5,EV,4877,N228PQ,MOB,ATL,725,721,-4,6,727,79,58,46,302,913,6,944,919,-25,0,0,,,,,,
2015,1,6,2,OO,3483,N223AG,SAN,BOI,1440,1457,17,11,1508,130,124,109,749,1757,4,1750,1801,11,0,0,,,,,,
2015,7,23,4,EV,4887,N135EV,ATL,GSP,1230,1224,-6,24,1248,55,58,31,153,1319,3,1325,1322,-3,0,0,,,,,,
2015,2,15,7,AA,1599,N3CGAA,MIA,LGA,1415,1414,-1,30,1444,173,199,166,1096,1730,3,1708,1733,25,0,0,,25,0,0,0,0
2015,11,29,7,EV,5582,N925EV,ATL,CRW,950,1042,52,11,1053,80,72,58,363,1151,3,1110,1154,44,0,0,,0,0,44,0,0
2015,12,28,1,EV,5107,N232PQ,ATL,AGS,1730,1758,28,19,1817,51,48,26,143,1843,3,1821,1846,25,0,0,,0,0,0,25,0
2015,8,6,4,DL,940,N926AT,MSP,ORD,2206,2209,3,25,2234,80,79,49,334,2323,5,2326,2328,2,0,0,,,,,,
2015,2,27,5,OO,5268,N472CA,COS,DEN,830,841,11,63,944,55,93,24,73,1008,6,925,1014,49,0,0,,38,0,11,0,0
2015,1,7,3,WN,891,N7814B,ABQ,DAL,600,559,-1,9,608,100,96,83,580,831,4,840,835,-5,0,0,,,,,,
2015,3,15,7,AA,1309,N466AA,TUS,DFW,1056,1046,-10,12,1058,129,144,121,813,1459,11,1505,1510,5,0,0,,,,,,
2015,7,11,6,B6,136,N579JB,PHX,JFK,2324,15,51,14,29,291,264,242,2153,731,8,715,739,24,0,0,,0,0,24,0,0
2015,8,7,5,DL,2309,N983DL,ATL,STL,810,811,1,20,831,94,99,73,484,844,6,844,850,6,0,0,,,,,,
2015,5,8,5,EV,2692,N876AS,SPS,DFW,1506,1535,29,6,1541,49,35,23,113,1604,6,1555,1610,15,0,0,,0,0,1,14,0
2015,1,31,6,AA,2200,N3BGAA,MIA,MCO,2349,2346,-3,13,2359,60,53,36,192,35,4,49,39,-10,0,0,,,,,,
2015,1,6,2,MQ,3553,N535MQ,XNA,LGA,1755,2000,125,8,2008,161,145,132,1147,2320,5,2136,2325,109,0,0,,11,0,0,98,0
2015,10,28,3,HA,15,N383HA,14679,12173,930,927,-3,23,950,360,373,315,2614,1205,35,1230,1240,10,0,0,,,,,,
2015,3,13,5,OO,6387,N983SW,SFO,PSP,2223,2221,-2,11,2232,84,80,60,421,2332,9,2347,2341,-6,0,0,,,,,,
2015,4,19,7,US,640,N557UW,ORD,PHX,1700,1707,7,17,1724,242,206,185,1440,1829,4,1902,1833,-29,0,0,,,,,,
2015,2,19,4,AA,287,N856AA,MIA,LAX,1405,1405,0,17,1422,358,360,333,2342,1655,10,1703,1705,2,0,0,,,,,,
2015,9,12,6,DL,723,N945DL,ATL,BUF,1041,1036,-5,17,1053,118,106,82,712,1215,7,1239,1222,-17,0,0,,,,,,
2015,1,8,4,B6,160,N258JB,PHL,BOS,1015,1005,-10,18,1023,83,76,54,280,1117,4,1138,1121,-17,0,0,,,,,,
2015,6,28,7,B6,552,N708JB,SJU,TPA,2017,2031,14,18,2049,175,180,155,1237,2324,7,2312,2331,19,0,0,,5,0,9,5,0
2015,9,22,2,WN,3088,N725SW,SJC,ONT,1345,1343,-2,13,1356,65,69,51,333,1447,5,1450,1452,2,0,0,,,,,,
2015,1,28,3,UA,273,N828UA,ROC,ORD,750,757,7,14,811,125,97,74,528,825,9,855,834,-21,0,0,,,,,,
2015,7,9,4,EV,6125,N15910,RAP,ORD,620,612,-8,14,626,135,134,109,779,915,11,935,926,-9,0,0,,,,,,
2015,12,25,5,EV,4315,N16987,ORD,RDU,745,748,3,13,801,120,109,90,646,1031,6,1045,1037,-8,0,0,,,,,,
2015,7,17,5,DL,524,N697DL,LAS,ATL,1507,1503,-4,15,1518,242,228,203,1747,2141,10,2209,2151,-18,0,0,,,,,,
2015,3,11,3,WN,1812,N386SW,JAX,BWI,1900,1911,11,10,1921,110,103,89,663,2050,4,2050,2054,4,0,0,,,,,,
2015,12,2,3,AA,1996,N586UW,CLT,PVD,2025,2029,4,28,2057,113,114,79,683,2216,7,2218,2223,5,0,0,,,,,,
2015,3,28,6,WN,1593,N927WN,BUR,OAK,710,705,-5,8,713,75,67,51,325,804,8,825,812,-13,0,0,,,,,,
2015,6,2,2,VX,885,N522VA,DAL,LAX,1950,2007,17,7,2014,200,186,171,1246,2105,8,2110,2113,3,0,0,,,,,,
2015,10,12,1,UA,1999,N38473,14100,13930,645,642,-3,13,655,134,119,102,678,737,4,759,741,-18,0,0,,,,,,
2015,2,23,1,B6,2302,N348JB,JFK,BUF,1630,1625,-5,30,1655,89,99,65,301,1800,4,1759,1804,5,0,0,,,,,,
2015,1,28,3,WN,2053,N384SW,STL,BWI,1340,1338,-2,11,1349,115,116,102,738,1631,3,1635,1634,-1,0,0,,,,,,
2015,3,15,7,WN,4366,N408WN,PHX,AUS,1920,1952,32,10,2002,125,131,116,872,2358,5,2325,3,38,0,0,,6,0,32,0,0
2015,5,15,5,UA,1179,N36272,IAH,MSY,2110,2130,20,11,2141,70,87,44,305,2225,32,2220,2257,37,0,0,,17,0,8,12,0
2015,2,16,1,WN,1337,N476WN,LAX,SMF,1120,1127,7,11,1138,80,72,57,373,1235,4,1240,1239,-1,0,0,,,,,,
2015,1,18,7,MQ,2964,N614MQ,DFW,GRI,2005,2003,-2,12,2015,107,108,90,561,2145,6,2152,2151,-1,0,0,,,,,,
2015,9,5,6,DL,715,N375NC,LGA,MSP,1130,1124,-6,17,1141,192,150,131,1020,1252,2,1342,1254,-48,0,0,,,,,,
2015,5,12,2,AS,389,N307AS,SFO,PDX,700,656,-4,19,715,100,102,79,550,834,4,840,838,-2,0,0,,,,,,
2015,12,19,6,B6,1182,N231JB,RIC,BOS,1632,1718,46,9,1727,92,83,67,474,1834,7,1804,1841,37,0,0,,0,0,21,16,0
2015,1,2,5,WN,128,N559WN,MSP,ATL,605,601,-4,12,613,150,138,118,907,911,8,935,919,-16,0,0,,,,,,
2015,12,21,1,OO,5697,N116SY,ORD,MSY,1402,1407,5,29,1436,151,163,130,837,1646,4,1633,1650,17,0,0,,12,5,0,0,0
2015,8,9,7,WN,1405,N746SW,PHX,SNA,1005,1004,-1,10,1014,80,82,54,338,1108,18,1125,1126,1,0,0,,,,,,
2015,5,8,5,VX,769,N527VA,LGA,DAL,1830,1844,14,16,1900,240,218,196,1381,2116,6,2130,2122,-8,0,0,,,,,,
2015,7,13,1,WN,4164,N265WN,LAX,DAL,1720,,,,,180,,,1246,,,2220,,,0,1,A,,,,,
2015,5,23,6,WN,3582,N425LV,OMA,PHX,900,857,-3,8,905,180,161,147,1037,932,6,1000,938,-22,0,0,,,,,,
2015,3,4,3,WN,4304,N654SW,MCI,LAX,845,857,12,8,905,225,221,206,1363,1031,7,1030,1038,8,0,0,,,,,,
2015,4,9,4,US,1894,N831AW,MCO,DCA,830,841,11,17,858,127,147,122,759,1100,8,1037,1108,31,0,0,,20,0,11,0,0
2015,10,14,3,EV,4174,N11539,13930,11721,732,724,-8,12,736,64,59,39,223,915,8,936,923,-13,0,0,,,,,,
2015,11,9,1,WN,2419,N922WN,PHX,ONT,1200,1159,-1,8,1207,80,68,56,325,1203,4,1220,1207,-13,0,0,,,,,,
2015,4,1,3,EV,4246,N11109,EWR,DTW,715,708,-7,18,726,121,119,87,488,853,14,916,907,-9,0,0,,,,,,
2015,4,26,7,EV,2569,N904EV,OKC,DFW,1432,1428,-4,12,1440,60,54,36,175,1516,6,1532,1522,-10,0,0,,,,,,
2015,10,13,2,AA,1881,N189UW,14100,14107,1810,1815,5,31,1846,320,296,259,2075,2005,6,2030,2011,-19,0,0,,,,,,
2015,4,17,5,AA,194,N3GBAA,BWI,MIA,1720,1729,9,11,1740,165,142,127,946,1947,4,2005,1951,-14,0,0,,,,,,
2015,4,3,5,AS,588,N797AS,PDX,PSP,1655,1642,-13,11,1653,136,139,125,873,1858,3,1911,1901,-10,0,0,,,,,,
2015,9,10,4,DL,1971,N307DQ,ATL,CHS,1755,1756,1,24,1820,75,80,52,259,1912,4,1910,1916,6,0,0,,,,,,
2015,5,14,4,US,889,N186US,MCO,PHX,2100,2051,-9,12,2103,277,269,251,1849,2214,6,2237,2220,-17,0,0,,,,,,
2015,9,15,2,WN,261,N7734H,ONT,DEN,550,550,0,10,600,135,119,103,819,843,6,905,849,-16,0,0,,,,,,
2015,7,11,6,UA,833,N423UA,BOI,DEN,600,618,18,12,630,112,102,85,649,755,5,752,800,8,0,0,,,,,,
2015,10,29,4,WN,2291,N447WN,15304,13232,1835,1836,1,8,1844,165,149,136,997,2000,5,2020,2005,-15,0,0,,,,,,
2015,4,16,4,B6,883,N586JB,JFK,MCO,2002,1959,-3,42,2041,183,192,136,944,2257,14,2305,2311,6,0,0,,,,,,
2015,12,7,1,WN,3087,N8311Q,ATL,BWI,1140,1134,-6,15,1149,105,98,76,577,1305,7,1325,1312,-13,0,0,,,,,,
2015,12,21,1,AA,871,N750UW,PHL,TPA,1530,1526,-4,15,1541,162,157,138,920,1759,4,1812,1803,-9,0,0,,,,,,
2015,12,21,1,NK,217,N641NK,IAH,LAX,610,611,1,16,627,215,224,201,1379,748,7,745,755,10,0,0,,,,,,
2015,6,7,7,WN,2342,N8653A,PDX,LAS,635,628,-7,12,640,140,125,107,763,827,6,855,833,-22,0,0,,,,,,
2015,1,21,3,EV,5570,N195PQ,BTR,ATL,1459,1458,-1,10,1508,86,76,62,448,1710,4,1725,1714,-11,0,0,,,,,,
2015,6,26,5,DL,1790,N828DN,SAT,ATL,1303,1302,-1,17,1319,149,141,118,874,1617,6,1632,1623,-9,0,0,,,,,,
2015,4,18,6,AS,120,N708AS,ANC,SEA,1035,1028,-7,10,1038,198,202,184,1448,1442,8,1453,1450,-3,0,0,,,,,,
2015,2,3,2,DL,1724,N996DL,ATL,BDL,1515,1519,4,14,1533,138,128,109,859,1722,5,1733,1727,-6,0,0,,,,,,
2015,3,15,7,WN,610,N748SW,BWI,PVD,1955,2005,10,14,2019,70,71,54,327,2113,3,2105,2116,11,0,0,,,,,,
2015,10,6,2,WN,2377,N411WN,14831,14057,1745,1743,-2,6,1749,100,93,84,569,1913,3,1925,1916,-9,0,0,,,,,,
2015,10,13,2,WN,2877,N635SW,13204,14100,830,829,-1,14,843,145,142,124,861,1047,4,1055,1051,-4,0,0,,,,,,
2015,6,17,3,DL,1732,N921AT,ATL,CLE,1405,1402,-3,14,1416,113,100,80,554,1536,6,1558,1542,-16,0,0,,,,,,
2015,8,30,7,EV,4896,N200PQ,ATL,HOU,1050,1047,-3,17,1104,129,118,100,696,1144,1,1159,1145,-14,0,0,,,,,,
2015,9,21,1,UA,1682,N37253,MSY,EWR,1531,1526,-5,8,1534,184,147,133,1167,1847,6,1935,1853,-42,0,0,,,,,,
2015,7,7,2,AA,583,N167US,PHL,SMF,1745,1805,20,35,1840,358,348,308,2458,2048,5,2043,2053,10,0,0,,,,,,
2015,9,20,7,AA,226,N4XSAA,DFW,MCI,1510,1517,7,19,1536,97,112,88,460,1704,5,1647,1709,22,0,0,,15,0,0,7,0
2015,9,30,3,WN,1719,N455WN,HOU,TUL,855,903,8,15,918,85,86,67,453,1025,4,1020,1029,9,0,0,,,,,,
2015,11,4,3,OO,5644,N132SY,ORD,MSP,1557,1600,3,23,1623,97,91,63,334,1726,5,1734,1731,-3,0,0,,,,,,
2015,11,19,4,WN,1558,N961WN,BWI,RDU,2020,2016,-4,29,2045,70,75,44,255,2129,2,2130,2131,1,0,0,,,,,,
2015,2,2,1,DL,1438,N947DN,ATL,DCA,2145,2147,2,12,2159,99,93,76,547,2315,5,2324,2320,-4,0,0,,,,,,
2015,2,6,5,AA,2485,N4YLAA,PSP,ORD,1250,1243,-7,20,1303,235,235,202,1652,1825,13,1845,1838,-7,0,0,,,,,,
2015,10,25,7,HA,257,N480HA,12758,12173,1424,1421,-3,8,1429,46,58,40,163,1509,10,1510,1519,9,0,0,,,,,,
2015,6,1,1,EV,2616,N667GB,DFW,BRO,850,900,10,23,923,100,95,67,482,1030,5,1030,1035,5,0,0,,,,,,
2015,12,19,6,DL,2089,N358NB,MSP,SNA,1113,1111,-2,10,1121,240,235,221,1522,1302,4,1313,1306,-7,0,0,,,,,,
2015,7,12,7,AA,746,N191UW,MCO,CLT,1720,1721,1,21,1742,113,103,74,468,1856,8,1913,1904,-9,0,0,,,,,,
2015,3,22,7,UA,283,N446UA,ORD,IND,2040,2129,49,24,2153,67,61,31,177,2324,6,2247,2330,43,0,0,,0,0,43,0,0
2015,5,5,2,MQ,3010,N621MQ,BMI,ORD,650,641,-9,51,732,51,91,34,116,806,6,741,812,31,0,0,,31,0,0,0,0
2015,11,27,5,DL,1128,N840DN,PHX,ATL,630,628,-2,14,642,207,195,171,1587,1133,10,1157,1143,-14,0,0,,,,,,
2015,1,25,7,AS,21,N307AS,ORD,SEA,1930,1926,-4,23,1949,280,274,245,1721,2154,6,2210,2200,-10,0,0,,,,,,
2015,9,15,2,DL,651,N964DN,LGA,ATL,1159,1153,-6,51,1244,167,160,104,762,1428,5,1446,1433,-13,0,0,,,,,,
2015,8,13,4,AS,174,N644AS,KTN,SEA,1615,1555,-20,6,1601,110,108,96,680,1837,6,1905,1843,-22,0,0,,,,,,
2015,10,3,6,MQ,3085,N638MQ,11298,14783,845,844,-1,31,915,81,88,52,364,1007,5,1006,1012,6,0,0,,,,,,
2015,9,14,1,DL,1066,N940DL,ATL,BNA,955,1012,17,13,1025,69,58,39,214,1004,6,1004,1010,6,0,0,,,,,,
2015,10,15,4,AS,878,N562AS,13830,14747,2250,2242,-8,11,2253,335,327,308,2640,701,8,725,709,-16,0,0,,,,,,
2015,10,22,4,WN,516,N420WN,14107,14492,1045,1044,-1,13,1057,255,245,228,1891,1745,4,1800,1749,-11,0,0,,,,,,
2015,10,12,1,DL,81,N727TW,10397,12892,1725,1722,-3,18,1740,304,273,240,1947,1840,15,1929,1855,-34,0,0,,,,,,
2015,4,28,2,EV,4747,N15980,IAH,CLL,2118,2115,-3,14,2129,47,40,22,74,2151,4,2205,2155,-10,0,0,,,,,,
2015,11,15,7,AA,1673,N566AA,MSP,DFW,1150,1141,-9,14,1155,165,149,120,852,1355,15,1435,1410,-25,0,0,,,,,,
2015,3,8,7,DL,1270,N993DL,PNS,ATL,1438,1433,-5,11,1444,77,73,42,271,1626,20,1655,1646,-9,0,0,,,,,,
2015,6,4,4,MQ,3369,N843MQ,ORD,RST,2030,2024,-6,32,2056,83,75,40,268,2136,3,2153,2139,-14,0,0,,,,,,
2015,12,20,7,WN,505,N204WN,AUS,ATL,1855,1857,2,9,1906,125,129,92,813,2138,28,2200,2206,6,0,0,,,,,,
2015,1,19,1,UA,1231,N12225,HNL,LAX,628,640,12,19,659,339,320,295,2556,1354,6,1407,1400,-7,0,0,,,,,,
2015,3,5,4,WN,1071,N449WN,LAS,DAL,1535,1531,-4,17,1548,155,150,127,1067,1955,6,2010,2001,-9,0,0,,,,,,
2015,4,4,6,AA,1211,N3HDAA,DFW,BOS,705,700,-5,15,715,221,187,168,1562,1103,4,1146,1107,-39,0,0,,,,,,
2015,1,19,1,AA,1497,N482AA,BNA,DFW,1807,1823,16,9,1832,128,113,94,631,2006,10,2015,2016,1,0,0,,,,,,
2015,5,1,5,OO,2768,N468CA,PHX,SBP,2003,2000,-3,28,2028,103,109,77,509,2145,4,2146,2149,3,0,0,,,,,,
2015,7,5,7,B6,465,N503JB,BOS,RSW,1155,1153,-2,18,1211,205,193,170,1249,1501,5,1520,1506,-14,0,0,,,,,,
2015,9,20,7,HA,207,N491HA,KOA,HNL,1051,1044,-7,7,1051,44,44,29,163,1120,8,1135,1128,-7,0,0,,,,,,
2015,10,17,6,UA,1117,N61887,14771,11042,1417,1412,-5,16,1428,284,263,242,2161,2130,5,2201,2135,-26,0,0,,,,,,
2015,11,1,7,UA,1109,N490UA,LGA,IAH,1816,1811,-5,22,1833,254,238,211,1416,2104,5,2130,2109,-21,0,0,,,,,,
2015,11,2,1,AA,1718,N766US,MCO,DCA,820,816,-4,16,832,126,119,98,759,1010,5,1026,1015,-11,0,0,,,,,,
2015,1,17,6,WN,4360,N791SW,SNA,LAS,1340,1340,0,7,1347,65,55,40,226,1427,8,1445,1435,-10,0,0,,,,,,
2015,6,9,2,DL,2580,N585NW,ATL,SEA,2155,112,197,16,128,320,292,270,2182,258,6,15,304,169,0,0,,0,0,0,0,169
2015,3,8,7,US,629,N155UW,BOS,PHX,1618,1621,3,16,1637,357,373,351,2300,1928,6,1915,1934,19,0,0,,16,0,3,0,0
2015,3,24,2,US,1822,N758US,PHL,PBI,1005,1000,-5,39,1039,180,173,130,951,1249,4,1305,1253,-12,0,0,,,,,,
2015,3,5,4,EV,5273,N713EV,DTW,IAH,2046,2044,-2,13,2057,190,190,172,1075,2249,5,2256,2254,-2,0,0,,,,,,
2015,5,25,1,WN,248,N601WN,HOU,STL,835,831,-4,6,837,115,97,87,687,1004,4,1030,1008,-22,0,0,,,,,,
2015,7,21,2,OO,7416,N953SW,RHI,MSP,1546,1545,-1,17,1602,53,59,37,190,1639,5,1639,1644,5,0,0,,,,,,
2015,5,11,1,UA,570,N848UA,IAH,SFO,1125,1159,34,39,1238,260,272,230,1635,1428,3,1345,1431,46,0,0,,12,0,0,0,34
2015,3,22,7,DL,1266,N913DL,BUF,ATL,600,556,-4,12,608,137,123,104,712,752,7,817,759,-18,0,0,,,,,,
2015,10,27,2,WN,511,N283WN,11057,10821,1915,1923,8,16,1939,95,98,75,361,2054,7,2050,2101,11,0,0,,,,,,
2015,12,10,4,OO,4718,N461SW,DTW,CID,1521,1516,-5,13,1529,104,91,72,430,1541,6,1605,1547,-18,0,0,,,,,,
2015,7,5,7,WN,2485,N635SW,BWI,CLE,1355,1401,6,16,1417,75,68,46,314,1503,6,1510,1509,-1,0,0,,,,,,
2015,11,17,2,AA,315,N5DVAA,DFW,SAT,1225,1230,5,19,1249,74,71,46,247,1335,6,1339,1341,2,0,0,,,,,,
2015,4,25,6,F9,403,N949FR,DEN,LAX,746,745,-1,12,757,149,153,129,862,906,12,915,918,3,0,0,,,,,,
2015,7,11,6,DL,706,N608AT,LAX,LAS,1500,1500,0,18,1518,72,62,39,236,1557,5,1612,1602,-10,0,0,,,,,,
2015,7,5,7,EV,5909,N16170,ORD,LAN,2058,2141,43,14,2155,58,49,31,179,2326,4,2256,2330,34,0,0,,0,0,18,16,0
2015,2,10,2,VX,334,N843VA,SFO,LAX,805,759,-6,21,820,80,83,55,337,915,7,925,922,-3,0,0,,,,,,
2015,8,13,4,UA,1039,N68805,EWR,LAX,2129,2209,40,12,2221,352,326,292,2454,13,22,21,35,14,0,0,,,,,,
2015,10,19,1,OO,5239,N712SK,13930,14100,1913,1908,-5,31,1939,121,133,96,678,2215,6,2214,2221,7,0,0,,,,,,
2015,11,19,4,WN,15,N915WN,DAL,HOU,1000,958,-2,9,1007,65,56,43,239,1050,4,1105,1054,-11,0,0,,,,,,
2015,10,8,4,NK,326,N628NK,12892,12266,1605,1600,-5,10,1610,190,211,188,1379,2118,13,2115,2131,16,0,0,,16,0,0,0,0
2015,5,3,7,DL,1082,N365NW,SLC,OAK,955,948,-7,19,1007,125,116,93,588,1040,4,1100,1044,-16,0,0,,,,,,
2015,10,15,4,WN,2191,N786SW,15016,13232,1400,1401,1,11,1412,60,61,45,251,1457,5,1500,1502,2,0,0,,,,,,
2015,11,24,2,DL,2493,N903DA,ATL,GSP,2310,2321,11,15,2336,53,55,31,153,7,9,3,16,13,0,0,,,,,,
2015,12,20,7,WN,1989,N768SW,ATL,SAT,2040,2038,-2,9,2047,160,152,140,874,2207,3,2220,2210,-10,0,0,,,,,,
2015,12,25,5,WN,4008,N7819A,OAK,PHX,930,933,3,9,942,110,102,84,646,1206,9,1220,1215,-5,0,0,,,,,,
2015,7,15,3,UA,643,N810UA,PIT,ORD,720,822,62,16,838,94,81,60,413,838,5,754,843,49,0,0,,0,0,49,0,0
2015,6,4,4,AA,311,N3CMAA,LAS,MIA,2220,2217,-3,10,2227,282,264,245,2174,532,9,602,541,-21,0,0,,,,,,
2015,4,15,3,NK,230,N516NK,FLL,ATL,2145,2142,-3,9,2151,109,101,86,581,2317,6,2334,2323,-11,0,0,,,,,,
2015,6,22,1,DL,1764,N906DA,MSP,DCA,1032,1127,55,26,1153,149,150,119,931,1452,5,1401,1457,56,0,0,,1,0,55,0,0
2015,6,16,2,AA,1480,N3ARAA,MIA,BWI,705,659,-6,9,708,155,138,124,946,912,5,940,917,-23,0,0,,,,,,
2015,5,17,7,AA,2356,N3ENAA,ORD,SFO,1030,1047,17,38,1125,284,299,254,1846,1339,7,1314,1346,32,0,0,,32,0,0,0,0
2015,10,15,4,AA,1509,N3JAAA,10721,13303,1105,1100,-5,19,1119,213,202,175,1258,1414,8,1438,1422,-16,0,0,,,,,,
2015,12,7,1,UA,1659,N455UA,MSP,ORD,1227,1221,-6,10,1231,93,102,61,334,1332,31,1400,1403,3,0,0,,,,,,
2015,4,13,1,WN,4554,N8637A,ISP,FLL,710,705,-5,10,715,180,176,156,1092,951,10,1010,1001,-9,0,0,,,,,,
2015,2,25,3,DL,2210,N750AT,SEA,HNL,805,801,-4,15,816,373,352,333,2677,1149,4,1218,1153,-25,0,0,,,,,,
2015,12,27,7,WN,3018,N423WN,PHX,LAS,1715,1714,-1,6,1720,65,53,43,255,1703,4,1720,1707,-13,0,0,,,,,,
2015,9,30,3,EV,5020,N730EV,RIC,BOS,1215,1210,-5,18,1228,96,106,79,474,1347,9,1351,1356,5,0,0,,,,,,
2015,12,24,4,OO,6220,N910SW,SFO,RNO,2325,2317,-8,23,2340,66,65,35,192,15,7,31,22,-9,0,0,,,,,,
2015,1,10,6,MQ,2971,N604MQ,ORD,MLI,1900,1900,0,62,2002,48,99,30,139,2032,7,1948,2039,51,0,0,,51,0,0,0,0
2015,1,21,3,DL,1633,N934AT,HOU,ATL,1008,959,-9,19,1018,116,124,94,696,1252,11,1304,1303,-1,0,0,,,,,,
2015,4,12,7,UA,1684,N68821,DEN,SAN,1907,1912,5,11,1923,145,129,114,853,2017,4,2032,2021,-11,0,0,,,,,,
2015,8,13,4,DL,2179,N351NW,SLC,SMF,2155,2149,-6,15,2204,101,99,76,532,2220,8,2236,2228,-8,0,0,,,,,,
2015,1,7,3,EV,5370,N980EV,ABE,DTW,600,554,-6,22,616,116,123,91,425,747,10,756,757,1,0,0,,,,,,
2015,3,5,4,AA,1599,N3GAAA,MIA,LGA,1415,,,,,173,,,1096,,,1708,,,0,1,B,,,,,
2015,12,30,3,B6,2080,N351JB,FLL,DCA,2059,2057,-2,13,2110,139,128,112,899,2302,3,2318,2305,-13,0,0,,,,,,
2015,10,4,7,WN,253,N941WN,15304,11697,1125,1126,1,7,1133,60,53,41,197,1214,5,1225,1219,-6,0,0,,,,,,
2015,12,16,3,WN,1275,N658SW,SFO,SAN,1240,1239,-1,6,1245,90,78,68,447,1353,4,1410,1357,-13,0,0,,,,,,
2015,10,27,2,AA,1564,N3MNAA,11298,11618,1710,1705,-5,15,1720,210,187,165,1372,2105,7,2140,2112,-28,0,0,,,,,,
2015,5,16,6,DL,2072,N934DN,GEG,MSP,720,720,0,33,753,171,192,155,1175,1228,4,1211,1232,21,0,0,,21,0,0,0,0
2015,3,14,6,WN,2027,N736SA,BOI,OAK,935,930,-5,8,938,105,96,83,511,1001,5,1020,1006,-14,0,0,,,,,,
2015,4,10,5,US,2032,N749US,CLT,JAX,1559,1651,52,11,1702,72,69,53,328,1755,5,1711,1800,49,0,0,,0,0,13,36,0
2015,6,23,2,WN,3850,N945WN,TPA,ATL,1515,1539,24,10,1549,90,93,69,406,1658,14,1645,1712,27,0,0,,3,0,24,0,0
2015,9,14,1,AA,2511,N4YPAA,DFW,ABQ,1250,1244,-6,15,1259,109,100,80,569,1319,5,1339,1324,-15,0,0,,,,,,
2015,6,23,2,NK,382,N507NK,DEN,MSP,1643,1706,23,11,1717,115,98,82,680,1939,5,1938,1944,6,0,0,,,,,,
2015,2,18,3,DL,2185,N998DL,FLL,JFK,800,749,-11,14,803,164,149,123,1069,1006,12,1044,1018,-26,0,0,,,,,,
2015,11,21,6,WN,1007,N966WN,BUR,LAS,1710,1709,-1,12,1721,60,56,37,223,1758,7,1810,1805,-5,0,0,,,,,,
2015,4,27,1,NK,714,N618NK,MYR,PHL,950,1024,34,6,1030,93,87,73,473,1143,8,1123,1151,28,0,0,,0,0,0,28,0
2015,7,12,7,AA,2339,N501AA,ORD,DFW,1531,1523,-8,20,1543,154,135,104,802,1727,11,1805,1738,-27,0,0,,,,,,
2015,12,4,5,DL,2537,N960AT,ATL,EWR,1505,1507,2,14,1521,136,113,93,746,1654,6,1721,1700,-21,0,0,,,,,,
2015,11,5,4,DL,784,N590NW,ATL,MSP,835,835,0,28,903,161,157,123,907,1006,6,1016,1012,-4,0,0,,,,,,
2015,9,30,3,MQ,3233,N681MQ,MIA,JAX,700,652,-8,8,700,80,67,53,335,753,6,820,759,-21,0,0,,,,,,
2015,8,2,7,DL,1776,N310NW,MSO,MSP,1435,1430,-5,11,1441,149,139,125,1013,1746,3,1804,1749,-15,0,0,,,,,,
2015,3,9,1,EV,3937,N11526,IAH,MLU,910,903,-7,11,914,63,57,40,262,954,6,1013,1000,-13,0,0,,,,,,
2015,12,4,5,WN,2700,N697SW,LAX,SJC,1515,1523,8,7,1530,65,66,56,308,1626,3,1620,1629,9,0,0,,,,,,
2015,10,4,7,WN,50,N227WN,13232,12191,1515,1512,-3,13,1525,160,151,125,937,1730,13,1755,1743,-12,0,0,,,,,,
2015,10,28,3,WN,2298,N8619F,12889,13232,1200,1200,0,13,1213,215,194,176,1521,1709,5,1735,1714,-21,0,0,,,,,,
2015,9,16,3,UA,465,N851UA,DEN,BIL,2000,1957,-3,13,2010,93,79,64,455,2114,2,2133,2116,-17,0,0,,,,,,
2015,1,15,4,WN,4525,N411WN,OAK,SNA,1205,1205,0,9,1214,80,76,62,371,1316,5,1325,1321,-4,0,0,,,,,,
2015,8,17,1,WN,534,N247WN,CHS,BWI,735,734,-1,10,744,100,87,68,472,852,9,915,901,-14,0,0,,,,,,
2015,7,1,3,NK,646,N640NK,TPA,DTW,1946,2011,25,13,2024,152,153,130,983,2234,10,2218,2244,26,0,0,,1,0,2,23,0
2015,8,31,1,WN,847,N610WN,BWI,CMH,1730,1723,-7,8,1731,80,64,51,337,1822,5,1850,1827,-23,0,0,,,,,,
2015,3,2,1,MQ,3267,N853MQ,GRK,DFW,1436,1514,38,8,1522,49,40,28,134,1550,4,1525,1554,29,0,0,,0,0,5,24,0
2015,5,4,1,WN,9,N525SW,ELP,DAL,545,547,2,11,558,95,95,80,562,818,4,820,822,2,0,0,,,,,,
2015,3,10,2,AS,699,N309AS,GEG,SEA,600,550,-10,22,612,65,81,46,224,658,13,705,711,6,0,0,,,,,,
2015,2,25,3,WN,142,N635SW,SAN,SMF,915,910,-5,8,918,90,87,76,480,1034,3,1045,1037,-8,0,0,,,,,,
2015,9,5,6,WN,1099,N565WN,MDW,PHX,1055,1109,14,7,1116,225,208,196,1444,1232,5,1240,1237,-3,0,0,,,,,,
2015,1,30,5,WN,870,N947WN,ABQ,PHX,1850,1945,55,17,2002,75,94,69,328,2111,8,2005,2119,74,0,0,,66,0,0,8,0
2015,3,25,3,NK,350,N626NK,ACY,BOS,1835,1844,9,9,1853,70,75,57,274,1950,9,1945,1959,14,0,0,,,,,,
2015,6,7,7,AA,2341,N3FYAA,PDX,ORD,700,655,-5,11,706,240,238,214,1739,1240,13,1300,1253,-7,0,0,,,,,,
2015,2,12,4,UA,223,N476UA,MIA,IAH,1808,1900,52,15,1915,178,176,158,964,2053,3,2006,2056,50,0,0,,0,0,11,39,0
2015,12,25,5,MQ,3231,N600MQ,GRR,ORD,610,602,-8,12,614,67,51,34,137,548,5,617,553,-24,0,0,,,,,,
2015,11,29,7,MQ,3387,N688MQ,GSP,DFW,1111,1107,-4,9,1116,179,166,145,862,1241,12,1310,1253,-17,0,0,,,,,,
2015,11,3,2,EV,4947,N849AS,ABE,DTW,613,603,-10,13,616,107,97,78,425,734,6,800,740,-20,0,0,,,,,,
2015,7,23,4,MQ,3541,N650MQ,DFW,AMA,1852,1846,-6,17,1903,82,72,51,312,1954,4,2014,1958,-16,0,0,,,,,,
2015,8,18,2,NK,912,N639NK,MCO,ORD,1717,1710,-7,25,1735,183,173,140,1005,1855,8,1920,1903,-17,0,0,,,,,,
2015,9,22,2,AA,2340,N3KYAA,DFW,DCA,1325,1328,3,10,1338,182,167,152,1192,1710,5,1727,1715,-12,0,0,,,,,,
2015,3,6,5,WN,627,N7751A,BUR,LAS,1720,1719,-1,5,1724,60,63,45,223,1809,13,1820,1822,2,0,0,,,,,,
2015,9,28,1,F9,1001,N220FR,PHL,MIA,1035,1108,33,14,1122,175,150,132,1013,1334,4,1330,1338,8,0,0,,,,,,
2015,9,18,5,B6,315,N304JB,SYR,JFK,1101,1052,-9,11,1103,67,65,51,209,1154,3,1208,1157,-11,0,0,,,,,,
2015,2,18,3,WN,1046,N277WN,PHX,SLC,935,943,8,14,957,100,90,73,507,1110,3,1115,1113,-2,0,0,,,,,,
2015,4,13,1,OO,5412,N946SW,ORD,MKE,1732,1835,63,23,1858,50,48,18,67,1916,7,1822,1923,61,0,0,,0,0,0,61,0
2015,1,7,3,WN,544,N8614M,LAS,PHX,1550,1616,26,13,1629,70,67,48,255,1817,6,1800,1823,23,0,0,,0,0,23,0,0
2015,10,6,2,EV,2774,N904EV,11298,11778,845,846,1,31,917,64,74,40,227,957,3,949,1000,11,0,0,,,,,,
2015,4,20,1,HA,216,N490HA,HNL,OGG,1411,1405,-6,21,1426,39,55,23,100,1449,11,1450,1500,10,0,0,,,,,,
2015,12,8,2,WN,1797,N715SW,LAX,MCI,1905,1902,-3,7,1909,185,181,170,1363,2359,4,10,3,-7,0,0,,,,,,
2015,4,28,2,NK,300,N633NK,MYR,LGA,903,901,-2,11,912,117,124,87,563,1039,26,1100,1105,5,0,0,,,,,,
2015,7,20,1,UA,401,N833UA,LAS,IAH,1143,1142,-1,21,1203,190,184,156,1222,1639,7,1653,1646,-7,0,0,,,,,,
2015,12,9,3,OO,5271,N143SY,SFO,LAS,700,651,-9,23,714,102,96,64,414,818,9,842,827,-15,0,0,,,,,,
2015,2,20,5,DL,2195,N371NB,MLB,ATL,1738,1734,-4,20,1754,102,103,72,442,1906,11,1920,1917,-3,0,0,,,,,,
2015,7,7,2,AA,1295,N4WLAA,DFW,ORD,1725,1720,-5,20,1740,153,147,114,802,1934,13,1958,1947,-11,0,0,,,,,,
2015,6,5,5,US,2121,N965UW,LGA,BOS,900,857,-3,44,941,78,83,33,184,1014,6,1018,1020,2,0,0,,,,,,
2015,2,15,7,UA,1671,N76502,ORD,BZN,952,1052,60,30,1122,207,207,170,1186,1312,7,1219,1319,60,0,0,,0,0,1,59,0
2015,6,24,3,WN,1728,N931WN,SFO,LAS,855,851,-4,7,858,95,79,67,414,1005,5,1030,1010,-20,0,0,,,,,,
2015,4,1,3,WN,3385,N394SW,MCI,ATL,1645,1649,4,8,1657,115,112,93,692,1930,11,1940,1941,1,0,0,,,,,,
2015,6,24,3,DL,1482,N6713Y,RDU,ATL,715,715,0,26,741,94,87,54,356,835,7,849,842,-7,0,0,,,,,,
2015,10,30,5,DL,2255,N977DL,10397,11252,1602,1607,5,9,1616,83,67,53,366,1709,5,1725,1714,-11,0,0,,,,,,
2015,10,18,7,DL,566,N953DN,10397,13303,735,735,0,9,744,112,93,80,594,904,4,927,908,-19,0,0,,,,,,
2015,6,18,4,EV,5177,N133EV,ATL,HSV,1345,1341,-4,15,1356,52,48,29,151,1325,4,1337,1329,-8,0,0,,,,,,
2015,8,12,3,AA,1897,N156UW,CLT,ATL,2230,2228,-2,18,2246,71,61,37,226,2323,6,2341,2329,-12,0,0,,,,,,
2015,11,30,1,DL,2340,N389DA,LAX,MSY,915,927,12,30,957,221,,,1670,1636,5,1456,1641,,1,0,,,,,,
2015,9,24,4,WN,347,N8607M,LGA,DAL,1215,1210,-5,46,1256,240,234,178,1381,1454,10,1515,1504,-11,0,0,,,,,,
2015,6,9,2,WN,2959,N904WN,DEN,SFO,1750,1808,18,10,1818,155,143,128,967,1926,5,1925,1931,6,0,0,,,,,,
2015,8,8,6,UA,1297,N77258,IAH,SJU,1030,1034,4,13,1047,267,276,257,2007,1604,6,1557,1610,13,0,0,,,,,,
2015,4,17,5,OO,5649,N903SW,FAT,DEN,1318,,,,,141,,,844,,,1639,,,0,1,B,,,,,
2015,11,20,5,WN,107,N704SW,IAD,DEN,1550,1555,5,11,1606,250,261,240,1452,1806,10,1800,1816,16,0,0,,16,0,0,0,0
2015,4,6,1,OO,5606,N929EV,SDF,ORD,1405,1350,-15,9,1359,93,67,53,287,1352,5,1438,1357,-41,0,0,,,,,,
2015,5,20,3,WN,1011,N641SW,RDU,ATL,1810,1813,3,31,1844,85,96,60,356,1944,5,1935,1949,14,0,0,,,,,,
2015,4,5,7,EV,4374,N29917,EWR,ROC,2159,2152,-7,17,2209,78,70,48,246,2257,5,2317,2302,-15,0,0,,,,,,
2015,11,27,5,EV,2816,N676AE,DFW,LAW,1355,,,,,53,,,140,,,1448,,,0,1,A,,,,,
2015,2,24,2,WN,285,N8305E,MCI,PHX,740,737,-3,15,752,180,173,151,1044,923,7,940,930,-10,0,0,,,,,,
2015,3,29,7,EV,6086,N11191,GJT,DEN,747,739,-8,13,752,69,54,31,212,823,10,856,833,-23,0,0,,,,,,
2015,3,8,7,AA,1029,N3CKAA,DCA,JFK,1805,1932,87,55,2027,73,116,50,213,2117,11,1918,2128,130,0,0,,43,0,70,17,0
2015,12,21,1,OO,4733,N820SK,SJC,SEA,1900,1930,30,19,1949,135,163,135,697,2204,9,2115,2213,58,0,0,,28,0,0,30,0
2015,3,14,6,US,2013,N832AW,DTW,CLT,645,644,-1,21,705,118,119,89,500,834,9,843,843,0,0,0,,,,,,
2015,1,12,1,WN,4378,N524SW,MAF,DAL,600,557,-3,9,606,70,67,51,319,657,7,710,704,-6,0,0,,,,,,
2015,1,26,1,OO,4572,N611SK,SLC,FAR,1350,1346,-4,29,1415,139,145,113,866,1708,3,1709,1711,2,0,0,,,,,,
2015,9,16,3,WN,1677,N781WN,LAS,BDL,1440,1534,54,10,1544,290,273,260,2297,2304,3,2230,2307,37,0,0,,0,0,9,28,0
2015,1,5,1,AA,99,N3FAAA,ORD,PDX,1550,1555,5,10,1605,275,285,267,1739,1832,8,1825,1840,15,0,0,,15,0,0,0,0
2015,6,3,3,EV,5368,N933EV,ATL,BTR,1340,1333,-7,9,1342,95,80,67,448,1349,4,1415,1353,-22,0,0,,,,,,
2015,9,11,5,WN,211,N720WN,BNA,BWI,1850,1850,0,13,1903,105,104,76,587,2119,15,2135,2134,-1,0,0,,,,,,
2015,2,11,3,WN,338,N7728D,LAS,SAN,1705,1701,-4,11,1712,65,57,44,258,1756,2,1810,1758,-12,0,0,,,,,,
2015,1,17,6,AA,1118,N3EFAA,ORD,PBI,1905,1858,-7,11,1909,170,165,149,1144,2238,5,2255,2243,-12,0,0,,,,,,
2015,2,19,4,DL,1695,N915DN,ATL,CMH,1431,1438,7,12,1450,91,92,75,447,1605,5,1602,1610,8,0,0,,,,,,
2015,7,26,7,UA,1274,N73283,ANC,DEN,1354,1447,53,9,1456,314,289,272,2405,2128,8,2108,2136,28,0,0,,0,0,7,21,0
2015,2,20,5,WN,1703,N456WN,FLL,MKE,1135,1140,5,22,1202,210,223,192,1243,1414,9,1405,1423,18,0,0,,18,0,0,0,0
2015,6,2,2,OO,5169,N764SK,BHM,IAH,1506,1509,3,10,1519,113,97,79,562,1638,8,1659,1646,-13,0,0,,,,,,
2015,8,7,5,UA,1756,N41135,EWR,MCO,1245,1310,25,20,1330,170,190,164,937,1614,6,1535,1620,45,0,0,,45,0,0,0,0
2015,8,7,5,EV,5149,N859AS,ATL,XNA,1641,1735,54,13,1748,111,101,81,589,1809,7,1732,1816,44,0,0,,0,0,11,33,0
2015,6,19,5,OO,5321,N925SW,MKE,ORD,2032,2047,15,11,2058,53,43,22,67,2120,10,2125,2130,5,0,0,,,,,,
2015,9,17,4,WN,2249,N299WN,MCO,SDF,1240,1236,-4,9,1245,125,113,99,719,1424,5,1445,1429,-16,0,0,,,,,,
2015,5,9,6,EV,5842,N11140,OKC,DEN,926,914,-12,12,926,104,95,71,495,937,12,1010,949,-21,0,0,,,,,,
2015,11,11,3,EV,5969,N10575,ORD,ABE,1352,1350,-2,42,1432,111,128,81,655,1653,5,1643,1658,15,0,0,,15,0,0,0,0
2015,3,14,6,OO,5466,N221SW,CLD,LAX,600,554,-6,18,612,52,41,21,86,633,2,652,635,-17,0,0,,,,,,
2015,4,17,5,UA,470,N489UA,IAH,AUS,2119,2117,-2,19,2136,59,55,31,140,2207,5,2218,2212,-6,0,0,,,,,,
2015,1,25,7,EV,4551,N19554,CLE,ORD,1145,1155,10,27,1222,96,103,67,315,1229,9,1221,1238,17,0,0,,17,0,0,0,0
2015,11,19,4,UA,1558,N676UA,IAH,EWR,1045,1049,4,17,1106,204,192,166,1400,1452,9,1509,1501,-8,0,0,,,,,,
2015,7,4,6,WN,1851,N605SW,BOS,IND,1025,1024,-1,23,1047,165,152,125,818,1252,4,1310,1256,-14,0,0,,,,,,
2015,7,16,4,DL,1438,N926DH,ATL,DCA,2155,2152,-3,21,2213,109,106,82,547,2335,3,2344,2338,-6,0,0,,,,,,
2015,8,23,7,AA,522,N185UW,CLT,PHL,1310,1310,0,15,1325,103,97,77,449,1442,5,1453,1447,-6,0,0,,,,,,
2015,8,9,7,EV,4565,N14168,DTW,EWR,2116,2107,-9,10,2117,103,87,71,488,2228,6,2259,2234,-25,0,0,,,,,,
2015,2,21,6,OO,2579,N464SW,LAX,SAN,1555,1616,21,15,1631,45,52,33,109,1704,4,1640,1708,28,0,0,,7,0,0,21,0
2015,5,14,4,WN,813,N490WN,SJC,SAN,750,745,-5,9,754,80,74,61,417,855,4,910,859,-11,0,0,,,,,,
2015,11,12,4,WN,1356,N7827A,SEA,SJC,2040,2036,-4,12,2048,120,116,100,697,2228,4,2240,2232,-8,0,0,,,,,,
2015,9,21,1,HA,398,N479HA,HNL,KOA,2029,2021,-8,11,2032,45,45,29,163,2101,5,2114,2106,-8,0,0,,,,,,
2015,8,4,2,OO,4668,N824SK,DEN,SLC,1145,1211,26,12,1223,90,81,63,391,1326,6,1315,1332,17,0,0,,0,0,0,17,0
2015,10,14,3,UA,1996,N24211,14057,13930,1043,1037,-6,22,1059,240,229,185,1739,1604,22,1643,1626,-17,0,0,,,,,,
2015,6,1,1,EV,5008,N873AS,DTW,ABE,2005,2010,5,22,2032,87,92,68,425,2140,2,2132,2142,10,0,0,,,,,,
2015,10,23,5,AA,2144,N954UW,11278,12953,700,657,-3,11,708,75,64,42,214,750,11,815,801,-14,0,0,,,,,,
2015,5,19,2,WN,148,N778SW,PHX,LIT,1040,1046,6,10,1056,160,151,138,1136,1514,3,1520,1517,-3,0,0,,,,,,
2015,12,11,5,MQ,3227,N542MQ,ORD,BNA,705,704,-1,12,716,97,72,56,409,812,4,842,816,-26,0,0,,,,,,
2015,6,13,6,MQ,3417,N691MQ,DSM,ORD,1928,2031,63,37,2108,84,107,50,299,2158,20,2052,2218,86,0,0,,69,0,0,17,0
2015,11,3,2,WN,11,N7821L,ABQ,LAX,1735,1733,-2,9,1742,120,129,110,677,1832,10,1835,1842,7,0,0,,,,,,
2015,5,5,2,US,413,N197UW,ATL,PHX,1140,1135,-5,14,1149,242,238,218,1587,1227,6,1242,1233,-9,0,0,,,,,,
2015,8,30,7,DL,710,N934DN,MLB,ATL,600,559,-1,15,614,89,83,62,442,716,6,729,722,-7,0,0,,,,,,
2015,9,29,2,AA,1604,N006AA,MIA,IAH,710,701,-9,24,725,167,169,135,964,840,10,857,850,-7,0,0,,,,,,
2015,2,14,6,OO,4604,N487CA,OKC,MSP,810,803,-7,17,820,128,141,114,694,1014,10,1018,1024,6,0,0,,,,,,
2015,5,5,2,WN,8,N703SW,ONT,MDW,1335,1336,1,7,1343,230,222,210,1706,1913,5,1925,1918,-7,0,0,,,,,,
2015,3,9,1,EV,5264,N933EV,ATL,FAY,1210,1326,76,9,1335,76,59,44,331,1419,6,1326,1425,59,0,0,,0,0,0,59,0
2015,8,13,4,WN,2900,N963WN,SAT,BWI,535,530,-5,10,540,200,195,182,1407,942,3,955,945,-10,0,0,,,,,,
2015,9,6,7,DL,1483,N972AT,TPA,JFK,1230,1224,-6,9,1233,173,176,132,1005,1445,35,1523,1520,-3,0,0,,,,,,
2015,11,1,7,WN,1408,N7733B,PHX,RNO,1235,1246,11,8,1254,110,102,90,601,1324,4,1325,1328,3,0,0,,,,,,
2015,5,26,2,AA,1379,N862AA,LAX,LAS,1200,1511,191,15,1526,73,67,39,236,1605,13,1313,1618,185,0,0,,0,0,185,0,0
2015,11,9,1,B6,722,N655JB,PBI,BOS,1103,1111,8,17,1128,176,180,157,1197,1405,6,1359,1411,12,0,0,,,,,,
2015,6,10,3,UA,1641,N75858,OGG,SFO,2134,2148,14,14,2202,283,287,266,2338,528,7,517,535,18,0,0,,4,0,13,1,0
2015,5,22,5,AA,2485,N5BYAA,DFW,LAX,1210,1230,20,26,1256,213,202,169,1235,1345,7,1343,1352,9,0,0,,,,,,
2015,8,27,4,EV,6159,N16981,CMH,ORD,2055,2048,-7,11,2059,84,80,58,296,2057,11,2119,2108,-11,0,0,,,,,,
2015,8,23,7,NK,971,N629NK,FLL,DFW,2025,2029,4,15,2044,174,166,143,1119,2207,8,2219,2215,-4,0,0,,,,,,
2015,4,24,5,WN,10,N372SW,DAL,SAT,1010,1015,5,14,1029,65,66,49,248,1118,3,1115,1121,6,0,0,,,,,,
2015,10,8,4,OO,6313,N143SY,14771,14057,705,700,-5,17,717,112,108,84,550,841,7,857,848,-9,0,0,,,,,,
2015,3,8,7,WN,801,N262WN,MCO,RDU,720,714,-6,11,725,95,91,78,534,843,2,855,845,-10,0,0,,,,,,
2015,7,22,3,EV,4878,N713EV,DTW,BTV,1018,1013,-5,12,1025,104,83,69,537,1134,2,1202,1136,-26,0,0,,,,,,
2015,8,31,1,VX,351,N848VA,BOS,SFO,725,723,-2,23,746,390,379,348,2704,1034,8,1055,1042,-13,0,0,,,,,,
2015,6,5,5,HA,145,N491HA,OGG,HNL,841,849,8,6,855,35,34,22,100,917,6,916,923,7,0,0,,,,,,
2015,1,28,3,NK,331,N602NK,LGA,ORD,2155,2148,-7,14,2202,147,152,114,733,2256,24,2322,2320,-2,0,0,,,,,,
2015,8,14,5,WN,611,N569WN,RNO,MDW,1410,1439,29,8,1447,225,222,205,1680,2012,9,1955,2021,26,0,0,,0,0,19,7,0
2015,10,27,2,WN,101,N8654B,10821,11042,2200,2203,3,12,2215,75,66,52,314,2307,2,2315,2309,-6,0,0,,,,,,
2015,3,26,4,VX,253,N835VA,JFK,LAS,1130,1128,-2,16,1144,360,346,312,2248,1356,18,1430,1414,-16,0,0,,,,,,
2015,11,11,3,UA,1168,N33714,ORD,CMH,1139,1133,-6,12,1145,77,67,48,296,1333,7,1356,1340,-16,0,0,,,,,,
2015,2,19,4,WN,1165,N214WN,SAN,LAS,1135,1148,13,9,1157,70,56,42,258,1239,5,1245,1244,-1,0,0,,,,,,
2015,3,31,2,DL,2413,N925DL,DTW,IND,1346,1339,-7,34,1413,67,82,42,231,1455,6,1453,1501,8,0,0,,,,,,
2015,5,3,7,DL,1060,N905DL,ATL,IAH,1924,1923,-1,26,1949,138,130,97,689,2026,7,2042,2033,-9,0,0,,,,,,
2015,5,10,7,US,1909,N944UW,LGA,PHL,600,552,-8,13,605,57,51,30,96,635,8,657,643,-14,0,0,,,,,,
2015,12,7,1,WN,2246,N7748A,DEN,OKC,2015,2013,-2,10,2023,85,82,68,495,2231,4,2240,2235,-5,0,0,,,,,,
2015,11,18,3,DL,2574,N920DE,LGA,TPA,800,754,-6,28,822,188,171,140,1010,1042,3,1108,1045,-23,0,0,,,,,,
2015,7,11,6,EV,4204,N16976,DTW,EWR,1454,1635,101,14,1649,104,95,71,488,1800,10,1638,1810,92,0,0,,0,0,0,92,0
2015,4,5,7,WN,183,N470WN,BUR,SJC,1850,1849,-1,7,1856,65,59,48,296,1944,4,1955,1948,-7,0,0,,,,,,
2015,5,12,2,DL,1860,N522US,ATL,MIA,1500,1458,-2,22,1520,115,122,93,594,1653,7,1655,1700,5,0,0,,,,,,
2015,2,11,3,EV,6024,N11191,DEN,OKC,1403,1402,-1,10,1412,97,95,78,495,1630,7,1640,1637,-3,0,0,,,,,,
2015,9,16,3,UA,1460,N67827,EWR,LAS,1825,1829,4,33,1902,344,327,288,2227,2050,6,2109,2056,-13,0,0,,,,,,
2015,10,3,6,DL,2797,N938AT,12892,14831,1240,1237,-3,16,1253,77,70,51,308,1344,3,1357,1347,-10,0,0,,,,,,
2015,7,29,3,MQ,3479,N813MQ,ORD,MLI,835,830,-5,31,901,58,63,28,139,929,4,933,933,0,0,0,,,,,,
2015,7,21,2,WN,241,N908WN,MCO,CAK,1940,1945,5,12,1957,130,128,113,861,2150,3,2150,2153,3,0,0,,,,,,
2015,6,17,3,EV,4972,N606LR,MSP,IAH,1936,2128,112,18,2146,168,161,137,1034,3,6,2224,9,105,0,0,,0,0,0,105,0
2015,1,7,3,WN,4905,N614SW,MDW,CMH,750,805,15,6,811,70,53,43,283,954,4,1000,958,-2,0,0,,,,,,
2015,2,20,5,EV,5538,N914EV,ATL,CHA,810,809,-1,11,820,45,40,27,106,847,2,855,849,-6,0,0,,,,,,
2015,8,27,4,AA,1242,N581AA,DFW,DEN,1350,1349,-1,10,1359,127,128,93,641,1432,25,1457,1457,0,0,0,,,,,,
2015,12,22,2,EV,5423,N678CA,ATL,BMI,2108,2105,-3,30,2135,102,109,75,533,2150,4,2150,2154,4,0,0,,,,,,
2015,10,21,3,AA,323,N504AA,15016,11298,927,920,-7,14,934,118,123,92,550,1106,17,1125,1123,-2,0,0,,,,,,
2015,10,12,1,EV,4908,N181PQ,11433,14576,1531,1551,20,15,1606,76,66,44,296,1650,7,1647,1657,10,0,0,,,,,,
2015,2,4,3,OO,5362,N479CA,SBA,LAX,1657,1700,3,7,1707,52,46,30,89,1737,9,1749,1746,-3,0,0,,,,,,
2015,1,8,4,UA,219,N821UA,BDL,ORD,715,738,23,16,754,160,185,125,783,859,44,855,943,48,0,0,,25,0,0,0,23
2015,11,25,3,HA,293,N483HA,OGG,HNL,1600,1558,-2,7,1605,37,42,27,100,1632,8,1637,1640,3,0,0,,,,,,
2015,9,13,7,AA,473,N664AW,PHX,MSP,1500,1455,-5,13,1508,180,183,157,1276,1945,13,2000,1958,-2,0,0,,,,,,
2015,4,3,5,MQ,3403,N645MQ,DFW,HOU,1835,1834,-1,14,1848,78,70,44,247,1932,12,1953,1944,-9,0,0,,,,,,
2015,12,8,2,OO,4524,N477CA,DTW,SBN,2016,2012,-4,15,2027,65,54,35,157,2102,4,2121,2106,-15,0,0,,,,,,
2015,8,21,5,DL,2450,N672DL,LAS,SLC,1055,1050,-5,14,1104,74,74,56,368,1300,4,1309,1304,-5,0,0,,,,,,
2015,12,26,6,UA,469,N433UA,MTJ,EWR,1335,1351,16,19,1410,253,257,225,1795,1955,13,1948,2008,20,0,0,,4,0,16,0,0
2015,4,18,6,DL,2479,N927AT,ATL,MDT,2040,2040,0,12,2052,111,103,84,620,2216,7,2231,2223,-8,0,0,,,,,,
2015,8,27,4,NK,364,N531NK,DFW,MSY,1338,1332,-6,15,1347,87,84,66,447,1453,3,1505,1456,-9,0,0,,,,,,
2015,6,24,3,NK,412,N633NK,MYR,LBE,1240,1233,-7,9,1242,88,93,78,456,1400,6,1408,1406,-2,0,0,,,,,,
2015,8,27,4,AS,601,N467AS,LAS,SEA,2210,2159,-11,9,2208,140,131,118,867,6,4,30,10,-20,0,0,,,,,,
2015,7,6,1,AS,334,N788AS,SEA,SJC,1940,1931,-9,15,1946,123,124,104,697,2130,5,2143,2135,-8,0,0,,,,,,
2015,12,10,4,B6,594,N558JB,FLL,BWI,833,826,-7,10,836,149,140,123,925,1039,7,1102,1046,-16,0,0,,,,,,
2015,8,1,6,WN,1962,N694SW,DAL,AUS,1610,1901,171,10,1911,50,47,33,189,1944,4,1700,1948,168,0,0,,0,0,66,102,0
2015,7,20,1,UA,864,N547UA,MCO,DEN,1622,1623,1,12,1635,233,220,202,1546,1757,6,1815,1803,-12,0,0,,,,,,
2015,4,10,5,DL,1577,N3734B,LAX,MSY,930,937,7,17,954,224,219,199,1670,1513,3,1514,1516,2,0,0,,,,,,
2015,5,8,5,DL,1679,N971AT,SAT,MSP,1805,1832,27,15,1847,168,155,136,1097,2103,4,2053,2107,14,0,0,,,,,,
2015,10,2,5,AA,1638,N3CSAA,11298,11057,1546,1542,-4,20,1602,154,152,125,936,1907,7,1920,1914,-6,0,0,,,,,,
2015,7,17,5,AA,1373,N021AA,JAX,DFW,1610,1612,2,11,1623,158,147,129,918,1732,7,1748,1739,-9,0,0,,,,,,
2015,6,28,7,OO,5235,N120SY,BDL,ORD,629,,,,,157,,,783,,,806,,,0,1,A,,,,,
2015,7,31,5,B6,1373,N645JB,JFK,CHS,1346,1643,177,42,1725,132,151,103,636,1908,6,1558,1914,196,0,0,,19,0,46,131,0
2015,8,30,7,WN,848,N257WN,CMH,DCA,1005,1001,-4,9,1010,80,60,47,323,1057,4,1125,1101,-24,0,0,,,,,,
2015,10,19,1,WN,1003,N273WN,12892,14683,1450,1455,5,7,1502,170,148,138,1211,1920,3,1940,1923,-17,0,0,,,,,,
2015,4,14,2,OO,3443,N223AG,SLC,SEA,1205,1219,14,12,1231,120,118,101,689,1312,5,1305,1317,12,0,0,,,,,,
2015,12,1,2,B6,493,N593JB,BOS,DEN,725,725,0,21,746,288,268,238,1754,944,9,1013,953,-20,0,0,,,,,,
2015,10,2,5,EV,4642,N14148,11612,13930,1024,1018,-6,8,1026,75,77,60,272,1126,9,1139,1135,-4,0,0,,,,,,
2015,5,10,7,WN,1187,N901WN,MDW,PHX,1515,1510,-5,9,1519,225,212,197,1444,1636,6,1700,1642,-18,0,0,,,,,,
2015,10,3,6,WN,1343,N638SW,11292,14771,1240,1237,-3,13,1250,160,151,133,967,1403,5,1420,1408,-12,0,0,,,,,,
2015,8,7,5,EV,5113,N751EV,LGA,GSO,1510,1653,103,22,1715,114,97,72,461,1827,3,1704,1830,86,0,0,,0,0,32,54,0
2015,4,22,3,AS,444,N557AS,SEA,LAX,1955,1950,-5,18,2008,150,169,133,954,2221,18,2225,2239,14,0,0,,,,,,
2015,4,20,1,WN,279,N297WN,LAS,SNA,1330,1326,-4,8,1334,60,59,40,226,1414,11,1430,1425,-5,0,0,,,,,,
2015,11,3,2,EV,4919,N723EV,BHM,LGA,1649,1656,7,13,1709,147,147,117,866,2006,17,2016,2023,7,0,0,,,,,,
2015,4,23,4,DL,2029,N322US,MSP,SLC,1425,1425,0,11,1436,170,154,136,991,1552,7,1615,1559,-16,0,0,,,,,,
2015,12,23,3,EV,4891,N752EV,BOS,RIC,835,837,2,32,909,110,127,88,474,1037,7,1025,1044,19,0,0,,17,0,2,0,0
2015,9,7,1,OO,6536,N774SK,DEN,SBA,1847,1848,1,17,1905,155,154,133,916,2018,4,2022,2022,0,0,0,,,,,,
2015,1,27,2,DL,1554,N814DN,LAX,ATL,1445,1438,-7,12,1450,250,233,216,1947,2126,5,2155,2131,-24,0,0,,,,,,
2015,7,11,6,AA,620,N165US,PHX,CLT,840,836,-4,14,850,250,237,209,1773,1519,14,1550,1533,-17,0,0,,,,,,
2015,5,23,6,UA,654,N522UA,ORD,SFO,1550,1754,124,20,1814,280,261,236,1846,2010,5,1830,2015,105,0,0,,0,0,105,0,0
2015,6,29,1,DL,2270,N952DN,MSP,BUF,1922,2014,52,38,2052,121,138,96,735,2328,4,2223,2332,69,0,0,,17,0,0,38,14
2015,12,17,4,UA,321,N19141,IAH,IAD,1618,1630,12,21,1651,178,161,134,1190,2005,6,2016,2011,-5,0,0,,,,,,
2015,9,18,5,NK,1064,N528NK,MCO,CLE,1050,1141,51,13,1154,146,142,118,895,1352,11,1316,1403,47,0,0,,1,0,3,43,0
2015,2,1,7,OO,4999,N780SK,LAX,HDN,1244,1236,-8,19,1255,124,136,114,763,1549,3,1548,1552,4,0,0,,,,,,
2015,1,12,1,UA,307,N848UA,CLE,EWR,1730,1725,-5,26,1751,108,110,72,404,1903,12,1918,1915,-3,0,0,,,,,,
2015,6,15,1,UA,245,N408UA,SEA,DEN,714,712,-2,15,727,161,156,135,1024,1042,6,1055,1048,-7,0,0,,,,,,
2015,7,3,5,WN,2087,N7751A,MDW,FLL,535,544,9,28,612,175,188,155,1167,947,5,930,952,22,0,0,,13,0,9,0,0
2015,10,27,2,WN,483,N7705A,12953,13232,1125,1121,-4,24,1145,155,140,111,725,1236,5,1300,1241,-19,0,0,,,,,,
2015,3,1,7,B6,511,N789JB,FLL,AUS,1604,1558,-6,18,1616,191,180,158,1105,1754,4,1815,1758,-17,0,0,,,,,,
2015,11,17,2,AA,528,N770UW,CMH,PHX,1750,1743,-7,13,1756,264,228,210,1670,1926,5,2014,1931,-43,0,0,,,,,,
2015,4,19,7,WN,1549,N345SA,CLE,BNA,1750,1747,-3,9,1756,95,90,76,448,1812,5,1825,1817,-8,0,0,,,,,,
2015,12,6,7,WN,2025,N7702A,MDW,AUS,1955,2025,30,9,2034,175,142,128,972,2242,5,2250,2247,-3,0,0,,,,,,
2015,4,4,6,US,1721,N172US,CLT,SMF,1810,1811,1,18,1829,329,,,2244,38,5,2039,43,,1,0,,,,,,
2015,3,11,3,UA,215,N415UA,DEN,MSP,825,822,-3,14,836,125,119,98,680,1114,7,1130,1121,-9,0,0,,,,,,
2015,10,24,6,UA,1126,N33264,11292,10299,1129,1136,7,15,1151,343,335,316,2405,1507,4,1512,1511,-1,0,0,,,,,,
2015,10,28,3,AA,1945,N839AW,11057,11042,2025,2018,-7,25,2043,92,92,60,430,2143,7,2157,2150,-7,0,0,,,,,,
2015,6,24,3,WN,506,N8314L,BWI,OAK,1110,1122,12,17,1139,345,332,308,2447,1347,7,1355,1354,-1,0,0,,,,,,
2015,1,16,5,AA,145,N3LAAA,MIA,SAN,2005,1958,-7,13,2011,345,341,325,2267,2236,3,2250,2239,-11,0,0,,,,,,
2015,1,28,3,EV,5129,N748EV,MSP,MDW,852,850,-2,18,908,94,89,64,349,1012,7,1026,1019,-7,0,0,,,,,,
2015,3,14,6,DL,1624,N903DA,MSP,PHL,1925,1919,-6,17,1936,152,143,119,980,2235,7,2257,2242,-15,0,0,,,,,,
2015,11,1,7,B6,1489,N309JB,BOS,DCA,2010,2010,0,12,2022,99,98,81,399,2143,5,2149,2148,-1,0,0,,,,,,
2015,8,1,6,B6,1251,N644JB,HPN,RSW,730,738,8,11,749,176,172,156,1102,1025,5,1026,1030,4,0,0,,,,,,
2015,9,23,3,WN,3241,N379SW,ATL,RDU,1000,958,-2,12,1010,80,68,53,356,1103,3,1120,1106,-14,0,0,,,,,,
2015,6,19,5,WN,373,N375SW,JAX,BWI,850,849,-1,12,901,115,108,92,663,1033,4,1045,1037,-8,0,0,,,,,,
2015,9,16,3,WN,49,N229WN,MEM,DAL,1620,1615,-5,9,1624,95,81,63,423,1727,9,1755,1736,-19,0,0,,,,,,
2015,6,1,1,AA,1612,N855AA,SAN,DFW,740,740,0,16,756,180,176,145,1171,1221,15,1240,1236,-4,0,0,,,,,,
2015,4,12,7,AA,1009,N3BJAA,MCO,DFW,1315,1311,-4,12,1323,177,175,149,985,1452,14,1512,1506,-6,0,0,,,,,,
2015,9,15,2,DL,1142,N523US,ATL,ABQ,1640,1639,-1,13,1652,200,182,166,1269,1738,3,1800,1741,-19,0,0,,,,,,
2015,2,27,5,EV,6129,N12921,ORD,CWA,1956,1950,-6,16,2006,65,58,38,212,2044,4,2101,2048,-13,0,0,,,,,,
2015,6,2,2,WN,2851,N8642E,PBI,ISP,1125,1127,2,9,1136,160,149,135,1052,1351,5,1405,1356,-9,0,0,,,,,,
2015,7,20,1,DL,1818,N584NW,ATL,MCO,655,655,0,13,708,80,77,57,404,805,7,815,812,-3,0,0,,,,,,
2015,3,5,4,WN,900,N7716A,DEN,MSY,1925,1956,31,12,2008,150,140,122,1062,2310,6,2255,2316,21,0,0,,0,0,9,12,0
2015,10,15,4,NK,939,N622NK,12266,12889,2105,2115,10,16,2131,187,177,155,1222,2206,6,2212,2212,0,0,0,,,,,,
2015,3,23,1,AS,654,N557AS,SEA,PHX,2115,2116,1,28,2144,164,170,134,1107,2358,8,2359,6,7,0,0,,,,,,
2015,1,27,2,WN,880,N418WN,LAX,SLC,2005,2001,-4,6,2007,105,84,75,590,2222,3,2250,2225,-25,0,0,,,,,,
2015,1,20,2,EV,6143,N11536,CWA,ORD,600,552,-8,15,607,80,65,45,212,652,5,720,657,-23,0,0,,,,,,
2015,6,4,4,US,1761,N769US,DCA,TPA,1720,1729,9,30,1759,144,145,114,814,1953,1,1944,1954,10,0,0,,,,,,
2015,12,17,4,EV,4158,N17169,BOS,CLE,1554,1545,-9,17,1602,133,127,103,563,1745,7,1807,1752,-15,0,0,,,,,,
2015,4,29,3,OO,5500,N716SK,TUS,DEN,606,603,-3,18,621,117,120,98,639,859,4,903,903,0,0,0,,,,,,
2015,1,25,7,AS,70,N584AS,JNU,SIT,2220,2220,0,6,2226,39,32,23,95,2249,3,2259,2252,-7,0,0,,,,,,
2015,4,10,5,OO,5572,N963SW,DEN,ICT,958,955,-3,26,1021,82,95,57,420,1218,12,1220,1230,10,0,0,,,,,,
2015,6,2,2,AA,2399,N3FRAA,TPA,MIA,1440,1438,-2,20,1458,62,73,48,204,1546,5,1542,1551,9,0,0,,,,,,
2015,9,25,5,UA,1659,N37465,ORD,LAS,930,924,-6,25,949,239,220,189,1514,1058,6,1129,1104,-25,0,0,,,,,,
2015,8,16,7,AA,443,N817AW,PHX,IAH,1230,1225,-5,12,1237,161,155,135,1009,1652,8,1711,1700,-11,0,0,,,,,,
2015,9,1,2,NK,820,N635NK,MYR,PBG,1105,1050,-15,10,1100,125,121,105,811,1245,6,1310,1251,-19,0,0,,,,,,
2015,4,19,7,HA,307,N487HA,KOA,HNL,2005,2121,76,10,2131,43,45,26,163,2157,9,2048,2206,78,0,0,,0,0,78,0,0
2015,10,27,2,AA,1875,N701UW,11057,14307,1630,1625,-5,29,1654,120,125,92,683,1826,4,1830,1830,0,0,0,,,,,,
2015,4,26,7,UA,1187,N14219,DEN,SMF,1106,1135,29,13,1148,158,141,123,909,1251,5,1244,1256,12,0,0,,,,,,
2015,6,14,7,DL,2265,N121DE,ATL,SFO,950,948,-2,20,1008,313,299,264,2139,1132,15,1203,1147,-16,0,0,,,,,,
2015,12,6,7,WN,265,N962WN,OAK,SAN,1735,1756,21,12,1808,85,81,65,446,1913,4,1900,1917,17,0,0,,0,0,8,9,0
2015,3,27,5,VX,352,N837VA,SFO,BOS,920,921,1,17,938,345,348,316,2704,1754,15,1805,1809,4,0,0,,,,,,
2015,7,17,5,WN,190,N754SW,PHX,SAN,600,557,-3,15,612,70,66,48,304,700,3,710,703,-7,0,0,,,,,,
2015,6,23,2,WN,915,N365SW,LAX,OAK,1015,1016,1,6,1022,70,64,53,337,1115,5,1125,1120,-5,0,0,,,,,,
2015,8,27,4,WN,196,N211WN,TPA,MCI,925,925,0,9,934,170,157,145,1048,1059,3,1115,1102,-13,0,0,,,,,,
2015,3,3,2,WN,761,N8628A,PIT,BWI,1745,1757,12,9,1806,70,50,35,210,1841,6,1855,1847,-8,0,0,,,,,,
2015,6,19,5,DL,1611,N3749D,FAI,SEA,45,43,-2,11,54,206,200,185,1533,459,4,511,503,-8,0,0,,,,,,
2015,5,8,5,UA,234,N468UA,IAH,LAX,2116,2132,16,21,2153,224,220,191,1379,2304,8,2300,2312,12,0,0,,,,,,
2015,7,14,2,UA,1449,N68843,SFO,LAS,2113,2127,14,20,2147,101,92,62,414,2249,10,2254,2259,5,0,0,,,,,,
2015,6,13,6,EV,4465,N16178,IAH,RAP,1125,1119,-6,21,1140,172,170,139,1058,1259,10,1317,1309,-8,0,0,,,,,,
2015,10,12,1,WN,2915,N925WN,10140,14057,1505,1506,1,10,1516,175,168,155,1111,1651,3,1700,1654,-6,0,0,,,,,,
2015,5,13,3,NK,877,N529NK,ATL,FLL,1005,1001,-4,16,1017,116,108,86,581,1143,6,1201,1149,-12,0,0,,,,,,
2015,8,13,4,UA,1523,N37409,IAH,BOS,716,729,13,13,742,237,223,206,1597,1208,4,1213,1212,-1,0,0,,,,,,
2015,3,29,7,AS,514,N538AS,SEA,SNA,1655,1649,-6,9,1658,155,147,133,978,1911,5,1930,1916,-14,0,0,,,,,,
2015,4,26,7,DL,84,N909DA,TPA,ATL,1945,1945,0,10,1955,95,92,66,406,2101,16,2120,2117,-3,0,0,,,,,,
2015,7,15,3,WN,4129,N204WN,PHL,BNA,1500,1605,65,30,1635,125,133,91,675,1706,12,1605,1718,73,0,0,,8,0,12,53,0
2015,7,21,2,F9,332,N934FR,DEN,MSP,2100,2100,0,23,2123,109,116,84,680,2347,9,2349,2356,7,0,0,,,,,,
2015,9,30,3,NK,262,N617NK,FLL,ACY,1452,1448,-4,14,1502,144,142,123,977,1705,5,1716,1710,-6,0,0,,,,,,
2015,4,30,4,WN,101,N8619F,SEA,DEN,545,541,-4,14,555,160,153,134,1024,909,5,925,914,-11,0,0,,,,,,
2015,4,10,5,DL,2025,N979DL,BWI,ATL,1115,1213,58,21,1234,115,133,101,577,1415,11,1310,1426,76,0,0,,18,0,0,58,0
2015,10,15,4,EV,5989,N13553,12266,12217,1535,1531,-4,19,1550,109,112,87,595,1717,6,1724,1723,-1,0,0,,,,,,
2015,8,2,7,EV,4187,N27190,BNA,IAH,1433,1436,3,14,1450,134,123,100,657,1630,9,1647,1639,-8,0,0,,,,,,
2015,7,22,3,UA,450,N471UA,BIL,DEN,545,540,-5,9,549,91,82,66,455,655,7,716,702,-14,0,0,,,,,,
2015,4,16,4,F9,1142,N948FR,MIA,LGA,1910,2031,81,22,2053,175,169,140,1096,2313,7,2205,2320,75,0,0,,38,0,0,37,0
2015,12,24,4,UA,776,N821UA,ORD,MCO,1050,1111,21,17,1128,161,165,138,1005,1446,10,1431,1456,25,0,0,,4,0,11,10,0
2015,7,4,6,OO,6480,N719SK,DEN,MCI,1316,1314,-2,11,1325,98,89,71,533,1536,7,1554,1543,-11,0,0,,,,,,
2015,5,30,6,WN,1169,N455WN,DCA,HOU,600,555,-5,9,604,200,170,156,1218,740,5,820,745,-35,0,0,,,,,,
2015,4,19,7,EV,6155,N14174,GUC,DEN,1636,1705,29,9,1714,57,45,26,152,1740,10,1733,1750,17,0,0,,0,0,0,17,0
2015,1,28,3,DL,2221,N912DL,ATL,DTW,1355,1355,0,14,1409,118,122,100,594,1549,8,1553,1557,4,0,0,,,,,,
2015,5,13,3,F9,145,N220FR,DEN,SEA,2030,2026,-4,12,2038,169,167,141,1024,2159,14,2219,2213,-6,0,0,,,,,,
2015,11,24,2,WN,951,N926WN,PDX,SJC,530,530,0,11,541,105,101,87,569,708,3,715,711,-4,0,0,,,,,,
2015,3,8,7,OO,4597,N8968E,FWA,DTW,1016,1009,-7,17,1026,66,50,29,128,1055,4,1122,1059,-23,0,0,,,,,,
2015,4,10,5,EV,4891,N710EV,EYW,ATL,1050,1048,-2,12,1100,118,129,100,646,1240,17,1248,1257,9,0,0,,,,,,
2015,1,25,7,WN,1284,N939WN,MCI,DAL,1320,1317,-3,5,1322,95,75,66,460,1428,4,1455,1432,-23,0,0,,,,,,
2015,8,12,3,OO,5380,N927SW,DEN,MAF,1419,1419,0,14,1433,105,98,80,563,1653,4,1704,1657,-7,0,0,,,,,,
2015,6,16,2,UA,1062,N68822,IAH,SFO,740,739,-1,49,828,249,267,213,1635,1001,5,949,1006,17,0,0,,17,0,0,0,0
2015,1,13,2,OO,4643,N779CA,MSP,LAN,1000,957,-3,31,1028,100,105,70,455,1238,4,1240,1242,2,0,0,,,,,,
2015,12,10,4,AA,429,N672AW,PHL,SAN,740,734,-6,13,747,361,339,320,2370,1007,6,1041,1013,-28,0,0,,,,,,
2015,7,23,4,AA,1076,N3CPAA,LAX,BOS,1735,1830,55,17,1847,339,317,295,2611,242,5,214,247,33,0,0,,0,0,4,29,0
2015,9,12,6,DL,2220,N899AT,LAS,SLC,630,629,-1,11,640,75,75,57,368,837,7,845,844,-1,0,0,,,,,,
2015,11,13,5,B6,192,N807JB,TPA,BOS,630,625,-5,11,636,171,164,148,1185,904,5,921,909,-12,0,0,,,,,,
2015,10,30,5,OO,5486,N103SY,11292,11298,827,827,0,21,848,123,149,117,641,1145,11,1130,1156,26,0,0,,26,0,0,0,0
2015,8,19,3,UA,1914,N65832,SFO,IAH,1431,1440,9,30,1510,234,231,196,1635,2026,5,2025,2031,6,0,0,,,,,,
2015,2,19,4,AA,1337,N3AMAA,DFW,LAS,1555,1549,-6,11,1600,179,177,159,1055,1639,7,1654,1646,-8,0,0,,,,,,
2015,11,28,6,EV,4882,N851AS,MOB,ATL,725,714,-11,15,729,70,70,49,302,918,6,935,924,-11,0,0,,,,,,
2015,5,14,4,HA,151,N476HA,ITO,HNL,1021,1015,-6,9,1024,51,55,38,216,1102,8,1112,1110,-2,0,0,,,,,,
2015,1,6,2,EV,5420,N855AS,ATL,MLU,1612,1643,31,11,1654,99,85,70,448,1704,4,1651,1708,17,0,0,,0,0,0,17,0
2015,7,29,3,AA,293,N784AA,JFK,LAX,1945,1940,-5,30,2010,383,352,310,2475,2220,12,2308,2232,-36,0,0,,,,,,
2015,3,7,6,B6,6,N571JB,FLL,EWR,1731,1736,5,17,1753,183,179,150,1065,2023,12,2034,2035,1,0,0,,,,,,
2015,12,6,7,OO,4460,N448SW,CID,DTW,625,621,-4,33,654,104,112,66,430,900,13,909,913,4,0,0,,,,,,
2015,9,23,3,UA,352,N415UA,PDX,IAH,600,551,-9,10,601,244,234,213,1825,1134,11,1204,1145,-19,0,0,,,,,,
2015,11,10,2,WN,2989,N942WN,FLL,DAL,1840,1840,0,15,1855,190,177,157,1108,2032,5,2050,2037,-13,0,0,,,,,,
2015,11,30,1,DL,2812,N348NB,ELP,ATL,1612,1610,-2,13,1623,183,166,139,1282,2042,14,2115,2056,-19,0,0,,,,,,
2015,4,1,3,US,1782,N127UW,IAH,CLT,1740,1734,-6,14,1748,147,143,116,912,2044,13,2107,2057,-10,0,0,,,,,,
2015,8,16,7,DL,1703,N932DL,DTW,TPA,1000,956,-4,20,1016,152,150,127,983,1223,3,1232,1226,-6,0,0,,,,,,
2015,12,28,1,AA,57,N3CGAA,MIA,DEN,2014,2125,71,25,2150,271,258,224,1709,2334,9,2245,2343,58,0,0,,0,0,58,0,0
2015,8,4,2,AA,2020,N192UW,PHX,CLT,2300,2259,-1,16,2315,240,225,204,1773,539,5,600,544,-16,0,0,,,,,,
2015,5,28,4,WN,117,N445WN,MDW,TUS,910,908,-2,8,916,225,210,198,1440,1034,4,1055,1038,-17,0,0,,,,,,
2015,10,3,6,AA,1641,N3AFAA,10397,11298,1110,1105,-5,19,1124,158,148,107,731,1211,22,1248,1233,-15,0,0,,,,,,
2015,7,19,7,EV,5296,N676CA,ATL,HOU,1909,1941,32,19,2000,129,113,89,696,2029,5,2018,2034,16,0,0,,0,0,0,16,0
2015,3,22,7,VX,486,N854VA,LAX,LAS,1250,1246,-4,13,1259,65,62,42,236,1341,7,1355,1348,-7,0,0,,,,,,
2015,3,29,7,DL,1767,N992DL,FNT,ATL,1201,1229,28,7,1236,132,116,101,645,1417,8,1413,1425,12,0,0,,,,,,
2015,7,22,3,OO,2879,N864AS,SJC,LAX,1145,1142,-3,22,1204,84,93,53,308,1257,18,1309,1315,6,0,0,,,,,,
2015,3,12,4,US,896,N723UW,CLT,ROC,1800,1754,-6,14,1808,106,91,74,573,1922,3,1946,1925,-21,0,0,,,,,,
2015,4,3,5,AA,986,N3JYAA,BDL,DFW,645,644,-1,21,705,244,267,233,1471,958,13,949,1011,22,0,0,,22,0,0,0,0
2015,6,19,5,WN,162,N913WN,SFO,DEN,1355,1913,318,11,1924,155,159,112,967,2216,36,1730,2252,322,0,0,,4,0,285,33,0
2015,8,30,7,WN,17,N359SW,DAL,HOU,1100,1058,-2,8,1106,60,53,42,239,1148,3,1200,1151,-9,0,0,,,,,,
2015,7,18,6,WN,588,N566WN,MKE,LAX,1245,1250,5,9,1259,260,278,247,1756,1506,22,1505,1528,23,0,0,,23,0,0,0,0
2015,1,2,5,UA,1508,N78524,LAS,IAH,1840,1842,2,16,1858,174,181,161,1222,2339,4,2334,2343,9,0,0,,,,,,
2015,10,29,4,WN,2191,N292WN,13232,11066,1535,1536,1,14,1550,65,59,41,283,1731,4,1740,1735,-5,0,0,,,,,,
2015,4,30,4,EV,4398,N12900,BOS,CLE,1532,1526,-6,14,1540,122,116,97,563,1717,5,1734,1722,-12,0,0,,,,,,
2015,11,28,6,EV,4971,N850AS,AVL,ATL,1920,1904,-16,23,1927,66,67,37,164,2004,7,2026,2011,-15,0,0,,,,,,
2015,6,21,7,AA,83,N850AA,MCO,DFW,730,736,6,12,748,167,156,136,985,904,8,917,912,-5,0,0,,,,,,
2015,1,18,7,WN,1873,N7721E,BUR,SMF,1925,1922,-3,10,1932,75,79,65,358,2037,4,2040,2041,1,0,0,,,,,,
2015,5,11,1,DL,854,N121DE,SFO,DTW,700,656,-4,29,725,278,274,235,2079,1420,10,1438,1430,-8,0,0,,,,,,
2015,9,12,6,DL,1679,N337NB,DTW,BDL,1548,1546,-2,12,1558,99,91,75,549,1713,4,1727,1717,-10,0,0,,,,,,
2015,7,6,1,F9,341,N929FR,DEN,BZN,1840,2036,116,11,2047,95,91,75,524,2202,5,2015,2207,112,0,0,,102,0,10,0,0
2015,1,26,1,EV,4939,N528CA,TLH,ATL,1751,1749,-2,8,1757,68,62,47,223,1844,7,1859,1851,-8,0,0,,,,,,
2015,5,21,4,DL,1741,N363NW,CVG,SLC,830,829,-1,10,839,229,226,207,1450,1006,9,1019,1015,-4,0,0,,,,,,
2015,7,20,1,OO,7419,N8884E,MSP,ABR,2200,2154,-6,16,2210,72,68,47,257,2257,5,2312,2302,-10,0,0,,,,,,
2015,5,29,5,EV,5124,N371CA,IAH,DTW,730,740,10,28,808,167,170,135,1075,1123,7,1117,1130,13,0,0,,,,,,
2015,5,1,5,AA,1361,N3JVAA,BNA,LAX,655,648,-7,13,701,281,257,238,1797,859,6,936,905,-31,0,0,,,,,,
2015,3,3,2,WN,524,N459WN,HOU,MSY,1630,1632,2,14,1646,65,58,40,302,1726,4,1735,1730,-5,0,0,,,,,,
2015,9,6,7,WN,1859,N459WN,PHX,BWI,1340,1342,2,8,1350,260,261,249,1999,2059,4,2100,2103,3,0,0,,,,,,
2015,9,20,7,NK,404,N505NK,FLL,ATL,730,725,-5,13,738,111,110,85,581,903,12,921,915,-6,0,0,,,,,,
2015,9,1,2,DL,436,N375DA,JFK,SAN,1947,1956,9,35,2031,377,363,323,2446,2254,5,2304,2259,-5,0,0,,,,,,
2015,4,1,3,WN,1251,N8619F,BUF,BWI,610,608,-2,16,624,90,81,48,281,712,17,740,729,-11,0,0,,,,,,
2015,3,9,1,MQ,3272,N659MQ,DFW,PNS,1650,1724,34,15,1739,100,98,80,604,1859,3,1830,1902,32,0,0,,0,0,32,0,0
2015,4,15,3,WN,4900,N449WN,BWI,CLE,645,641,-4,13,654,75,71,55,314,749,3,800,752,-8,0,0,,,,,,
2015,5,25,1,WN,657,N713SW,HOU,EWR,700,655,-5,6,701,210,191,178,1411,1059,7,1130,1106,-24,0,0,,,,,,
2015,8,12,3,UA,1027,N68807,PHL,ORD,643,644,1,16,700,137,118,97,678,737,5,800,742,-18,0,0,,,,,,
2015,10,22,4,AA,186,N3LBAA,13930,10721,1155,1150,-5,19,1209,149,130,105,867,1454,6,1524,1500,-24,0,0,,,,,,
2015,10,26,1,AA,78,N4WTAA,14869,11298,1340,1331,-9,11,1342,162,147,126,989,1648,10,1722,1658,-24,0,0,,,,,,
2015,6,7,7,WN,3839,N669SW,ECP,BWI,1215,1219,4,8,1227,130,138,121,798,1528,9,1525,1537,12,0,0,,,,,,
2015,2,15,7,DL,2569,N689DL,SLC,LAX,2155,2150,-5,13,2203,124,105,75,590,2218,17,2259,2235,-24,0,0,,,,,,
2015,7,25,6,EV,2668,N687JS,VPS,DFW,1409,1410,1,8,1418,131,151,101,641,1559,42,1620,1641,21,0,0,,20,0,1,0,0
2015,8,11,2,OO,4686,N438SW,MSP,RAP,1500,1455,-5,13,1508,95,98,79,489,1527,6,1535,1533,-2,0,0,,,,,,
2015,6,3,3,DL,2615,N338NB,MSP,OMA,955,956,1,23,1019,71,75,49,282,1108,3,1106,1111,5,0,0,,,,,,
2015,12,5,6,WN,1934,N404WN,MDW,PIT,800,,,,,75,,,402,,,1015,,,0,1,B,,,,,
2015,7,26,7,B6,948,N806JB,LAS,JFK,2107,2300,113,15,2315,293,303,281,2248,656,7,500,703,123,0,0,,10,0,0,113,0
2015,3,31,2,AS,840,N532AS,OGG,OAK,1540,1537,-3,9,1546,295,269,256,2349,2302,4,2335,2306,-29,0,0,,,,,,
2015,10,20,2,DL,714,N596NW,13204,10397,930,927,-3,14,941,89,81,62,404,1043,5,1059,1048,-11,0,0,,,,,,
2015,9,21,1,AA,147,N3MEAA,BOS,LAX,1635,1715,40,21,1736,388,381,355,2611,2031,5,2003,2036,33,0,0,,33,0,0,0,0
2015,4,11,6,DL,2056,N399DA,JFK,SLC,1607,1612,5,32,1644,320,306,269,1990,1913,5,1927,1918,-9,0,0,,,,,,
2015,8,6,4,AA,486,N587UW,PHX,ORD,1840,1919,39,13,1932,212,188,171,1440,23,4,12,27,15,0,0,,0,0,13,2,0
2015,5,2,6,WN,3413,N723SW,LAX,SMF,955,952,-3,4,956,75,67,59,373,1055,4,1110,1059,-11,0,0,,,,,,
2015,7,18,6,MQ,3420,N528MQ,ORD,COU,1418,1452,34,61,1553,80,110,47,315,1640,2,1538,1642,64,0,0,,34,0,0,30,0
2015,10,15,4,EV,4197,N12567,12266,13061,910,903,-7,12,915,75,68,49,301,1004,7,1025,1011,-14,0,0,,,,,,
2015,9,14,1,B6,760,N373JB,PHL,BOS,2055,2038,-17,14,2052,73,74,54,280,2146,6,2208,2152,-16,0,0,,,,,,
2015,10,8,4,AA,1062,N467AA,11298,13198,710,700,-10,22,722,99,97,71,460,833,4,849,837,-12,0,0,,,,,,
2015,6,18,4,DL,1088,N6703D,MSP,ANC,1739,1735,-4,32,1807,344,347,311,2519,2018,4,2023,2022,-1,0,0,,,,,,
2015,2,22,7,EV,6040,N11184,ORD,DTW,1055,1053,-2,8,1101,79,66,46,235,1247,12,1314,1259,-15,0,0,,,,,,
2015,2,19,4,EV,4967,N600QX,DTW,MBS,1205,1219,14,19,1238,57,51,28,98,1306,4,1302,1310,8,0,0,,,,,,
2015,10,4,7,B6,233,N267JB,10785,12478,550,546,-4,15,601,78,78,52,266,653,11,708,704,-4,0,0,,,,,,
2015,3,29,7,EV,5970,N13202,DAY,DEN,755,748,-7,19,807,200,188,160,1085,847,9,915,856,-19,0,0,,,,,,
2015,4,2,4,AA,1361,N3HVAA,BNA,LAX,655,654,-1,26,720,286,311,271,1797,951,14,941,1005,24,0,0,,24,0,0,0,0
2015,4,27,1,OO,5482,N710SK,SBA,DEN,545,537,-8,12,549,145,151,134,916,903,5,910,908,-2,0,0,,,,,,
2015,1,27,2,DL,1282,N342NW,MIA,DTW,1120,1226,66,19,1245,188,187,162,1145,1527,6,1428,1533,65,0,0,,0,0,1,64,0
2015,8,14,5,DL,1785,N377NW,MSP,ORD,1012,1013,1,24,1037,83,90,51,334,1128,15,1135,1143,8,0,0,,,,,,
2015,4,23,4,DL,723,N919AT,BUF,ATL,1311,1309,-2,11,1320,132,119,99,712,1459,9,1523,1508,-15,0,0,,,,,,
2015,1,11,7,OO,4673,N675BR,SLC,BUR,2001,1957,-4,28,2025,124,129,97,574,2102,4,2105,2106,1,0,0,,,,,,
2015,4,5,7,EV,6053,N27962,IND,ORD,1421,1424,3,13,1437,71,67,38,177,1415,16,1432,1431,-1,0,0,,,,,,
2015,8,11,2,EV,5077,N858AS,ATL,GNV,820,816,-4,18,834,67,70,48,300,922,4,927,926,-1,0,0,,,,,,
2015,1,25,7,EV,4895,N710EV,LGA,CLE,1715,1712,-3,30,1742,116,118,72,419,1854,16,1911,1910,-1,0,0,,,,,,
2015,1,25,7,F9,901,N954FR,TTN,ATL,600,555,-5,58,653,139,176,110,701,843,8,819,851,32,0,0,,32,0,0,0,0
2015,5,14,4,DL,1796,N905DL,LGA,MSP,1616,1641,25,24,1705,198,186,158,1020,1843,4,1834,1847,13,0,0,,,,,,
2015,5,10,7,WN,3487,N478WN,HOU,EWR,1125,1149,24,7,1156,210,202,189,1411,1605,6,1555,1611,16,0,0,,0,0,16,0,0
2015,8,27,4,AA,1096,N482AA,COS,DFW,610,603,-7,14,617,112,97,78,592,835,5,902,840,-22,0,0,,,,,,
2015,3,5,4,EV,5129,N607LR,ATL,TUL,1051,1051,0,36,1127,125,147,106,674,1213,5,1156,1218,22,0,0,,22,0,0,0,0
2015,4,12,7,UA,1186,N63820,EWR,MIA,817,814,-3,21,835,196,177,150,1085,1105,6,1133,1111,-22,0,0,,,,,,
2015,7,29,3,DL,1097,N3753,CMH,LAX,645,639,-6,19,658,280,281,252,1995,810,10,825,820,-5,0,0,,,,,,
2015,1,9,5,WN,4338,N346SW,OAK,PHX,600,555,-5,13,608,110,115,96,646,844,6,850,850,0,0,0,,,,,,
2015,4,4,6,UA,1709,N21723,IAD,STT,1230,1225,-5,25,1250,233,225,193,1606,1603,7,1623,1610,-13,0,0,,,,,,
2015,7,6,1,OO,5327,N494CA,SGU,DEN,715,707,-8,64,811,104,147,75,517,926,8,859,934,35,0,0,,35,0,0,0,0
2015,1,12,1,AA,2315,N437AA,DFW,ORD,1425,1431,6,17,1448,139,136,100,802,1628,19,1644,1647,3,0,0,,,,,,
2015,10,10,6,EV,5209,N868AS,11953,10397,1215,1254,39,24,1318,75,90,56,300,1414,10,1330,1424,54,0,0,,15,0,8,31,0
2015,5,7,4,US,718,N913US,SFO,PHL,830,828,-2,18,846,323,330,300,2521,1646,12,1653,1658,5,0,0,,,,,,
2015,1,12,1,UA,1082,N12238,PDX,EWR,750,757,7,18,815,310,315,285,2434,1600,12,1600,1612,12,0,0,,,,,,
2015,10,10,6,DL,2019,N968AT,14747,12892,1059,1059,0,18,1117,165,166,129,954,1326,19,1344,1345,1,0,0,,,,,,
2015,1,9,5,WN,851,N949WN,SNA,SMF,1740,1744,4,8,1752,85,79,67,404,1859,4,1905,1903,-2,0,0,,,,,,
2015,2,18,3,EV,4481,N13969,IAH,MAF,1125,1121,-4,19,1140,92,95,71,429,1251,5,1257,1256,-1,0,0,,,,,,
2015,8,8,6,OO,6206,N920SW,DEN,RAP,755,753,-2,13,806,71,61,43,300,849,5,906,854,-12,0,0,,,,,,
2015,7,1,3,OO,2787,N906SW,MRY,PHX,615,619,4,8,627,111,108,95,598,802,5,806,807,1,0,0,,,,,,
2015,1,21,3,DL,2207,N304DQ,ATL,CHS,2155,2153,-2,18,2211,69,60,37,259,2248,5,2304,2253,-11,0,0,,,,,,
2015,10,15,4,DL,991,N921DN,10397,11433,1205,1204,-1,13,1217,122,111,90,594,1347,8,1407,1355,-12,0,0,,,,,,
2015,2,23,1,US,2150,N831AW,DCA,BOS,2100,2115,15,13,2128,84,76,57,399,2225,6,2224,2231,7,0,0,,,,,,
2015,2,9,1,OO,3496,N216AG,SEA,FAT,850,851,1,17,908,125,124,102,748,1050,5,1055,1055,0,0,0,,,,,,
2015,12,20,7,OO,2985,N907SW,PHX,FAT,2059,2057,-2,23,2120,107,112,83,493,2143,6,2146,2149,3,0,0,,,,,,
2015,4,28,2,WN,4025,N915WN,SMF,SAN,2215,2210,-5,8,2218,85,82,70,480,2328,4,2340,2332,-8,0,0,,,,,,
2015,8,22,6,DL,1681,N991AT,CMH,ATL,1055,1051,-4,14,1105,93,82,65,447,1210,3,1228,1213,-15,0,0,,,,,,
2015,3,20,5,OO,5349,N679SA,DLH,ORD,1056,1048,-8,11,1059,97,100,77,397,1216,12,1233,1228,-5,0,0,,,,,,
2015,10,21,3,OO,4526,N443SW,13487,13029,1515,1508,-7,26,1534,78,85,56,331,1630,3,1633,1633,0,0,0,,,,,,
2015,11,9,1,OO,4739,N611SK,MSP,LNK,1120,1119,-1,25,1144,82,79,51,331,1235,3,1242,1238,-4,0,0,,,,,,
2015,12,1,2,NK,595,N641NK,ORD,IAH,828,832,4,16,848,164,171,147,925,1115,8,1112,1123,11,0,0,,,,,,
2015,11,20,5,HA,239,N477HA,HNL,LIH,1650,1707,17,17,1724,40,46,24,102,1748,5,1730,1753,23,0,0,,0,0,9,14,0
2015,12,29,2,WN,453,N630WN,SFO,LAS,2025,2041,16,9,2050,85,73,56,414,2146,8,2150,2154,4,0,0,,,,,,
2015,12,19,6,HA,139,N492HA,KOA,OGG,1329,1330,1,9,1339,35,36,22,84,1401,5,1404,1406,2,0,0,,,,,,
2015,7,19,7,B6,952,N192JB,MCO,BOS,1430,1422,-8,13,1435,175,171,151,1121,1706,7,1725,1713,-12,0,0,,,,,,
2015,10,19,1,WN,1058,N563WN,14635,12339,1145,1141,-4,10,1151,150,144,129,945,1400,5,1415,1405,-10,0,0,,,,,,
2015,10,4,7,AA,1129,N4YBAA,12339,11298,1610,1606,-4,15,1621,144,137,113,761,1714,9,1734,1723,-11,0,0,,,,,,
2015,5,20,3,F9,241,N938FR,BNA,DEN,1230,1237,7,15,1252,167,168,146,1014,1418,7,1417,1425,8,0,0,,,,,,
2015,4,24,5,WN,658,N554WN,SAN,MDW,855,851,-4,10,901,230,210,190,1728,1411,10,1445,1421,-24,0,0,,,,,,
2015,8,12,3,AA,1433,N583AA,SAT,DFW,700,654,-6,19,713,75,66,43,247,756,4,815,800,-15,0,0,,,,,,
2015,3,21,6,DL,1537,N319NB,ATL,LIT,1600,1559,-1,10,1609,94,84,68,453,1617,6,1634,1623,-11,0,0,,,,,,
2015,2,9,1,DL,2413,N918DE,MSP,ORD,1000,959,-1,12,1011,95,78,52,334,1103,14,1135,1117,-18,0,0,,,,,,
2015,5,23,6,AA,1160,N474AA,DFW,RDU,710,702,-8,15,717,168,151,132,1061,1029,4,1058,1033,-25,0,0,,,,,,
2015,4,18,6,AA,1606,N469AA,DFW,RDU,2010,2107,57,34,2141,169,167,129,1061,50,4,2359,54,55,0,0,,0,0,0,0,55
2015,6,9,2,AS,684,N613AS,SEA,GEG,1230,1227,-3,18,1245,57,59,37,224,1322,4,1327,1326,-1,0,0,,,,,,
2015,9,8,2,B6,886,N645JB,RDU,JFK,1013,1017,4,14,1031,88,83,65,427,1136,4,1141,1140,-1,0,0,,,,,,
2015,1,31,6,OO,4665,N817SK,SLC,IDA,1700,1657,-3,24,1721,62,76,46,188,1807,6,1802,1813,11,0,0,,,,,,
2015,8,14,5,AA,1570,N3JYAA,SJU,MIA,2020,2013,-7,12,2025,162,169,137,1045,2242,20,2302,2302,0,0,0,,,,,,
2015,10,20,2,WN,750,N932WN,14492,12191,1800,1758,-2,10,1808,175,161,148,1050,1936,3,1955,1939,-16,0,0,,,,,,
2015,6,16,2,B6,1042,N623JB,SAV,JFK,1900,140,400,12,152,139,110,93,718,325,5,2119,330,371,0,0,,0,0,371,0,0
2015,9,1,2,WN,3045,N8327A,MSP,DEN,630,623,-7,10,633,125,113,97,680,710,6,735,716,-19,0,0,,,,,,
2015,11,9,1,AA,620,N923US,PHX,CLT,940,937,-3,20,957,236,237,209,1773,1526,8,1536,1534,-2,0,0,,,,,,
2015,8,26,3,WN,549,N744SW,BWI,ISP,1250,1251,1,9,1300,60,55,41,220,1341,5,1350,1346,-4,0,0,,,,,,
2015,11,14,6,DL,2517,N914DE,VPS,ATL,519,513,-6,11,524,66,57,42,250,706,4,725,710,-15,0,0,,,,,,
2015,2,12,4,WN,523,N232WN,MCI,LAS,1115,1111,-4,7,1118,190,159,147,1139,1145,5,1225,1150,-35,0,0,,,,,,
2015,8,12,3,EV,3806,N13992,MKE,EWR,756,746,-10,8,754,131,140,109,725,1043,23,1107,1106,-1,0,0,,,,,,
2015,8,16,7,MQ,3341,N643MQ,DSM,ORD,940,932,-8,8,940,83,72,54,299,1034,10,1103,1044,-19,0,0,,,,,,
2015,6,15,1,WN,3675,N743SW,SJC,BUR,1245,1252,7,8,1300,60,55,45,296,1345,2,1345,1347,2,0,0,,,,,,
2015,11,26,4,B6,888,N649JB,SFO,LAS,1240,1253,13,15,1308,99,90,65,414,1413,10,1419,1423,4,0,0,,,,,,
2015,8,6,4,WN,327,N294WN,LAX,SJC,1550,1613,23,14,1627,65,65,47,308,1714,4,1655,1718,23,0,0,,0,0,0,23,0
2015,4,14,2,WN,588,N8607M,LAS,SLC,850,853,3,14,907,80,76,55,368,1102,7,1110,1109,-1,0,0,,,,,,
2015,3,14,6,WN,2530,N406WN,MDW,MCO,1635,1634,-1,12,1646,150,149,129,990,1955,8,2005,2003,-2,0,0,,,,,,
2015,10,8,4,B6,727,N239JB,10721,10821,625,625,0,17,642,91,78,57,369,739,4,756,743,-13,0,0,,,,,,
2015,6,3,3,DL,721,N941DN,MSP,ATL,1910,2029,79,16,2045,151,140,117,907,2342,7,2241,2349,68,0,0,,0,0,16,52,0
2015,10,31,6,WN,1754,N563WN,14122,13204,1250,1248,-2,8,1256,140,123,108,834,1444,7,1510,1451,-19,0,0,,,,,,
2015,2,16,1,EV,5911,N14950,GRB,ORD,943,939,-4,8,947,63,50,34,173,1021,8,1046,1029,-17,0,0,,,,,,
2015,2,17,2,US,738,N721UW,BOS,PHL,1730,1744,14,39,1823,104,111,67,280,1930,5,1914,1935,21,0,0,,21,0,0,0,0
2015,8,22,6,WN,4344,N451WN,SAN,RNO,950,947,-3,17,1004,90,83,64,488,1108,2,1120,1110,-10,0,0,,,,,,
2015,1,14,3,WN,292,N712SW,DEN,TUS,855,851,-4,17,908,125,124,103,639,1051,4,1100,1055,-5,0,0,,,,,,
2015,2,21,6,EV,6159,N14568,CMH,ORD,1052,1130,38,51,1221,83,119,60,296,1221,8,1115,1229,74,0,0,,36,0,28,10,0
2015,12,16,3,DL,1524,N143DA,SLC,ATL,830,842,12,19,901,224,204,174,1590,1355,11,1414,1406,-8,0,0,,,,,,
2015,10,25,7,OO,4646,N629BR,13487,14696,1910,1907,-3,17,1924,94,78,56,411,2120,5,2144,2125,-19,0,0,,,,,,
2015,3,26,4,B6,921,N238JB,BOS,PBI,800,757,-3,14,811,197,199,182,1197,1113,3,1117,1116,-1,0,0,,,,,,
2015,4,22,3,WN,4277,N369SW,HOU,GSP,1445,1501,16,9,1510,125,112,99,845,1749,4,1750,1753,3,0,0,,,,,,
2015,2,13,5,MQ,3638,N546MQ,ORD,COU,1050,1130,40,15,1145,78,74,55,315,1240,4,1208,1244,36,0,0,,0,0,15,21,0
2015,3,27,5,AA,2257,N3DRAA,PHX,DFW,1650,1644,-6,10,1654,136,134,116,868,2050,8,2106,2058,-8,0,0,,,,,,
2015,2,15,7,HA,48,N590HA,HNL,OAK,1430,1426,-4,11,1437,310,333,316,2409,2153,6,2140,2159,19,0,0,,0,0,19,0,0
2015,5,3,7,OO,2760,N889AS,GJT,PHX,820,810,-10,14,824,110,95,73,438,837,8,910,845,-25,0,0,,,,,,
2015,7,28,2,AS,159,N566AS,LAX,ANC,900,928,28,20,948,325,320,297,2345,1345,3,1325,1348,23,0,0,,0,0,23,0,0
2015,10,24,6,OO,6420,N135SY,14771,14057,2302,2253,-9,24,2317,105,101,74,550,31,3,47,34,-13,0,0,,,,,,
2015,8,30,7,AA,1830,N830AW,ORF,CLT,700,653,-7,15,708,84,84,61,290,809,8,824,817,-7,0,0,,,,,,
2015,11,12,4,WN,2863,N628SW,DAL,BHM,615,613,-2,7,620,90,82,72,587,732,3,745,735,-10,0,0,,,,,,
2015,4,15,3,WN,1182,N412WN,LAX,ATL,825,824,-1,9,833,260,251,230,1947,1523,12,1545,1535,-10,0,0,,,,,,
2015,1,29,4,UA,255,N823UA,PIT,IAH,805,804,-1,11,815,202,174,157,1117,952,6,1027,958,-29,0,0,,,,,,
2015,8,1,6,UA,768,N481UA,SFO,ORD,1329,1337,8,30,1407,264,256,211,1846,1938,15,1953,1953,0,0,0,,,,,,
2015,7,4,6,B6,1480,N328JB,FLL,DCA,919,917,-2,12,929,146,130,115,899,1124,3,1145,1127,-18,0,0,,,,,,
2015,8,17,1,UA,1710,N17233,DEN,ORD,535,533,-2,13,546,145,145,110,888,836,22,900,858,-2,0,0,,,,,,
2015,4,5,7,DL,124,N341NW,MCO,BOS,1235,1320,45,10,1330,166,163,146,1121,1556,7,1521,1603,42,0,0,,0,0,0,42,0
2015,6,11,4,VX,769,N522VA,LGA,DAL,1845,1907,22,32,1939,220,242,184,1381,2143,26,2125,2209,44,0,0,,22,0,0,22,0
2015,11,9,1,NK,231,N601NK,ATL,FLL,705,700,-5,9,709,105,97,81,581,830,7,850,837,-13,0,0,,,,,,
2015,12,31,4,AA,1818,N952UW,CLT,DFW,1256,1256,0,14,1310,177,181,158,936,1448,9,1453,1457,4,0,0,,,,,,
2015,5,28,4,AS,764,N568AS,PDX,DCA,935,943,8,16,959,310,298,279,2350,1738,3,1745,1741,-4,0,0,,,,,,
2015,5,12,2,WN,796,N425LV,MDW,MCI,530,527,-3,7,534,85,77,67,405,641,3,655,644,-11,0,0,,,,,,
2015,12,8,2,WN,2733,N286WN,LAX,BNA,1140,1138,-2,9,1147,230,242,225,1797,1732,8,1730,1740,10,0,0,,,,,,
2015,5,28,4,DL,932,N900PC,ATL,JAX,725,744,19,15,759,65,62,42,270,841,5,830,846,16,0,0,,0,0,16,0,0
2015,1,18,7,US,763,N705UW,MSY,CLT,1255,1250,-5,7,1257,104,102,88,651,1525,7,1539,1532,-7,0,0,,,,,,
2015,5,4,1,AA,1405,N568AA,ORD,MSP,727,755,28,18,813,92,81,57,334,910,6,859,916,17,0,0,,0,0,17,0,0
2015,9,25,5,DL,1947,N320US,MSP,RAP,2155,2149,-6,14,2203,100,86,68,489,2211,4,2235,2215,-20,0,0,,,,,,
2015,5,28,4,WN,4736,N949WN,SNA,SMF,2030,2057,27,7,2104,85,79,66,404,2210,6,2155,2216,21,0,0,,0,0,2,19,0
2015,11,14,6,AA,855,N808AW,SMF,PHX,1917,1908,-9,8,1916,103,108,94,647,2150,6,2200,2156,-4,0,0,,,,,,
2015,10,11,7,UA,1579,N33286,13930,14771,1200,1204,4,13,1217,285,265,239,1846,1416,13,1445,1429,-16,0,0,,,,,,
2015,7,2,4,UA,1082,N15710,BOS,EWR,1227,1344,77,20,1404,98,89,61,200,1505,8,1405,1513,68,0,0,,0,0,68,0,0
2015,5,5,2,WN,503,N8305E,SAN,DEN,710,711,1,18,729,150,141,119,853,1028,4,1040,1032,-8,0,0,,,,,,
2015,5,20,3,AA,2317,N3JWAA,DFW,SFO,905,909,4,56,1005,237,258,196,1464,1121,6,1102,1127,25,0,0,,25,0,0,0,0
2015,9,1,2,B6,1023,N934JB,JFK,LAX,2130,2130,0,20,2150,374,346,319,2475,9,7,44,16,-28,0,0,,,,,,
2015,12,15,2,WN,616,N783SW,ATL,RDU,1605,1602,-3,11,1613,75,77,57,356,1710,9,1720,1719,-1,0,0,,,,,,
2015,3,4,3,B6,1415,N943JB,JFK,SFO,1059,1134,35,15,1149,396,420,394,2586,1523,11,1435,1534,59,0,0,,24,0,35,0,0
2015,3,20,5,UA,1250,N34460,ORD,SLC,911,917,6,23,940,219,204,177,1250,1137,4,1150,1141,-9,0,0,,,,,,
2015,3,23,1,US,1904,N833AW,DCA,CLT,535,531,-4,28,559,87,96,62,331,701,6,702,707,5,0,0,,,,,,
2015,7,13,1,AA,2336,N3DMAA,DFW,MIA,610,610,0,12,622,170,190,156,1121,958,22,1000,1020,20,0,0,,20,0,0,0,0
2015,8,25,2,AA,2121,,LGA,BOS,900,,,,,78,,,184,,,1018,,,0,1,A,,,,,
2015,12,16,3,UA,1987,N24729,DCA,ORD,945,948,3,16,1004,128,128,102,612,1046,10,1053,1056,3,0,0,,,,,,
2015,9,23,3,AA,1304,N487AA,DFW,OKC,855,849,-6,10,859,62,50,36,175,935,4,957,939,-18,0,0,,,,,,
2015,10,11,7,WN,1791,N493WN,14893,12892,1630,1640,10,8,1648,80,70,57,373,1745,5,1750,1750,0,0,0,,,,,,
2015,9,16,3,F9,123,N925FR,DFW,DEN,1500,1556,56,16,1612,129,117,93,641,1645,8,1609,1653,44,0,0,,0,0,0,44,0
2015,10,18,7,MQ,3458,N642MQ,10980,13930,1525,1522,-3,18,1540,112,147,88,501,1608,41,1617,1649,32,0,0,,32,0,0,0,0
2015,12,29,2,NK,460,N611NK,ATL,ORD,645,645,0,22,707,121,136,88,606,735,26,746,801,15,0,0,,15,0,0,0,0
2015,8,22,6,DL,513,N924DN,SAN,MSP,1500,1500,0,23,1523,214,,,1532,,,2034,,,1,0,,,,,,
2015,3,1,7,DL,1199,N963DL,ATL,STL,1526,1541,15,24,1605,112,104,78,484,1623,2,1618,1625,7,0,0,,,,,,
2015,10,6,2,OO,5657,N905SW,11603,11292,1523,1528,5,11,1539,162,176,155,996,1914,10,1905,1924,19,0,0,,14,0,0,5,0
2015,11,5,4,B6,729,N625JB,MCO,BQN,2215,2215,0,11,2226,160,148,132,1129,138,5,155,143,-12,0,0,,,,,,
2015,4,21,2,NK,356,N604NK,SAN,LAS,1520,1517,-3,13,1530,70,75,47,258,1617,15,1630,1632,2,0,0,,,,,,
2015,12,24,4,MQ,3228,N694MQ,GCK,DFW,1623,1628,5,9,1637,90,80,66,404,1743,5,1753,1748,-5,0,0,,,,,,
2015,9,20,7,EV,4140,N17984,IAH,JAX,1946,1943,-3,20,2003,129,129,104,817,2247,5,2255,2252,-3,0,0,,,,,,
2015,6,1,1,US,1972,N561UW,MCO,CLT,1200,1152,-8,18,1210,105,106,75,468,1325,13,1345,1338,-7,0,0,,,,,,
2015,10,25,7,OO,5511,N110SY,11433,13930,1608,1607,-1,16,1623,81,69,47,235,1610,6,1629,1616,-13,0,0,,,,,,
2015,8,17,1,WN,220,N7741C,MDW,ICT,1955,2045,50,35,2120,110,128,87,589,2247,6,2145,2253,68,0,0,,18,0,0,50,0
2015,1,24,6,MQ,3286,N622MQ,SHV,DFW,855,853,-2,10,903,65,53,38,190,941,5,1000,946,-14,0,0,,,,,,
2015,12,17,4,B6,582,N635JB,HOU,JFK,1040,1135,55,8,1143,198,178,163,1428,1526,7,1458,1533,35,0,0,,0,0,6,29,0
2015,4,30,4,WN,4661,N620SW,AUS,ATL,1830,1855,25,6,1901,130,118,106,813,2147,6,2140,2153,13,0,0,,,,,,
2015,12,3,4,VX,909,N629VA,LAS,SFO,1555,1659,64,14,1713,90,91,71,414,1824,6,1725,1830,65,0,0,,65,0,0,0,0
2015,1,4,7,DL,2332,N805DN,SFO,ATL,2045,2046,1,12,2058,329,263,247,2139,405,4,514,409,-65,0,0,,,,,,
2015,6,16,2,EV,2648,N880AS,DFW,TYR,1205,1327,82,20,1347,52,68,45,102,1432,3,1257,1435,98,0,0,,16,0,82,0,0
2015,4,15,3,MQ,3001,N628MQ,DFW,GRK,1700,1657,-3,13,1710,58,44,28,134,1738,3,1758,1741,-17,0,0,,,,,,
2015,12,3,4,MQ,3381,N670MQ,DFW,MOB,1700,1654,-6,16,1710,96,96,76,539,1826,4,1836,1830,-6,0,0,,,,,,
2015,1,19,1,EV,5410,N608QX,MDW,DTW,700,653,-7,14,707,69,72,49,228,856,9,909,905,-4,0,0,,,,,,
2015,3,11,3,B6,701,N624JB,FLL,LAX,1130,1122,-8,12,1134,354,330,306,2342,1340,12,1424,1352,-32,0,0,,,,,,
2015,11,23,1,WN,2696,N482WN,HOU,EWR,1840,1843,3,11,1854,195,188,170,1411,2244,7,2255,2251,-4,0,0,,,,,,
2015,9,30,3,WN,697,N7744A,BUR,LAS,705,658,-7,12,710,65,59,42,223,752,5,810,757,-13,0,0,,,,,,
2015,10,1,4,OO,5329,N979SW,13930,10431,2100,2055,-5,24,2119,106,103,75,536,2334,4,2346,2338,-8,0,0,,,,,,
2015,12,22,2,EV,4452,N13538,IAH,VPS,902,856,-6,16,912,96,104,70,528,1022,18,1038,1040,2,0,0,,,,,,
2015,9,3,4,DL,1565,N354NB,DTW,BNA,2155,2320,85,13,2333,98,85,68,456,2341,4,2233,2345,72,0,0,,0,0,8,64,0
2015,9,5,6,AA,2404,N3GJAA,LAX,DFW,500,454,-6,16,510,200,172,149,1235,939,7,1020,946,-34,0,0,,,,,,
2015,1,11,7,EV,5096,N758EV,LGA,OMA,1955,2009,14,24,2033,206,199,172,1148,2225,3,2221,2228,7,0,0,,,,,,
2015,1,12,1,UA,1681,N75436,ORD,TPA,1815,1833,18,17,1850,164,157,134,1012,2204,6,2159,2210,11,0,0,,,,,,
2015,2,10,2,OO,2682,N468CA,GJT,PHX,1215,1209,-6,12,1221,93,97,80,438,1341,5,1348,1346,-2,0,0,,,,,,
2015,4,7,2,OO,6471,N130SY,LAX,SFO,2200,2219,19,26,2245,88,92,62,337,2347,4,2328,2351,23,0,0,,4,0,0,19,0
2015,1,10,6,WN,3168,N8309C,MCO,MHT,740,831,51,12,843,165,159,144,1142,1107,3,1025,1110,45,0,0,,0,0,45,0,0
2015,8,2,7,WN,884,N452WN,GRR,BWI,1505,1504,-1,12,1516,95,91,75,528,1631,4,1640,1635,-5,0,0,,,,,,
2015,10,18,7,UA,1217,N21723,11618,14492,1441,1615,94,25,1640,98,92,61,416,1741,6,1619,1747,88,0,0,,0,0,17,71,0
2015,11,24,2,OO,4555,N953SW,SLC,RDM,1110,1103,-7,32,1135,113,118,82,525,1157,4,1203,1201,-2,0,0,,,,,,
2015,1,9,5,AS,64,N762AS,JNU,PSG,1355,1346,-9,8,1354,47,38,26,123,1420,4,1442,1424,-18,0,0,,,,,,
2015,10,20,2,EV,4086,N21144,12206,12266,1641,1637,-4,10,1647,75,77,52,295,1739,15,1756,1754,-2,0,0,,,,,,
2015,12,1,2,F9,231,N201FR,BNA,DEN,1905,1901,-4,15,1916,179,179,155,1014,2051,9,2104,2100,-4,0,0,,,,,,
2015,5,7,4,DL,2591,N949DN,SJC,MSP,1235,1234,-1,11,1245,222,222,201,1576,1806,10,1817,1816,-1,0,0,,,,,,
2015,1,10,6,MQ,3254,N695MQ,DFW,SAV,1930,1927,-3,12,1939,133,130,113,925,2232,5,2243,2237,-6,0,0,,,,,,
2015,6,17,3,DL,545,N959DL,MEM,ATL,1605,1605,0,19,1624,92,81,52,332,1816,10,1837,1826,-11,0,0,,,,,,
2015,5,6,3,DL,932,N808DN,ATL,JAX,725,723,-2,11,734,65,57,42,270,816,4,830,820,-10,0,0,,,,,,
2015,12,2,3,UA,1180,N452UA,SJC,DEN,1425,1417,-8,10,1427,143,132,116,948,1723,6,1748,1729,-19,0,0,,,,,,
2015,7,26,7,DL,2475,N946DL,ATL,MKE,1045,1042,-3,11,1053,120,115,98,669,1131,6,1145,1137,-8,0,0,,,,,,
2015,11,21,6,DL,1863,N935DL,ATL,LIT,1026,1024,-2,11,1035,97,93,78,453,1053,4,1103,1057,-6,0,0,,,,,,
2015,4,13,1,US,1961,N172US,BWI,CLT,850,924,34,21,945,89,89,62,361,1047,6,1019,1053,34,0,0,,0,0,34,0,0
2015,5,17,7,AS,545,N796AS,ONT,SEA,600,555,-5,13,608,157,147,129,956,817,5,837,822,-15,0,0,,,,,,
2015,10,27,2,AA,1560,N3CNAA,11298,14908,1220,1217,-3,12,1229,195,189,171,1205,1320,6,1335,1326,-9,0,0,,,,,,
2015,12,10,4,B6,929,N524JB,JFK,RSW,836,843,7,33,916,193,189,152,1074,1148,4,1149,1152,3,0,0,,,,,,
2015,6,18,4,US,851,N197UW,PHL,DEN,1845,2013,88,52,2105,263,278,216,1558,2241,10,2108,2251,103,0,0,,15,0,1,87,0
2015,5,3,7,MQ,3327,N624MQ,SJT,DFW,1823,1818,-5,6,1824,62,87,43,229,1907,38,1925,1945,20,0,0,,20,0,0,0,0
2015,6,3,3,VX,945,N624VA,LAX,SFO,2010,2110,60,14,2124,80,109,89,337,2253,6,2130,2259,89,0,0,,89,0,0,0,0
2015,6,13,6,OO,4815,N455CA,FAT,SLC,1315,1310,-5,13,1323,97,98,79,501,1542,6,1552,1548,-4,0,0,,,,,,
2015,3,13,5,EV,4628,N14993,STL,EWR,1521,1603,42,6,1609,144,133,117,872,1906,10,1845,1916,31,0,0,,0,0,0,31,0
2015,5,13,3,AS,12,N467AS,SEA,BOS,920,914,-6,12,926,332,317,282,2496,1708,23,1752,1731,-21,0,0,,,,,,
2015,3,8,7,AA,1499,N860AA,DFW,LAS,730,725,-5,13,738,179,166,143,1055,801,10,829,811,-18,0,0,,,,,,
2015,5,16,6,DL,2283,N365NB,DTW,ATL,605,601,-4,12,613,116,109,89,594,742,8,801,750,-11,0,0,,,,,,
2015,12,25,5,OO,2970,N465SW,PHX,MTJ,943,937,-6,13,950,102,,,419,1356,5,1125,1401,,1,0,,,,,,
2015,4,23,4,US,1857,N575UW,CLT,MCO,2220,2217,-3,22,2239,93,89,61,468,2340,6,2353,2346,-7,0,0,,,,,,
2015,11,30,1,WN,1323,N523SW,AUS,ELP,1415,1411,-4,9,1420,100,97,84,528,1444,4,1455,1448,-7,0,0,,,,,,
2015,10,26,1,WN,3064,N7821L,14908,14107,745,748,3,17,805,85,73,50,338,855,6,910,901,-9,0,0,,,,,,
2015,11,19,4,DL,1441,N927DN,ATL,CLT,2305,2325,20,12,2337,67,55,36,226,13,7,12,20,8,0,0,,,,,,
2015,7,3,5,AA,1430,N3ADAA,SLC,DFW,845,838,-7,17,855,163,144,120,989,1155,7,1228,1202,-26,0,0,,,,,,
2015,4,28,2,UA,1425,N34455,SFO,IAD,955,1125,90,19,1144,311,315,289,2419,1933,7,1806,1940,94,0,0,,4,0,0,90,0
2015,10,16,5,DL,1523,N340NB,10721,11433,1648,1640,-8,28,1708,137,142,104,632,1852,10,1905,1902,-3,0,0,,,,,,
2015,7,29,3,DL,558,N923AT,BNA,ATL,800,800,0,13,813,73,58,39,214,952,6,1013,958,-15,0,0,,,,,,
2015,4,1,3,WN,1961,N228WN,DAL,TPA,730,725,-5,11,736,140,128,112,917,1028,5,1050,1033,-17,0,0,,,,,,
2015,7,3,5,EV,4915,N719EV,DTW,MSN,831,906,35,11,917,80,63,45,311,902,7,851,909,18,0,0,,0,0,18,0,0
2015,1,23,5,WN,4269,N8310C,MDW,DEN,1955,1956,1,10,2006,170,133,117,895,2103,6,2145,2109,-36,0,0,,,,,,
2015,1,26,1,AA,1104,N3GNAA,DFW,LGA,655,651,-4,11,702,189,213,194,1389,1116,8,1104,1124,20,0,0,,20,0,0,0,0
2015,5,30,6,WN,1844,N252WN,SEA,OAK,820,819,-1,15,834,125,121,101,672,1015,5,1025,1020,-5,0,0,,,,,,
2015,4,14,2,OO,4669,N915EV,SLC,BIL,1105,1101,-4,22,1123,90,85,59,387,1222,4,1235,1226,-9,0,0,,,,,,
2015,1,4,7,WN,440,N765SW,BWI,SJU,1205,1214,9,19,1233,240,258,235,1565,1728,4,1705,1732,27,0,0,,18,0,0,9,0
2015,9,9,3,DL,1541,N6713Y,SEA,SLC,1120,1138,18,14,1152,115,107,89,689,1421,4,1415,1425,10,0,0,,,,,,
2015,4,18,6,OO,5199,N109SY,AUS,SFO,600,552,-8,10,602,249,220,206,1504,728,4,809,732,-37,0,0,,,,,,
2015,3,2,1,AA,2495,N477AA,RNO,DFW,1229,1322,53,17,1339,186,196,163,1345,1822,16,1735,1838,63,0,0,,10,0,44,9,0
2015,6,21,7,WN,1626,N697SW,LAX,PHX,2105,2146,41,7,2153,75,73,61,370,2254,5,2220,2259,39,0,0,,0,0,16,23,0
2015,9,23,3,B6,2779,N304JB,BOS,EWR,2042,2037,-5,12,2049,78,73,53,200,2142,8,2200,2150,-10,0,0,,,,,,
2015,5,7,4,OO,2852,N869AS,LAX,RDM,1015,1007,-8,13,1020,131,120,102,726,1202,5,1226,1207,-19,0,0,,,,,,
2015,7,22,3,DL,1792,N144DA,ATL,SAN,1520,1520,0,28,1548,274,266,233,1892,1641,5,1654,1646,-8,0,0,,,,,,
2015,3,30,1,AS,149,N409AS,LAX,ANC,1955,1953,-2,16,2009,333,300,279,2345,2348,5,28,2353,-35,0,0,,,,,,
2015,11,8,7,AA,1638,N3FPAA,DFW,CLT,1530,1530,0,13,1543,147,142,119,936,1842,10,1857,1852,-5,0,0,,,,,,
2015,11,19,4,UA,269,N76522,ORD,DEN,1937,1948,11,23,2011,162,167,137,888,2128,7,2119,2135,16,0,0,,5,0,11,0,0
2015,11,18,3,AA,70,N3MPAA,LAS,DFW,950,949,-1,21,1010,165,154,124,1055,1414,9,1435,1423,-12,0,0,,,,,,
2015,4,10,5,OO,6259,N706SK,DEN,COS,2217,2209,-8,17,2226,42,38,17,73,2243,4,2259,2247,-12,0,0,,,,,,
2015,2,19,4,DL,2624,N750AT,SLC,SEA,1520,1519,-1,17,1536,125,126,105,689,1621,4,1625,1625,0,0,0,,,,,,
2015,2,10,2,DL,1184,N6701,PBI,ATL,815,812,-3,12,824,113,113,83,545,947,18,1008,1005,-3,0,0,,,,,,
2015,4,23,4,DL,1125,N364NB,ATL,IAD,1121,1117,-4,18,1135,102,92,69,534,1244,5,1303,1249,-14,0,0,,,,,,
2015,9,13,7,UA,574,N481UA,SFO,ORD,1400,1355,-5,21,1416,261,258,223,1846,1959,14,2021,2013,-8,0,0,,,,,,
2015,2,26,4,DL,1387,N698DL,ATL,SJU,1115,1154,39,9,1203,207,198,184,1547,1607,5,1542,1612,30,0,0,,0,0,30,0,0
2015,8,15,6,UA,1951,N66837,SEA,IAH,1405,1405,0,24,1429,265,248,218,1874,2007,6,2030,2013,-17,0,0,,,,,,
2015,6,4,4,US,1820,N110UW,CLT,RSW,2020,2015,-5,13,2028,112,105,87,600,2155,5,2212,2200,-12,0,0,,,,,,
2015,6,21,7,DL,2506,N955DL,ATL,ECP,1345,1342,-3,12,1354,72,58,42,240,1336,4,1357,1340,-17,0,0,,,,,,
2015,5,1,5,UA,470,N407UA,IAH,AUS,2119,2113,-6,41,2154,59,73,26,140,2220,6,2218,2226,8,0,0,,,,,,
2015,7,20,1,OO,5427,N905SW,SFO,RDD,1426,1419,-7,20,1439,64,59,36,199,1515,3,1530,1518,-12,0,0,,,,,,
2015,2,2,1,OO,5234,N708SK,IAH,ATL,1535,1534,-1,15,1549,113,108,83,689,1812,10,1828,1822,-6,0,0,,,,,,
2015,6,1,1,UA,1528,N67846,LAS,SFO,1705,1910,125,21,1931,95,91,65,414,2036,5,1840,2041,121,0,0,,0,0,17,104,0
2015,12,13,7,AA,1716,N198UW,DFW,LAS,2025,2019,-6,29,2048,184,197,160,1055,2128,8,2129,2136,7,0,0,,,,,,
2015,10,10,6,WN,724,N8315C,14576,13232,655,655,0,8,703,115,92,79,523,722,5,750,727,-23,0,0,,,,,,
2015,10,8,4,UA,625,N836UA,11292,14683,802,755,-7,9,804,129,126,113,794,1057,4,1111,1101,-10,0,0,,,,,,
2015,1,15,4,DL,2593,N933DN,MSP,TUS,1113,1111,-2,18,1129,209,185,161,1298,1310,6,1342,1316,-26,0,0,,,,,,
2015,4,26,7,WN,142,N495WN,SNA,LAS,1400,1355,-5,8,1403,65,59,43,226,1446,8,1505,1454,-11,0,0,,,,,,
2015,4,25,6,WN,2808,N437WN,MDW,MSY,1605,1644,39,26,1710,135,144,114,825,1904,4,1820,1908,48,0,0,,9,0,19,20,0
2015,9,23,3,MQ,3285,N941MQ,DFW,BMI,1309,1304,-5,16,1320,119,114,96,690,1456,2,1508,1458,-10,0,0,,,,,,
2015,3,6,5,DL,2681,N994AT,BOS,LGA,1400,1402,2,32,1434,76,103,62,184,1536,9,1516,1545,29,0,0,,29,0,0,0,0
2015,5,16,6,AA,45,N3DLAA,JFK,SEA,1825,1827,2,17,1844,379,339,317,2422,2101,5,2144,2106,-38,0,0,,,,,,
2015,12,26,6,MQ,3122,N831MQ,SAF,DFW,815,805,-10,13,818,105,110,88,551,1046,9,1100,1055,-5,0,0,,,,,,
2015,6,17,3,EV,4744,N14117,ORD,GRB,1729,1727,-2,14,1741,58,47,29,173,1810,4,1827,1814,-13,0,0,,,,,,
2015,1,13,2,OO,6201,N718SK,DEN,AUS,1540,1737,117,33,1810,126,142,105,775,2055,4,1846,2059,133,0,0,,16,0,97,20,0
2015,9,16,3,AA,323,N4XMAA,STL,DFW,927,919,-8,12,931,118,108,81,550,1052,15,1125,1107,-18,0,0,,,,,,
2015,11,27,5,DL,2528,N917DL,ATL,CLE,1259,1254,-5,12,1306,104,97,79,554,1425,6,1443,1431,-12,0,0,,,,,,
2015,8,27,4,HA,320,N484HA,HNL,OGG,850,845,-5,12,857,37,41,22,100,919,7,927,926,-1,0,0,,,,,,
2015,6,23,2,NK,1105,N613NK,DEN,SAN,715,710,-5,13,723,145,129,112,853,815,4,840,819,-21,0,0,,,,,,
2015,1,26,1,WN,576,N7707C,CMH,PHX,1505,1521,16,10,1531,275,238,222,1670,1713,6,1740,1719,-21,0,0,,,,,,
2015,4,9,4,AA,1565,N3GWAA,ORD,RSW,1408,1528,80,39,1607,177,194,153,1120,1940,2,1805,1942,97,0,0,,17,0,0,80,0
2015,11,28,6,UA,1248,N75410,IAH,SEA,2350,2350,0,22,12,292,271,242,1874,214,7,242,221,-21,0,0,,,,,,
2015,1,19,1,US,455,N661AW,PHX,SLC,829,825,-4,17,842,100,98,72,507,954,9,1009,1003,-6,0,0,,,,,,
2015,10,12,1,WN,3104,N648SW,14683,11259,1245,1301,16,9,1310,60,58,44,248,1354,5,1345,1359,14,0,0,,,,,,
2015,10,4,7,UA,1603,N16234,15304,12266,1222,1217,-5,11,1228,139,134,118,787,1326,5,1341,1331,-10,0,0,,,,,,
2015,11,9,1,UA,1960,N14115,LAX,EWR,1620,1617,-3,14,1631,310,293,273,2454,4,6,30,10,-20,0,0,,,,,,
2015,12,8,2,AA,2121,N957UW,BOS,LGA,1100,1052,-8,12,1104,80,65,48,184,1152,5,1220,1157,-23,0,0,,,,,,
2015,1,20,2,EV,5570,N606LR,BTR,ATL,1459,1503,4,13,1516,86,82,63,448,1719,6,1725,1725,0,0,0,,,,,,
2015,2,26,4,EV,4994,N856AS,ATL,SHV,1856,1913,17,18,1931,117,112,91,551,2002,3,1953,2005,12,0,0,,,,,,
2015,4,11,6,MQ,3448,N617MQ,SJT,DFW,515,535,20,8,543,64,58,38,229,621,12,619,633,14,0,0,,,,,,
2015,1,7,3,US,409,N536UW,ORD,PHX,1405,2021,376,20,2041,229,218,194,1440,2255,4,1654,2259,365,0,0,,0,0,365,0,0
2015,11,25,3,WN,1073,N8312C,ROC,BWI,530,525,-5,22,547,95,78,50,277,637,6,705,643,-22,0,0,,,,,,
2015,3,17,2,EV,5963,N13908,ORD,SCE,1335,1328,-7,30,1358,97,105,65,528,1603,10,1612,1613,1,0,0,,,,,,
2015,1,20,2,EV,5783,N14542,IAH,LFT,740,954,134,10,1004,58,52,36,201,1040,6,838,1046,128,0,0,,128,0,0,0,0
2015,7,19,7,AA,1710,N543UW,CLT,SEA,1630,1645,15,24,1709,336,324,293,2279,1902,7,1906,1909,3,0,0,,,,,,
2015,5,24,7,DL,2145,N999DN,IAD,ATL,700,656,-4,10,706,110,108,89,534,835,9,850,844,-6,0,0,,,,,,
2015,3,16,1,EV,5310,N867AS,CVG,CLT,935,930,-5,20,950,88,85,55,335,1045,10,1103,1055,-8,0,0,,,,,,
2015,5,29,5,WN,3049,N8667D,MKE,STL,550,550,0,8,558,80,68,55,317,653,5,710,658,-12,0,0,,,,,,
2015,4,9,4,WN,2631,N604SW,IND,BWI,540,531,-9,21,552,105,111,70,516,702,20,725,722,-3,0,0,,,,,,
2015,4,4,6,AS,730,N457AS,ANC,SEA,505,504,-1,9,513,199,188,174,1448,907,5,924,912,-12,0,0,,,,,,
2015,10,9,5,B6,1503,N662JB,12478,14843,2359,48,49,15,103,227,209,190,1598,413,4,346,417,31,0,0,,0,0,31,0,0
2015,1,22,4,EV,5394,N881AS,DTW,ABE,2010,2006,-4,12,2018,97,71,56,425,2114,3,2147,2117,-30,0,0,,,,,,
2015,10,8,4,WN,1632,N936WN,12191,12953,825,821,-4,7,828,215,199,171,1428,1219,21,1300,1240,-20,0,0,,,,,,
2015,5,8,5,OO,5167,N713SK,BNA,IAH,1414,1441,27,20,1501,132,140,107,657,1648,13,1626,1701,35,0,0,,8,0,0,27,0
2015,10,23,5,OO,4978,N784SK,12266,14869,1430,1433,3,22,1455,189,184,158,1195,1633,4,1639,1637,-2,0,0,,,,,,
2015,11,6,5,WN,2397,N687SW,ATL,RIC,2235,101,146,13,114,90,81,64,481,218,4,5,222,137,0,0,,0,0,0,137,0
2015,12,18,5,OO,2974,N906SW,PHX,MRY,2100,2058,-2,22,2120,116,120,94,598,2154,4,2156,2158,2,0,0,,,,,,
2015,3,9,1,EV,4433,N16147,PIA,IAH,600,626,26,20,646,150,176,140,802,906,16,830,922,52,0,0,,52,0,0,0,0
2015,5,3,7,DL,1131,N958DL,LGA,FLL,1105,1101,-4,22,1123,192,174,148,1076,1351,4,1417,1355,-22,0,0,,,,,,
2015,2,3,2,B6,1243,N292JB,DCA,CHS,1735,1728,-7,18,1746,102,95,70,444,1856,7,1917,1903,-14,0,0,,,,,,
2015,7,30,4,WN,795,N279WN,HOU,MSY,1100,1110,10,13,1123,65,66,48,302,1211,5,1205,1216,11,0,0,,,,,,
2015,7,30,4,MQ,3581,N534MQ,LGA,RDU,1035,1025,-10,50,1115,103,128,69,431,1224,9,1218,1233,15,0,0,,15,0,0,0,0
2015,8,8,6,WN,1406,N241WN,SMF,MDW,1000,958,-2,11,1009,240,235,203,1790,1532,21,1600,1553,-7,0,0,,,,,,
2015,12,3,4,B6,27,N608JB,EWR,MCO,900,854,-6,26,920,176,191,154,937,1154,11,1156,1205,9,0,0,,,,,,
2015,10,2,5,DL,2369,N582NW,10397,13204,1255,1250,-5,24,1314,88,100,66,404,1420,10,1423,1430,7,0,0,,,,,,
2015,1,7,3,DL,480,N702TW,JFK,LAS,800,837,37,18,855,362,342,318,2248,1113,6,1102,1119,17,0,0,,0,0,0,0,17
2015,4,22,3,AA,2248,N3AYAA,DFW,SEA,1015,1014,-1,17,1031,259,251,227,1660,1218,7,1234,1225,-9,0,0,,,,,,
2015,11,21,6,HA,323,N481HA,HNL,LIH,2150,2146,-4,12,2158,39,39,21,102,2219,6,2229,2225,-4,0,0,,,,,,
2015,3,4,3,WN,362,N774SW,TPA,SDF,1715,1712,-3,11,1723,125,137,121,727,1924,5,1920,1929,9,0,0,,,,,,
2015,9,28,1,DL,2813,N717JL,MIA,LGA,1928,1921,-7,19,1940,184,174,143,1096,2203,12,2232,2215,-17,0,0,,,,,,
2015,3,7,6,UA,319,N451UA,EWR,PBI,2031,2031,0,17,2048,183,165,144,1023,2312,4,2334,2316,-18,0,0,,,,,,
2015,4,10,5,AS,61,N763AS,JNU,YAK,1007,1026,19,9,1035,54,53,40,199,1115,4,1101,1119,18,0,0,,0,0,6,12,0
2015,5,1,5,OO,5366,N939SW,DVL,JMS,525,512,-13,16,528,39,38,18,83,546,4,604,550,-14,0,0,,,,,,
2015,2,20,5,US,447,N579UW,ATL,CLT,1759,1809,10,20,1829,71,78,47,226,1916,11,1910,1927,17,0,0,,7,0,7,3,0
2015,5,19,2,UA,408,N206UA,SFO,IAD,725,726,1,18,744,300,290,263,2419,1507,9,1525,1516,-9,0,0,,,,,,
2015,2,7,6,OO,6327,N561SW,SAN,LAX,1600,1553,-7,6,1559,52,43,29,109,1628,8,1652,1636,-16,0,0,,,,,,
2015,6,18,4,WN,1126,N441WN,DAL,IND,1420,1420,0,12,1432,125,115,97,755,1709,6,1725,1715,-10,0,0,,,,,,
2015,2,13,5,DL,53,N533US,MSP,DTW,1614,1615,1,15,1630,99,116,94,528,1904,7,1853,1911,18,0,0,,18,0,0,0,0
2015,11,23,1,WN,166,N408WN,DTW,STL,2010,2009,-1,14,2023,100,93,70,440,2033,9,2050,2042,-8,0,0,,,,,,
2015,9,27,7,OO,5484,N133SY,BOI,SFO,1412,1407,-5,16,1423,113,110,90,522,1453,4,1505,1457,-8,0,0,,,,,,
2015,7,24,5,AA,2154,N946UW,DCA,LGA,1100,1055,-5,16,1111,71,60,39,214,1150,5,1211,1155,-16,0,0,,,,,,
2015,10,13,2,UA,1963,N69835,12892,12266,1230,1227,-3,12,1239,200,195,174,1379,1733,9,1750,1742,-8,0,0,,,,,,
2015,8,26,3,OO,6230,N715SK,DEN,JAC,807,906,59,15,921,89,82,63,406,1024,4,936,1028,52,0,0,,0,0,52,0,0
2015,6,15,1,DL,1235,N934AT,ATL,MDT,940,938,-2,10,948,118,104,87,620,1115,7,1138,1122,-16,0,0,,,,,,
2015,11,8,7,NK,762,N512NK,ATL,ORD,1035,1031,-4,12,1043,116,109,84,606,1107,13,1131,1120,-11,0,0,,,,,,
2015,5,11,1,AA,1570,N3HKAA,SJU,MIA,2015,2011,-4,9,2020,171,160,142,1045,2242,9,2306,2251,-15,0,0,,,,,,
2015,6,18,4,UA,1604,N37253,SAT,DEN,908,1144,156,10,1154,137,119,103,794,1237,6,1025,1243,138,0,0,,0,0,138,0,0
2015,6,4,4,EV,4151,N11109,EWR,CLT,1059,1050,-9,16,1106,113,111,85,529,1231,10,1252,1241,-11,0,0,,,,,,
2015,9,11,5,AS,327,N557AS,SJC,SEA,945,940,-5,16,956,118,119,95,697,1131,8,1143,1139,-4,0,0,,,,,,
2015,4,9,4,DL,512,N329NW,DTW,MSP,2135,2224,49,18,2242,111,112,88,528,2310,6,2226,2316,50,0,0,,1,0,31,18,0
2015,2,23,1,AA,1342,N3KNAA,ORD,MIA,500,458,-2,13,511,179,172,149,1197,840,10,859,850,-9,0,0,,,,,,
2015,5,14,4,US,1778,N957UW,AUS,PHL,745,741,-4,10,751,202,187,170,1430,1141,7,1207,1148,-19,0,0,,,,,,
2015,1,5,1,EV,2523,N907EV,SHV,DFW,1225,1402,97,3,1405,60,57,40,190,1445,14,1325,1459,94,0,0,,0,0,21,73,0
2015,1,21,3,WN,713,N7743B,LAX,SJC,925,924,-1,10,934,65,66,53,308,1027,3,1030,1030,0,0,0,,,,,,
2015,8,28,5,AS,893,N587AS,SEA,HNL,1940,1939,-1,17,1956,359,355,332,2677,2228,6,2239,2234,-5,0,0,,,,,,
2015,1,12,1,WN,179,N684WN,PHX,SMF,805,847,42,15,902,135,123,103,647,945,5,920,950,30,0,0,,0,0,29,1,0
2015,6,4,4,OO,4975,N134SY,STL,SFO,701,700,-1,12,712,274,261,244,1735,916,5,935,921,-14,0,0,,,,,,
2015,5,29,5,EV,4161,N13979,EWR,CLT,714,707,-7,23,730,125,108,76,529,846,9,919,855,-24,0,0,,,,,,
2015,12,27,7,AA,1223,N3KMAA,JFK,DFW,1455,,,,,257,,,1391,,,1812,,,0,1,B,,,,,
2015,5,30,6,WN,1615,N923WN,SAN,ATL,845,957,72,12,1009,245,248,228,1892,1657,8,1550,1705,75,0,0,,3,0,72,0,0
2015,11,23,1,DL,2030,N943AT,MDW,ATL,600,554,-6,13,607,110,93,76,591,823,4,850,827,-23,0,0,,,,,,
2015,5,12,2,DL,988,N312US,SLC,MSP,830,825,-5,19,844,153,144,118,991,1142,7,1203,1149,-14,0,0,,,,,,
2015,12,16,3,HA,166,N475HA,HNL,OGG,1358,1352,-6,13,1405,43,47,22,100,1427,12,1441,1439,-2,0,0,,,,,,
2015,4,24,5,DL,1942,N972AT,EWR,ATL,1530,1527,-3,17,1544,147,132,108,746,1732,7,1757,1739,-18,0,0,,,,,,
2015,8,3,1,EV,4965,N758EV,HPN,ATL,1231,1226,-5,31,1257,135,154,112,780,1449,11,1446,1500,14,0,0,,,,,,
2015,8,29,6,DL,2536,N804DN,MSP,SEA,1940,1936,-4,12,1948,215,212,192,1399,2100,8,2115,2108,-7,0,0,,,,,,
2015,4,13,1,MQ,3037,N941MQ,OMA,ORD,1245,1242,-3,8,1250,97,82,60,416,1350,14,1422,1404,-18,0,0,,,,,,
2015,12,20,7,AA,419,N970UY,PHL,LAS,2020,2017,-3,12,2029,331,321,302,2176,2231,7,2251,2238,-13,0,0,,,,,,
2015,8,24,1,NK,970,N628NK,DEN,FLL,2330,2328,-2,10,2338,228,206,190,1703,448,6,518,454,-24,0,0,,,,,,
2015,12,6,7,OO,5583,N149SY,SAN,SFO,1040,1058,18,31,1129,107,102,68,447,1237,3,1227,1240,13,0,0,,,,,,
2015,4,30,4,MQ,2947,N638MQ,BPT,DFW,1107,1103,-4,17,1120,73,76,49,270,1209,10,1220,1219,-1,0,0,,,,,,
2015,6,29,1,WN,1069,N613SW,GEG,DEN,1405,1404,-1,13,1417,130,134,114,836,1711,7,1715,1718,3,0,0,,,,,,
2015,6,4,4,AA,83,N3KJAA,MCO,DFW,730,730,0,16,746,167,185,143,985,909,26,917,935,18,0,0,,18,0,0,0,0
2015,9,25,5,WN,3040,N658SW,HOU,BNA,1450,1449,-1,10,1459,110,105,90,670,1629,5,1640,1634,-6,0,0,,,,,,
2015,2,18,3,OO,5631,N763SK,BOI,DEN,1004,953,-11,10,1003,111,112,79,649,1122,23,1155,1145,-10,0,0,,,,,,
2015,10,17,6,AA,2239,N3JJAA,11278,13930,2005,1957,-8,11,2008,122,143,102,612,2050,30,2107,2120,13,0,0,,,,,,
2015,6,3,3,WN,2168,N453WN,STL,OMA,840,840,0,12,852,75,78,62,342,954,4,955,958,3,0,0,,,,,,
2015,9,27,7,WN,600,N946WN,EWR,AUS,1335,1335,0,19,1354,245,233,204,1504,1618,10,1640,1628,-12,0,0,,,,,,
2015,10,13,2,DL,1856,N910DE,13360,10397,1116,1119,3,14,1133,101,88,65,442,1238,9,1257,1247,-10,0,0,,,,,,
2015,6,14,7,US,2170,N830AW,DCA,BOS,1130,1126,-4,15,1141,84,80,58,399,1239,7,1254,1246,-8,0,0,,,,,,
2015,4,8,3,US,450,N508AY,PHX,SLC,1345,1340,-5,15,1355,98,102,79,507,1614,8,1623,1622,-1,0,0,,,,,,
2015,1,15,4,DL,2116,N751AT,LAX,MSP,805,802,-3,16,818,222,199,181,1535,1319,2,1347,1321,-26,0,0,,,,,,
2015,4,5,7,DL,1813,N935AT,ATL,HOU,1454,1451,-3,10,1501,145,128,116,696,1557,2,1619,1559,-20,0,0,,,,,,
2015,10,14,3,WN,36,N216WR,12191,11259,1500,1500,0,7,1507,60,52,41,239,1548,4,1600,1552,-8,0,0,,,,,,
2015,3,17,2,OO,4829,N437SW,MSP,LSE,959,955,-4,24,1019,56,59,30,119,1049,5,1055,1054,-1,0,0,,,,,,
2015,10,20,2,DL,875,N320US,10397,10821,1730,1725,-5,10,1735,117,97,78,577,1853,9,1927,1902,-25,0,0,,,,,,
2015,12,12,6,OO,4769,N8968E,SLC,TUS,840,828,-12,17,845,122,105,84,601,1009,4,1042,1013,-29,0,0,,,,,,
2015,4,28,2,AA,1161,N020AA,MIA,TPA,1010,1007,-3,18,1025,70,65,43,204,1108,4,1120,1112,-8,0,0,,,,,,
2015,10,22,4,NK,398,N623NK,12266,13930,1555,1600,5,14,1614,155,143,113,925,1807,16,1830,1823,-7,0,0,,,,,,
2015,8,18,2,WN,134,N906WN,ATL,DEN,705,702,-3,13,715,200,177,159,1199,754,5,825,759,-26,0,0,,,,,,
2015,9,13,7,AA,1220,N3KSAA,DFW,SEA,1725,1731,6,11,1742,262,241,222,1660,1924,8,1947,1932,-15,0,0,,,,,,
2015,1,14,3,WN,4101,N223WN,MDW,MEM,900,855,-5,11,906,105,93,70,480,1016,12,1045,1028,-17,0,0,,,,,,
2015,6,1,1,UA,791,N821UA,DTW,ORD,800,757,-3,24,821,74,96,59,235,820,13,814,833,19,0,0,,19,0,0,0,0
2015,8,13,4,AS,68,N786AS,SIT,SEA,958,935,-23,9,944,137,126,110,861,1234,7,1315,1241,-34,0,0,,,,,,
2015,5,9,6,DL,1320,N951DN,ATL,GSO,1415,1415,0,10,1425,77,61,48,306,1513,3,1532,1516,-16,0,0,,,,,,
2015,1,17,6,UA,707,N809UA,IAD,DEN,930,1010,40,8,1018,240,216,202,1452,1140,6,1130,1146,16,0,0,,0,0,16,0,0
2015,10,6,2,NK,917,N616NK,12953,11298,1250,1250,0,18,1308,231,235,185,1389,1513,32,1541,1545,4,0,0,,,,,,
2015,5,24,7,WN,4663,N8648A,SAN,MDW,1055,1050,-5,8,1058,235,222,209,1728,1627,5,1650,1632,-18,0,0,,,,,,
2015,2,26,4,OO,3445,N224AG,ONT,SEA,1110,1054,-16,12,1106,165,175,157,956,1343,6,1355,1349,-6,0,0,,,,,,
2015,10,31,6,OO,3423,N173SY,13342,14747,1700,1648,-12,10,1658,265,287,269,1694,1927,8,1925,1935,10,0,0,,,,,,
2015,12,21,1,WN,2855,N8621A,BWI,RSW,2010,2032,22,12,2044,165,163,146,919,2310,5,2255,2315,20,0,0,,0,0,20,0,0
2015,6,15,1,F9,931,N954FR,TTN,CLT,1225,1215,-10,9,1224,105,97,77,484,1341,11,1410,1352,-18,0,0,,,,,,
2015,2,26,4,OO,2624,N464SW,ABQ,LAX,600,555,-5,18,613,123,123,97,677,650,8,703,658,-5,0,0,,,,,,
2015,2,17,2,US,731,N624AW,CLT,MIA,1805,1909,64,16,1925,125,131,107,650,2112,8,2010,2120,70,0,0,,6,0,64,0,0
2015,10,10,6,WN,1262,N956WN,10397,10821,2010,2008,-2,16,2024,115,114,82,577,2146,16,2205,2202,-3,0,0,,,,,,
2015,6,11,4,DL,1767,N924AT,ATL,FNT,930,926,-4,16,942,112,105,85,645,1107,4,1122,1111,-11,0,0,,,,,,
2015,6,17,3,WN,4621,N902WN,SAN,LAS,1305,1648,223,12,1700,70,66,49,258,1749,5,1415,1754,219,0,0,,0,0,0,219,0
2015,12,30,3,WN,3718,N606SW,BWI,BOS,1525,1702,97,13,1715,85,110,51,369,1806,46,1650,1852,122,0,0,,25,0,1,96,0
2015,12,22,2,UA,1758,N18112,DEN,KOA,1150,1155,5,32,1227,471,462,426,3329,1633,4,1641,1637,-4,0,0,,,,,,
2015,12,20,7,WN,4511,N353SW,AUS,HOU,2050,2051,1,6,2057,55,39,27,148,2124,6,2145,2130,-15,0,0,,,,,,
2015,6,22,1,MQ,3143,N532MQ,DFW,XNA,1329,1329,0,24,1353,68,73,46,280,1439,3,1437,1442,5,0,0,,,,,,
2015,6,2,2,WN,896,N8639B,MDW,IAD,2135,2131,-4,18,2149,100,110,87,577,16,5,15,21,6,0,0,,,,,,
2015,8,2,7,AA,765,N821AW,MSP,CLT,1345,1342,-3,16,1358,162,144,113,930,1651,15,1727,1706,-21,0,0,,,,,,
2015,12,27,7,OO,5491,N771SK,DTW,IAH,1440,1724,164,16,1740,191,210,189,1075,1949,5,1651,1954,183,0,0,,19,0,113,51,0
2015,7,7,2,WN,2690,N8615E,DEN,JAX,1820,1950,90,8,1958,205,188,174,1447,52,6,2345,58,73,0,0,,0,0,72,1,0
2015,9,18,5,WN,2565,N901WN,PVD,TPA,730,730,0,9,739,185,171,158,1136,1017,4,1035,1021,-14,0,0,,,,,,
2015,3,22,7,US,651,N165US,SLC,PHX,2020,2022,2,9,2031,97,94,80,507,2051,5,2057,2056,-1,0,0,,,,,,
2015,10,19,1,OO,5362,N978SW,12892,14689,1140,1220,40,13,1233,49,47,21,89,1254,13,1229,1307,38,0,0,,0,0,0,38,0
2015,12,31,4,AA,2187,N3EXAA,BDL,DFW,615,617,2,14,631,262,277,257,1471,948,6,937,954,17,0,0,,17,0,0,0,0
2015,8,23,7,F9,525,N932FR,TPA,CLE,935,917,-18,13,930,145,150,128,927,1138,9,1200,1147,-13,0,0,,,,,,
2015,1,15,4,WN,152,N213WN,AMA,LAS,1305,1347,42,10,1357,135,117,103,758,1340,4,1320,1344,24,0,0,,21,0,0,3,0
2015,1,30,5,UA,1289,N39463,SFO,EWR,1315,1331,16,10,1341,325,319,290,2565,2131,19,2140,2150,10,0,0,,,,,,
2015,10,21,3,AA,604,N923US,10529,11057,800,754,-6,14,808,138,129,92,644,940,23,1018,1003,-15,0,0,,,,,,
2015,4,8,3,DL,1512,N971DL,PBI,LGA,1835,1838,3,15,1853,173,159,139,1035,2112,5,2128,2117,-11,0,0,,,,,,
2015,12,6,7,DL,2525,N335NW,ATL,BHM,1810,1808,-2,20,1828,54,53,31,134,1759,2,1804,1801,-3,0,0,,,,,,
2015,11,14,6,B6,1801,N950JB,JFK,FLL,1529,1523,-6,30,1553,196,196,156,1069,1829,10,1845,1839,-6,0,0,,,,,,
2015,12,22,2,AA,2145,N947UW,DCA,LGA,1600,1554,-6,16,1610,90,70,48,214,1658,6,1730,1704,-26,0,0,,,,,,
2015,2,17,2,WN,578,N776WN,MDW,HOU,1340,1342,2,8,1350,175,159,145,937,1615,6,1635,1621,-14,0,0,,,,,,
2015,2,15,7,NK,718,N617NK,DFW,LGA,747,740,-7,15,755,195,187,165,1389,1140,7,1202,1147,-15,0,0,,,,,,
2015,3,13,5,WN,263,N603SW,TPA,ATL,1540,1551,11,24,1615,95,102,69,406,1724,9,1715,1733,18,0,0,,7,0,0,11,0
2015,10,13,2,AA,1263,N3GFAA,12478,12889,730,724,-6,14,738,344,320,299,2248,937,7,1014,944,-30,0,0,,,,,,
2015,8,3,1,OO,5231,N495CA,MOT,DEN,1321,1304,-17,9,1313,114,107,90,604,1343,8,1415,1351,-24,0,0,,,,,,
2015,3,7,6,AS,350,N583AS,SEA,OAK,2120,2115,-5,13,2128,120,114,94,671,2302,7,2320,2309,-11,0,0,,,,,,
2015,10,20,2,WN,202,N428WN,10423,14107,1920,1915,-5,7,1922,150,138,124,872,1926,7,1950,1933,-17,0,0,,,,,,
2015,9,25,5,WN,674,N771SA,LAS,BUR,925,920,-5,9,929,65,55,44,223,1013,2,1030,1015,-15,0,0,,,,,,
2015,10,7,3,WN,2844,N8603F,11292,14492,1725,1729,4,12,1741,195,204,163,1436,2224,29,2240,2253,13,0,0,,,,,,
2015,6,21,7,WN,564,N7718B,LAX,SJC,900,856,-4,10,906,70,60,47,308,953,3,1010,956,-14,0,0,,,,,,
2015,7,27,1,OO,7363,N912EV,MSP,ABR,1345,1426,41,15,1441,72,70,51,257,1532,4,1457,1536,39,0,0,,0,0,35,4,0
2015,5,20,3,EV,6025,N24103,XNA,ORD,1119,1116,-3,18,1134,106,111,83,522,1257,10,1305,1307,2,0,0,,,,,,
2015,4,17,5,UA,1119,N36280,PHL,DEN,643,641,-2,13,654,262,239,220,1558,834,6,905,840,-25,0,0,,,,,,
2015,3,22,7,DL,453,N928DL,JFK,MIA,1140,1155,15,31,1226,188,188,154,1089,1500,3,1448,1503,15,0,0,,0,0,15,0,0
2015,9,15,2,WN,1911,N8320J,LAS,PHX,2125,2123,-2,8,2131,65,55,41,255,2212,6,2230,2218,-12,0,0,,,,,,
2015,4,16,4,AA,1404,N514AA,TUS,DFW,1336,1332,-4,13,1345,134,144,118,813,1743,13,1750,1756,6,0,0,,,,,,
2015,9,9,3,AA,2119,N836AW,DCA,BOS,1330,1327,-3,9,1336,83,76,63,399,1439,4,1453,1443,-10,0,0,,,,,,
2015,1,3,6,AA,1406,N3JGAA,MIA,JFK,2105,2227,82,23,2250,171,171,137,1089,107,11,2356,118,82,0,0,,0,0,82,0,0
2015,5,21,4,EV,5053,N713EV,LGA,ROC,2155,2151,-4,14,2205,79,67,48,254,2253,5,2314,2258,-16,0,0,,,,,,
2015,12,18,5,DL,1966,N951DL,DFW,ATL,705,659,-6,11,710,127,104,86,731,936,7,1012,943,-29,0,0,,,,,,
2015,4,12,7,WN,421,N623SW,ATL,BWI,945,957,12,20,1017,110,102,78,577,1135,4,1135,1139,4,0,0,,,,,,
2015,1,15,4,EV,5240,N538CA,GSO,ATL,1409,1406,-3,26,1432,85,92,58,306,1530,8,1534,1538,4,0,0,,,,,,
2015,3,6,5,UA,1003,N39423,TPA,ORD,1030,1040,10,10,1050,174,164,142,1012,1212,12,1224,1224,0,0,0,,,,,,
2015,3,23,1,MQ,3273,N830MQ,LGA,CHO,1229,1220,-9,42,1302,89,101,54,305,1356,5,1358,1401,3,0,0,,,,,,
2015,2,20,5,WN,125,N8610A,TPA,BWI,700,655,-5,11,706,140,131,114,842,900,6,920,906,-14,0,0,,,,,,
2015,6,21,7,WN,912,N388SW,ATL,MDW,1750,1751,1,18,1809,125,115,88,591,1837,9,1855,1846,-9,0,0,,,,,,
2015,4,6,1,WN,4192,N719SW,MSY,FLL,1110,1108,-2,16,1124,105,105,85,674,1349,4,1355,1353,-2,0,0,,,,,,
2015,8,8,6,EV,4179,N14977,ROA,ORD,1049,1046,-3,36,1122,111,139,95,531,1157,8,1140,1205,25,0,0,,25,0,0,0,0
2015,12,26,6,MQ,3039,N923MQ,DFW,DRO,2200,2312,72,15,2327,130,133,93,674,2400,25,2310,25,75,0,0,,3,0,0,0,72
2015,3,2,1,WN,137,N8646B,DEN,STL,1935,2035,60,12,2047,115,101,85,770,2312,4,2230,2316,46,0,0,,0,0,18,28,0
2015,7,30,4,VX,964,N848VA,SFO,SAN,2055,2050,-5,9,2059,85,86,72,447,2211,5,2220,2216,-4,0,0,,,,,,
2015,3,26,4,EV,5669,N14204,EWR,RDU,1200,1150,-10,25,1215,103,105,75,416,1330,5,1343,1335,-8,0,0,,,,,,
2015,1,4,7,AA,208,N396AA,LAX,MIA,840,844,4,28,912,293,304,271,2342,1643,5,1633,1648,15,0,0,,15,0,0,0,0
2015,5,10,7,WN,376,N248WN,MDW,DSM,2215,2209,-6,8,2217,70,69,58,306,2315,3,2325,2318,-7,0,0,,,,,,
2015,2,4,3,OO,7393,N8884E,SGU,SLC,918,916,-2,7,923,68,61,50,272,1013,4,1026,1017,-9,0,0,,,,,,
2015,10,10,6,AS,311,N760AS,14771,14747,850,842,-8,17,859,125,134,108,679,1047,9,1055,1056,1,0,0,,,,,,
2015,1,16,5,WN,1180,N387SW,LAX,SMF,1315,1329,14,8,1337,80,78,66,373,1443,4,1435,1447,12,0,0,,,,,,
2015,5,2,6,AA,1644,N3MBAA,SNA,ORD,1335,1328,-7,13,1341,241,246,217,1726,1918,16,1936,1934,-2,0,0,,,,,,
2015,11,13,5,WN,12,N520SW,HOU,DAL,900,853,-7,20,913,60,65,41,239,954,4,1000,958,-2,0,0,,,,,,
2015,9,28,1,AA,2057,N524UW,CLT,LAX,949,946,-3,21,1007,322,295,263,2125,1130,11,1211,1141,-30,0,0,,,,,,
2015,5,18,1,OO,6301,N795SK,SNA,SFO,1255,1308,13,28,1336,91,103,71,372,1447,4,1426,1451,25,0,0,,25,0,0,0,0
2015,6,6,6,DL,1224,N910DN,DCA,ATL,1700,1659,-1,20,1719,116,97,72,547,1831,5,1856,1836,-20,0,0,,,,,,
2015,2,27,5,UA,403,N832UA,EWR,DEN,1151,1222,31,15,1237,275,253,229,1605,1426,9,1426,1435,9,0,0,,,,,,
2015,12,5,6,WN,2209,N927WN,SAN,MSY,1235,1234,-1,9,1243,205,202,189,1599,1752,4,1800,1756,-4,0,0,,,,,,
2015,1,19,1,AA,1333,N470AA,MCI,DFW,1713,1705,-8,12,1717,102,90,71,460,1828,7,1855,1835,-20,0,0,,,,,,
2015,3,15,7,WN,642,N959WN,ALB,TPA,1935,1934,-1,6,1940,200,163,152,1130,2212,5,2255,2217,-38,0,0,,,,,,
2015,8,1,6,AA,938,N3HRAA,JFK,SJU,2000,1951,-9,21,2012,252,228,201,1598,2333,6,12,2339,-33,0,0,,,,,,
2015,2,20,5,WN,1439,N390SW,MCO,BUF,1445,1457,12,12,1509,155,163,148,1011,1737,3,1720,1740,20,0,0,,8,0,11,1,0
2015,11,17,2,WN,442,N937WN,BWI,BOS,1100,1102,2,7,1109,80,76,59,369,1208,10,1220,1218,-2,0,0,,,,,,
2015,6,9,2,EV,5077,N840AS,ATL,GNV,823,822,-1,14,836,67,68,52,300,928,2,930,930,0,0,0,,,,,,
2015,3,18,3,AA,1530,N3CDAA,LAX,IAD,2300,2318,18,18,2336,290,281,258,2288,654,5,650,659,9,0,0,,,,,,
2015,1,5,1,WN,4099,N646SW,MSY,FLL,1145,1145,0,5,1150,105,96,88,674,1418,3,1430,1421,-9,0,0,,,,,,
2015,12,24,4,AA,1789,N126UW,FLL,PHL,750,744,-6,18,802,158,191,168,992,1050,5,1028,1055,27,0,0,,27,0,0,0,0
2015,2,10,2,B6,1347,N630JB,DCA,SJU,800,752,-8,30,822,221,237,198,1554,1240,9,1241,1249,8,0,0,,,,,,
2015,11,3,2,WN,578,N522SW,CRP,HOU,600,558,-2,8,606,50,69,31,187,637,30,650,707,17,0,0,,17,0,0,0,0
2015,6,5,5,OO,5543,N652BR,BOI,SFO,1030,1027,-3,11,1038,118,98,82,522,1100,5,1128,1105,-23,0,0,,,,,,
2015,3,1,7,US,568,N916US,SLC,PHX,700,709,9,27,736,107,111,81,507,857,3,847,900,13,0,0,,,,,,
2015,12,8,2,WN,804,N685SW,PHX,SMF,1905,1905,0,9,1914,115,114,100,647,1954,5,2000,1959,-1,0,0,,,,,,
2015,10,2,5,F9,409,N931FR,11292,12892,2045,2051,6,8,2059,148,143,119,862,2158,16,2213,2214,1,0,0,,,,,,
2015,10,17,6,WN,1560,N499WN,12889,12278,1830,1844,14,15,1859,145,143,123,986,2302,5,2255,2307,12,0,0,,,,,,
2015,5,2,6,AA,117,N792AA,JFK,LAX,1500,1451,-9,19,1510,384,346,319,2475,1729,8,1824,1737,-47,0,0,,,,,,
2015,12,23,3,AS,120,N513AS,ANC,PDX,140,138,-2,18,156,210,210,186,1542,602,6,610,608,-2,0,0,,,,,,
2015,7,26,7,WN,4075,N420WN,HOU,MSY,730,728,-2,6,734,65,56,46,302,820,4,835,824,-11,0,0,,,,,,
2015,5,4,1,MQ,3230,N813MQ,DCA,JFK,1258,1323,25,14,1337,83,61,40,213,1417,7,1421,1424,3,0,0,,,,,,
2015,3,31,2,WN,4991,N670SW,BOS,ATL,1150,1218,28,14,1232,180,157,137,946,1449,6,1450,1455,5,0,0,,,,,,
2015,9,1,2,MQ,3406,N652MQ,ORD,EVV,1549,1546,-3,10,1556,70,54,41,272,1637,3,1659,1640,-19,0,0,,,,,,
2015,7,26,7,OO,5624,N964SW,DEN,PSC,1120,,,,,151,,,852,,,1251,,,0,1,A,,,,,
2015,12,18,5,B6,401,N763JB,BOS,MSY,940,935,-5,17,952,237,247,224,1368,1236,6,1237,1242,5,0,0,,,,,,
2015,7,20,1,DL,1933,N3730B,LAX,CVG,1215,1317,62,24,1341,255,245,217,1900,2018,4,1930,2022,52,0,0,,0,0,3,49,0
2015,8,26,3,B6,316,N947JB,SFO,JFK,1115,1114,-1,24,1138,353,328,298,2586,1936,6,2008,1942,-26,0,0,,,,,,
2015,1,17,6,DL,1098,N908DE,ATL,OMA,1805,1802,-3,20,1822,153,145,121,821,1923,4,1938,1927,-11,0,0,,,,,,
2015,5,16,6,WN,2524,N211WN,ATL,PBI,1935,1928,-7,19,1947,120,104,80,545,2107,5,2135,2112,-23,0,0,,,,,,
2015,2,14,6,WN,3433,N631SW,BWI,PBI,1420,1441,21,9,1450,155,142,128,883,1658,5,1655,1703,8,0,0,,,,,,
2015,6,23,2,WN,3659,N266WN,DEN,PHX,805,805,0,15,820,110,106,86,602,846,5,855,851,-4,0,0,,,,,,
2015,10,15,4,B6,359,N632JB,12478,10800,1730,1731,1,14,1745,365,363,347,2465,2032,2,2035,2034,-1,0,0,,,,,,
2015,11,15,7,WN,2888,N8648A,BWI,SAN,1045,1051,6,10,1101,355,334,321,2295,1322,3,1340,1325,-15,0,0,,,,,,
2015,5,30,6,OO,4993,N679SA,CID,DEN,1735,1726,-9,12,1738,132,119,98,692,1816,9,1847,1825,-22,0,0,,,,,,
2015,11,18,3,DL,2229,N336NB,FSD,MSP,700,656,-4,40,736,62,77,35,196,811,2,802,813,11,0,0,,,,,,
2015,2,2,1,VX,399,N632VA,JFK,LAX,700,,,,,390,,,2475,,,1030,,,0,1,C,,,,,
2015,6,10,3,UA,371,N483UA,EWR,SEA,1646,1733,47,31,1804,373,369,331,2402,2035,7,1959,2042,43,0,0,,0,0,43,0,0
2015,9,11,5,EV,5666,N14204,MEM,ORD,1953,1945,-8,10,1955,112,96,75,491,2110,11,2145,2121,-24,0,0,,,,,,
2015,2,26,4,OO,4683,N440SW,GRR,DTW,1012,1011,-1,15,1026,67,60,34,120,1100,11,1119,1111,-8,0,0,,,,,,
2015,3,4,3,WN,3764,N470WN,PHX,SNA,720,715,-5,9,724,80,64,50,338,714,5,740,719,-21,0,0,,,,,,
2015,1,7,3,WN,926,N778SW,AUS,PHX,1225,1246,21,10,1256,155,137,121,872,1357,6,1400,1403,3,0,0,,,,,,
2015,7,17,5,AA,717,N271AY,PHL,CLT,1730,1849,79,28,1917,105,112,65,449,2022,19,1915,2041,86,0,0,,7,9,0,70,0
2015,6,12,5,EV,4464,N14188,IAH,MLU,2136,2126,-10,16,2142,69,66,47,262,2229,3,2245,2232,-13,0,0,,,,,,
2015,12,22,2,WN,750,N706SW,PHX,ELP,1805,1808,3,13,1821,65,60,43,347,1904,4,1910,1908,-2,0,0,,,,,,
2015,6,29,1,DL,2353,N899AT,CAK,ATL,630,627,-3,17,644,109,98,77,528,801,4,819,805,-14,0,0,,,,,,
2015,7,28,2,UA,2000,N816UA,PHX,ORD,1430,1422,-8,14,1436,220,211,184,1440,1940,13,2010,1953,-17,0,0,,,,,,
2015,6,27,6,MQ,3413,N820MQ,DCA,JFK,1235,1242,7,22,1304,84,69,38,213,1342,9,1359,1351,-8,0,0,,,,,,
2015,7,14,2,VX,923,N849VA,LAX,SFO,1635,1644,9,17,1701,70,79,58,337,1759,4,1745,1803,18,0,0,,0,0,9,9,0
2015,2,20,5,EV,6144,N13964,ABE,ORD,1702,1723,21,10,1733,140,124,107,654,1820,7,1822,1827,5,0,0,,,,,,
2015,4,27,1,MQ,3249,N660MQ,MIA,ORF,2010,2034,24,36,2110,148,154,113,802,2303,5,2238,2308,30,0,0,,6,0,0,24,0
2015,11,7,6,B6,573,N586JB,EWR,TPA,1241,1235,-6,12,1247,176,166,151,997,1518,3,1537,1521,-16,0,0,,,,,,
2015,11,10,2,WN,315,N949WN,LAX,LAS,1555,1621,26,9,1630,65,56,40,236,1710,7,1700,1717,17,0,0,,0,0,3,14,0
2015,4,6,1,UA,242,N438UA,DEN,IAH,755,751,-4,10,801,137,136,114,862,1055,12,1112,1107,-5,0,0,,,,,,
2015,8,17,1,WN,480,N717SA,MCI,DCA,1830,2055,145,16,2111,145,138,116,949,7,6,2155,13,138,0,0,,0,0,127,11,0
2015,1,1,4,OO,4498,N783CA,SLC,BIL,1525,1519,-6,15,1534,86,76,58,387,1632,3,1651,1635,-16,0,0,,,,,,
2015,6,1,1,EV,4638,N17984,EWR,GSO,1705,,,,,98,,,445,,,1843,,,0,1,C,,,,,
2015,2,2,1,DL,1303,N934AT,ATL,XNA,1328,1326,-2,15,1341,117,108,88,589,1409,5,1425,1414,-11,0,0,,,,,,
2015,3,1,7,MQ,3469,N682MQ,ORD,FSD,1525,1543,18,17,1600,104,113,91,462,1731,5,1709,1736,27,0,0,,9,0,18,0,0
2015,9,27,7,WN,348,N252WN,MCI,BOS,1125,1122,-3,7,1129,180,169,156,1256,1505,6,1525,1511,-14,0,0,,,,,,
2015,9,9,3,DL,2478,N894AT,JAN,ATL,1559,1548,-11,10,1558,90,74,52,341,1750,12,1829,1802,-27,0,0,,,,,,
2015,1,4,7,DL,818,N344NW,MSP,BOS,1000,1000,0,12,1012,168,145,127,1124,1319,6,1348,1325,-23,0,0,,,,,,
2015,4,17,5,DL,2317,N384DA,DTW,LAS,1203,1215,12,16,1231,267,238,218,1749,1309,4,1330,1313,-17,0,0,,,,,,
2015,2,26,4,AS,62,N756AS,KTN,SEA,1330,1321,-9,8,1329,105,104,88,680,1557,8,1615,1605,-10,0,0,,,,,,
2015,9,2,3,NK,470,N643NK,SAN,LAS,926,915,-11,9,924,71,65,46,258,1010,10,1037,1020,-17,0,0,,,,,,
2015,12,15,2,DL,485,N816DN,JFK,LAS,805,802,-3,28,830,355,343,310,2248,1040,5,1100,1045,-15,0,0,,,,,,
2015,5,30,6,B6,866,N531JB,SJU,ORD,1518,1534,16,20,1554,312,333,297,2072,1951,16,1930,2007,37,0,0,,21,0,16,0,0
2015,7,21,2,DL,2056,N997DL,LGA,FLL,1705,1938,153,85,2103,205,229,138,1076,2321,6,2030,2327,177,0,0,,24,0,0,153,0
2015,10,9,5,WN,159,N429WN,11292,12889,815,813,-2,11,824,115,104,78,628,842,15,910,857,-13,0,0,,,,,,
2015,8,8,6,EV,4161,N14188,LNK,ORD,510,508,-2,12,520,98,93,72,466,632,9,648,641,-7,0,0,,,,,,
2015,8,16,7,WN,1570,N295WN,DEN,LGA,1735,1755,20,16,1811,230,243,207,1620,2338,20,2325,2358,33,0,0,,33,0,0,0,0
2015,11,8,7,AA,1115,N3ENAA,ONT,DFW,1105,1100,-5,7,1107,177,160,142,1188,1529,11,1602,1540,-22,0,0,,,,,,
2015,8,28,5,AS,91,N533AS,SEA,ANC,2150,2149,-1,27,2216,217,218,187,1448,23,4,27,27,0,0,0,,,,,,
2015,1,12,1,US,2106,N745VJ,DCA,BOS,830,824,-6,17,841,90,85,64,399,945,4,1000,949,-11,0,0,,,,,,
2015,6,14,7,OO,5508,N108SY,ORD,DFW,2230,2309,39,22,2331,150,135,109,802,120,4,100,124,24,0,0,,0,0,0,24,0
2015,10,24,6,AS,483,N533AS,13891,14747,1820,1810,-10,10,1820,154,140,123,956,2023,7,2054,2030,-24,0,0,,,,,,
2015,2,8,7,WN,1044,N787SA,BWI,DAL,700,655,-5,12,707,215,180,162,1209,849,6,935,855,-40,0,0,,,,,,
2015,4,9,4,DL,875,N125DL,LAS,DTW,1145,1151,6,17,1208,235,228,204,1749,1832,7,1840,1839,-1,0,0,,,,,,
2015,7,9,4,B6,704,N948JB,SJU,JFK,1832,1835,3,11,1846,242,238,213,1598,2219,14,2234,2233,-1,0,0,,,,,,
2015,11,28,6,WN,2397,N297WN,SJC,SAN,820,823,3,12,835,80,77,62,417,937,3,940,940,0,0,0,,,,,,
2015,1,25,7,MQ,3473,N845MQ,LGA,DAY,2105,2052,-13,30,2122,118,125,89,549,2251,6,2303,2257,-6,0,0,,,,,,
2015,11,25,3,AA,114,N3MCAA,ORD,SNA,700,654,-6,11,705,271,271,256,1726,921,4,931,925,-6,0,0,,,,,,
2015,7,27,1,MQ,3677,N518MQ,ORD,SYR,1455,1452,-3,17,1509,107,97,77,607,1726,3,1742,1729,-13,0,0,,,,,,
2015,9,19,6,B6,365,N715JB,SMF,LGB,1825,1815,-10,28,1843,78,95,63,387,1946,4,1943,1950,7,0,0,,,,,,
2015,6,5,5,DL,2469,N143DA,ANC,ATL,1950,1959,9,12,2011,420,391,374,3417,625,5,650,630,-20,0,0,,,,,,
2015,9,17,4,DL,801,N947DL,ATL,RSW,810,806,-4,11,817,94,89,74,515,931,4,944,935,-9,0,0,,,,,,
2015,2,23,1,AS,864,N581AS,KOA,SEA,1425,1413,-12,10,1423,355,350,332,2688,2155,8,2220,2203,-17,0,0,,,,,,
2015,7,22,3,EV,4875,N761ND,RST,ATL,1450,1446,-4,10,1456,136,122,107,831,1743,5,1806,1748,-18,0,0,,,,,,
2015,6,10,3,WN,581,N566WN,LAX,SFO,1210,1207,-3,26,1233,75,98,64,337,1337,8,1325,1345,20,0,0,,20,0,0,0,0
2015,10,2,5,OO,5628,N755SK,14771,14908,912,919,7,22,941,94,87,60,372,1041,5,1046,1046,0,0,0,,,,,,
2015,9,20,7,AA,2129,N744P,BOS,DCA,1300,1253,-7,18,1311,97,88,64,399,1415,6,1437,1421,-16,0,0,,,,,,
2015,3,5,4,AS,528,N584AS,SEA,BUR,1450,1450,0,11,1501,139,140,126,937,1707,3,1709,1710,1,0,0,,,,,,
2015,2,1,7,UA,1464,N66825,DEN,IAH,1332,1403,31,10,1413,141,124,109,862,1702,5,1653,1707,14,0,0,,,,,,
2015,2,27,5,WN,4626,N751SW,PHX,LAS,1545,1545,0,6,1551,60,63,48,255,1539,9,1545,1548,3,0,0,,,,,,
2015,1,13,2,AA,376,N480AA,IND,DFW,1133,1132,-1,10,1142,147,136,116,761,1238,10,1300,1248,-12,0,0,,,,,,
2015,2,4,3,OO,5342,N958SW,DEN,MKE,1230,1242,12,30,1312,144,143,108,896,1600,5,1554,1605,11,0,0,,,,,,
2015,4,14,2,WN,4041,N937WN,MCO,PVD,1150,1200,10,11,1211,165,145,130,1072,1421,4,1435,1425,-10,0,0,,,,,,
2015,11,27,5,WN,2697,N8660A,MKE,DAL,635,634,-1,13,647,165,152,134,850,901,5,920,906,-14,0,0,,,,,,
2015,8,13,4,WN,2376,N259WN,SMF,SNA,1400,1358,-2,7,1405,85,87,76,404,1521,4,1525,1525,0,0,0,,,,,,
2015,2,24,2,UA,502,N596UA,SFO,JFK,1645,1645,0,12,1657,328,312,292,2586,49,8,113,57,-16,0,0,,,,,,
2015,3,25,3,WN,1261,N907WN,SJC,SAN,2215,2218,3,8,2226,80,71,60,417,2326,3,2335,2329,-6,0,0,,,,,,
2015,2,18,3,OO,4519,N824SK,SMF,SLC,1020,1124,64,17,1141,101,96,71,532,1352,8,1301,1400,59,0,0,,0,0,0,59,0
2015,1,3,6,US,1910,N914UY,CLT,LGA,1000,958,-2,23,1021,114,99,71,544,1132,5,1154,1137,-17,0,0,,,,,,
2015,10,31,6,MQ,3120,N508MQ,11298,12992,1200,1225,25,14,1239,78,57,40,304,1319,3,1318,1322,4,0,0,,,,,,
2015,6,4,4,OO,4579,N805SK,PHX,LAX,1001,956,-5,20,1016,94,91,60,370,1116,11,1135,1127,-8,0,0,,,,,,
2015,8,23,7,EV,4258,N17115,CLT,IAH,800,755,-5,19,814,160,160,134,912,928,7,940,935,-5,0,0,,,,,,
2015,11,13,5,AA,449,N680AW,BWI,PHX,1705,1659,-6,13,1712,307,297,281,1999,1953,3,2012,1956,-16,0,0,,,,,,
2015,8,11,2,DL,2231,N919DL,DTW,LGA,1351,1358,7,13,1411,103,122,99,502,1550,10,1534,1600,26,0,0,,26,0,0,0,0
2015,2,25,3,WN,4248,N252WN,FLL,BUF,1400,1359,-1,13,1412,185,172,155,1165,1647,4,1705,1651,-14,0,0,,,,,,
2015,11,11,3,UA,1981,N485UA,IAH,LGA,845,1042,117,20,1102,211,190,168,1416,1450,2,1316,1452,96,0,0,,96,0,0,0,0
2015,11,24,2,MQ,3199,N653MQ,ORD,ALO,2007,2001,-6,10,2011,73,58,41,234,2052,7,2120,2059,-21,0,0,,,,,,
2015,3,13,5,OO,5575,N938SW,PSP,DEN,1754,1830,36,13,1843,134,128,109,776,2132,6,2108,2138,30,0,0,,0,0,0,30,0
2015,3,14,6,MQ,3417,N909MQ,DFW,SPS,1700,1709,9,16,1725,45,45,22,113,1747,7,1745,1754,9,0,0,,,,,,
2015,2,20,5,MQ,3479,N636MQ,HOU,DFW,1704,1710,6,9,1719,71,71,54,247,1813,8,1815,1821,6,0,0,,,,,,
2015,9,29,2,AA,2154,N949UW,LGA,DCA,1300,1256,-4,34,1330,81,88,51,214,1421,3,1421,1424,3,0,0,,,,,,
2015,9,24,4,MQ,3241,N600MQ,ORD,MLI,1656,1657,1,6,1703,60,37,27,139,1730,4,1756,1734,-22,0,0,,,,,,
2015,1,28,3,AA,2361,N3EGAA,ORD,DCA,1240,1235,-5,11,1246,105,97,79,612,1505,7,1525,1512,-13,0,0,,,,,,
2015,5,20,3,WN,336,N430WN,MSY,MCI,1050,1046,-4,11,1057,115,110,93,689,1230,6,1245,1236,-9,0,0,,,,,,
2015,3,7,6,WN,3619,N408WN,SMF,BUR,1005,1008,3,10,1018,65,66,53,358,1111,3,1110,1114,4,0,0,,,,,,
2015,2,20,5,AA,1294,N3CFAA,MIA,MSP,1430,1437,7,12,1449,235,237,221,1501,1730,4,1725,1734,9,0,0,,,,,,
2015,6,2,2,AA,368,N3MDAA,ORD,LGA,1310,1309,-1,39,1348,126,168,124,733,1652,5,1616,1657,41,0,0,,41,0,0,0,0
2015,3,26,4,WN,170,N7719A,MDW,DTW,1725,1730,5,9,1739,65,55,41,228,1920,5,1930,1925,-5,0,0,,,,,,
2015,2,23,1,MQ,3495,N660MQ,MSN,DFW,1848,,,,,157,,,821,,,2125,,,0,1,B,,,,,
2015,12,14,1,DL,1501,N958DN,BOS,ATL,715,711,-4,25,736,195,180,147,946,1003,8,1030,1011,-19,0,0,,,,,,
2015,4,2,4,OO,6532,N727SK,HDN,DEN,924,915,-9,10,925,61,48,30,141,955,8,1025,1003,-22,0,0,,,,,,
2015,9,3,4,AA,1949,N827AW,STL,PHX,1750,1804,14,18,1822,196,205,183,1262,1925,4,1906,1929,23,0,0,,9,0,14,0,0
2015,4,25,6,UA,1456,N76519,IAH,SFO,1254,1304,10,16,1320,261,254,228,1635,1508,10,1515,1518,3,0,0,,,,,,
2015,11,25,3,DL,2506,N951DL,ATL,ECP,1355,1356,1,18,1414,64,61,40,240,1354,3,1359,1357,-2,0,0,,,,,,
2015,6,27,6,WN,4339,N758SW,DAL,HOU,1130,1126,-4,9,1135,60,59,46,239,1221,4,1230,1225,-5,0,0,,,,,,
2015,11,20,5,DL,677,N370NB,MSP,GRB,1948,1938,-10,13,1951,70,58,39,252,2030,6,2058,2036,-22,0,0,,,,,,
2015,6,3,3,UA,1971,N76517,IAH,SEA,903,917,14,18,935,288,274,247,1874,1142,9,1151,1151,0,0,0,,,,,,
2015,12,21,1,WN,2581,N560WN,BOI,LAS,1205,1227,22,6,1233,100,89,78,519,1251,5,1245,1256,11,0,0,,,,,,
2015,12,29,2,B6,1254,N587JB,PBI,JFK,1430,1447,17,20,1507,164,153,126,1028,1713,7,1714,1720,6,0,0,,,,,,
2015,6,11,4,UA,661,N457UA,EWR,ORD,1929,2039,70,42,2121,163,169,116,719,2217,11,2112,2228,76,0,0,,33,0,0,43,0
2015,8,2,7,DL,508,N951AT,ECP,ATL,600,555,-5,11,606,68,58,41,240,747,6,808,753,-15,0,0,,,,,,
2015,3,19,4,WN,2609,N953WN,PHX,OMA,750,758,8,19,817,155,141,120,1037,1217,2,1225,1219,-6,0,0,,,,,,
2015,5,22,5,DL,1257,N607AT,DAL,ATL,1545,1541,-4,11,1552,129,108,90,721,1822,7,1854,1829,-25,0,0,,,,,,
2015,12,28,1,DL,2289,N357NB,ALB,ATL,600,609,9,11,620,184,149,132,853,832,6,904,838,-26,0,0,,,,,,
2015,11,28,6,AA,1085,N3JEAA,ORD,MIA,1320,1315,-5,13,1328,185,163,144,1197,1652,6,1725,1658,-27,0,0,,,,,,
2015,5,25,1,MQ,3305,N505MQ,ORD,COU,1355,1357,2,19,1416,84,74,52,315,1508,3,1519,1511,-8,0,0,,,,,,
2015,12,12,6,UA,701,N68811,DEN,LAX,1845,1859,14,32,1931,157,150,112,862,2023,6,2022,2029,7,0,0,,,,,,
2015,10,27,2,EV,4543,N11193,15016,11618,1527,1524,-3,11,1535,143,137,112,872,1827,14,1850,1841,-9,0,0,,,,,,
2015,7,11,6,EV,2685,N879AS,GRK,DFW,1823,1816,-7,10,1826,57,67,40,134,1906,17,1920,1923,3,0,0,,,,,,
2015,9,20,7,WN,1335,N271LV,MDW,SDF,1115,1115,0,9,1124,60,58,45,271,1309,4,1315,1313,-2,0,0,,,,,,
2015,12,20,7,AA,1683,N945UW,RSW,PHL,1350,1340,-10,11,1351,162,157,140,993,1611,6,1632,1617,-15,0,0,,,,,,
2015,1,15,4,WN,482,N247WN,PHX,LAX,1925,1931,6,11,1942,80,75,59,370,1941,5,1945,1946,1,0,0,,,,,,
2015,4,11,6,WN,1642,N484WN,PNS,HOU,1825,1818,-7,7,1825,100,90,78,488,1943,5,2005,1948,-17,0,0,,,,,,
2015,5,2,6,MQ,3276,N900MQ,CHA,DFW,1600,1555,-5,6,1601,135,137,101,695,1642,30,1715,1712,-3,0,0,,,,,,
2015,1,2,5,OO,4686,N802SK,PSP,SLC,1300,1255,-5,10,1305,107,95,79,541,1524,6,1547,1530,-17,0,0,,,,,,
2015,8,6,4,WN,805,N440LV,DEN,BUR,815,812,-3,19,831,145,144,122,850,933,3,940,936,-4,0,0,,,,,,
2015,11,21,6,WN,3084,N619SW,BWI,TPA,1150,1159,9,15,1214,150,149,128,842,1422,6,1420,1428,8,0,0,,,,,,
2015,7,31,5,MQ,3380,N691MQ,MDT,ORD,1821,1829,8,8,1837,123,108,95,594,1912,5,1924,1917,-7,0,0,,,,,,
2015,12,1,2,WN,581,N748SW,BWI,ISP,1020,1017,-3,13,1030,65,58,41,220,1111,4,1125,1115,-10,0,0,,,,,,
2015,9,18,5,HA,103,N489HA,HNL,LIH,514,507,-7,15,522,37,42,21,102,543,6,551,549,-2,0,0,,,,,,
2015,2,5,4,MQ,3545,N608MQ,EYW,MIA,1812,1805,-7,9,1814,49,48,34,125,1848,5,1901,1853,-8,0,0,,,,,,
2015,4,5,7,WN,232,N941WN,LAS,PHX,1805,1812,7,11,1823,65,67,50,255,1913,6,1910,1919,9,0,0,,,,,,
2015,7,25,6,EV,4184,N14905,CHS,IAH,1114,1116,2,16,1132,153,159,136,925,1248,7,1247,1255,8,0,0,,,,,,
2015,12,21,1,OO,3490,N223AG,SEA,FAT,1800,1756,-4,17,1813,120,106,85,748,1938,4,2000,1942,-18,0,0,,,,,,
2015,8,6,4,WN,302,N618WN,BWI,BNA,1920,1921,1,13,1934,115,109,86,587,2000,10,2015,2010,-5,0,0,,,,,,
2015,5,30,6,WN,1859,N777QC,ATL,LGA,840,840,0,23,903,140,140,113,762,1056,4,1100,1100,0,0,0,,,,,,
2015,11,23,1,AS,829,N514AS,SAN,OGG,730,724,-6,12,736,370,355,340,2541,1116,3,1140,1119,-21,0,0,,,,,,
2015,3,4,3,DL,913,N343NB,SLC,ORD,855,1219,204,19,1238,185,166,138,1250,1556,9,1300,1605,185,0,0,,0,0,185,0,0
2015,3,10,2,AA,1530,N3EPAA,LAX,IAD,2300,2251,-9,24,2315,290,291,261,2288,636,6,650,642,-8,0,0,,,,,,
2015,5,27,3,MQ,3349,N815MQ,LGA,CLE,910,857,-13,30,927,111,99,65,419,1032,4,1101,1036,-25,0,0,,,,,,
2015,4,10,5,AA,2285,N3DWAA,MCO,JFK,1820,1813,-7,23,1836,164,176,140,944,2056,13,2104,2109,5,0,0,,,,,,
2015,2,21,6,WN,528,N277WN,PHL,MDW,1600,,,,,145,,,668,,,1725,,,0,1,B,,,,,
2015,1,18,7,F9,135,N925FR,DFW,DEN,1000,955,-5,15,1010,124,129,105,641,1055,9,1104,1104,0,0,0,,,,,,
2015,1,16,5,DL,721,N525US,MSP,ATL,1930,1944,14,15,1959,154,131,111,907,2250,5,2304,2255,-9,0,0,,,,,,
2015,8,4,2,EV,4356,N13202,IAH,MAF,1735,1756,21,19,1815,89,81,60,429,1915,2,1904,1917,13,0,0,,,,,,
2015,9,10,4,EV,4446,N17138,IAH,SHV,1916,1947,31,27,2014,56,67,34,192,2048,6,2012,2054,42,0,0,,11,0,5,26,0
2015,6,10,3,EV,2661,N877AS,DFW,CAE,1510,1517,7,28,1545,154,151,119,922,1844,4,1844,1848,4,0,0,,,,,,
2015,6,8,1,MQ,3341,N652MQ,DSM,ORD,940,933,-7,8,941,83,76,57,299,1038,11,1103,1049,-14,0,0,,,,,,
2015,8,5,3,MQ,3080,N517MQ,ORD,PIT,1520,1518,-2,17,1535,95,77,54,413,1729,6,1755,1735,-20,0,0,,,,,,
2015,6,19,5,DL,2795,N552NW,MCO,MSP,1848,2052,124,21,2113,202,203,172,1310,2305,10,2110,2315,125,0,0,,14,0,0,111,0
2015,12,5,6,WN,1099,N415WN,BNA,TPA,1600,1559,-1,13,1612,100,102,84,612,1836,5,1840,1841,1,0,0,,,,,,
2015,1,3,6,B6,1236,N249JB,SJU,STT,748,740,-8,9,749,34,28,16,68,805,3,822,808,-14,0,0,,,,,,
2015,5,12,2,DL,1281,N317US,SLC,DTW,1107,1106,-1,21,1127,216,192,165,1481,1612,6,1643,1618,-25,0,0,,,,,,
2015,10,30,5,WN,1214,N727SW,11697,13495,1045,1053,8,10,1103,125,119,101,674,1144,8,1150,1152,2,0,0,,,,,,
2015,10,3,6,WN,762,N925WN,11278,11697,930,932,2,11,943,160,179,148,899,1211,20,1210,1231,21,0,0,,21,0,0,0,0
2015,2,3,2,OO,5162,N767SK,PIT,IAH,600,556,-4,28,624,195,207,174,1117,818,5,815,823,8,0,0,,,,,,
2015,7,7,2,WN,604,N8647A,AUS,DEN,1450,1448,-2,9,1457,130,116,102,775,1539,5,1600,1544,-16,0,0,,,,,,
2015,11,6,5,B6,1042,N634JB,SAV,JFK,1900,1850,-10,14,1904,123,106,90,718,2034,2,2103,2036,-27,0,0,,,,,,
2015,11,30,1,WN,684,N277WN,DEN,MCO,1010,1012,2,20,1032,210,203,176,1546,1528,7,1540,1535,-5,0,0,,,,,,
2015,7,7,2,EV,4260,N17159,CHS,IAH,1852,,,,,158,,,925,,,2030,,,0,1,C,,,,,
2015,9,24,4,DL,1772,N839DN,PHX,ATL,1248,1244,-4,18,1302,223,219,193,1587,1915,8,1931,1923,-8,0,0,,,,,,
2015,10,21,3,DL,1583,N711ZX,14771,12478,1120,1132,12,11,1143,347,325,308,2586,1951,6,2007,1957,-10,0,0,,,,,,
2015,9,16,3,DL,1290,N319US,ATL,DTW,2200,2159,-1,8,2207,113,94,81,594,2328,5,2353,2333,-20,0,0,,,,,,
2015,4,23,4,OO,5241,N113SY,AUS,SFO,600,600,0,17,617,249,245,224,1504,801,4,809,805,-4,0,0,,,,,,
2015,5,6,3,WN,653,N469WN,HOU,MDW,530,,,,,145,,,937,,,755,,,0,1,B,,,,,
2015,10,25,7,EV,4726,N14916,13930,10874,2052,2048,-4,12,2100,83,71,50,343,2250,9,2315,2259,-16,0,0,,,,,,
2015,7,31,5,AA,2317,N3GSAA,MIA,STX,1900,1944,44,30,2014,166,180,147,1139,2241,3,2146,2244,58,0,0,,14,0,0,0,44
2015,5,4,1,F9,1360,N932FR,PHX,IAH,1930,1930,0,13,1943,160,142,119,1009,2342,10,10,2352,-18,0,0,,,,,,
2015,9,8,2,AA,938,N3AXAA,JFK,SJU,2015,2111,56,33,2144,252,235,196,1598,100,6,27,106,39,0,0,,0,0,20,19,0
2015,5,24,7,WN,3422,N8641B,LGA,DAL,1750,1805,15,10,1815,245,240,201,1381,2036,29,2055,2105,10,0,0,,,,,,
2015,3,12,4,NK,301,N612NK,BWI,FLL,645,636,-9,10,646,156,139,122,925,848,7,921,855,-26,0,0,,,,,,
2015,4,19,7,B6,454,N903JB,PBI,JFK,2012,2046,34,17,2103,163,159,135,1028,2318,7,2255,2325,30,0,0,,30,0,0,0,0
2015,9,9,3,WN,28,N248WN,HOU,DAL,1300,1316,16,8,1324,55,52,39,239,1403,5,1355,1408,13,0,0,,,,,,
2015,6,22,1,US,1946,N190UW,BOS,CLT,600,556,-4,13,609,138,131,110,728,759,8,818,807,-11,0,0,,,,,,
2015,5,4,1,DL,1824,N914DE,ATL,BWI,1500,1459,-1,17,1516,115,106,82,577,1638,7,1655,1645,-10,0,0,,,,,,
2015,2,5,4,WN,2963,N290WN,PHX,MDW,600,601,1,12,613,195,201,185,1444,1018,4,1015,1022,7,0,0,,,,,,
2015,9,11,5,WN,2819,N706SW,LAS,BUR,1345,1347,2,9,1356,65,55,43,223,1439,3,1450,1442,-8,0,0,,,,,,
2015,6,18,4,UA,1965,N27421,ORD,DEN,735,733,-2,47,820,154,194,137,888,937,10,909,947,38,0,0,,38,0,0,0,0
2015,12,10,4,DL,2009,N309US,MSP,DEN,1731,1726,-5,21,1747,137,135,107,680,1834,7,1848,1841,-7,0,0,,,,,,
2015,3,8,7,AA,1279,N502AA,DFW,OMA,835,839,4,14,853,104,99,81,583,1014,4,1019,1018,-1,0,0,,,,,,
2015,8,17,1,OO,2861,N864AS,LAX,MRY,1620,1613,-7,19,1632,73,67,44,266,1716,4,1733,1720,-13,0,0,,,,,,
2015,8,12,3,AA,1831,N553UW,BWI,CLT,850,1040,110,16,1056,91,82,59,361,1155,7,1021,1202,101,0,0,,0,0,101,0,0
2015,4,22,3,AA,1212,N3HDAA,DFW,MCO,1505,1504,-1,15,1519,158,131,111,985,1810,5,1843,1815,-28,0,0,,,,,,
2015,7,8,3,AA,1144,N3CPAA,LGA,DFW,1930,2002,32,39,2041,238,227,181,1389,2242,7,2228,2249,21,0,0,,0,0,0,14,7
2015,3,30,1,WN,622,N465WN,SJC,LAS,1000,959,-1,11,1010,80,79,60,386,1110,8,1120,1118,-2,0,0,,,,,,
2015,12,23,3,WN,3018,N799SW,SNA,PHX,1425,1424,-1,7,1431,70,61,48,338,1619,6,1635,1625,-10,0,0,,,,,,
2015,8,22,6,OO,4836,N617QX,SLC,BOI,1355,1349,-6,19,1408,67,70,46,290,1454,5,1502,1459,-3,0,0,,,,,,
2015,2,9,1,WN,130,N397SW,SMF,LAS,1715,1710,-5,9,1719,80,72,60,397,1819,3,1835,1822,-13,0,0,,,,,,
2015,3,25,3,WN,536,N7701B,DSM,MDW,600,554,-6,13,607,75,71,50,306,657,8,715,705,-10,0,0,,,,,,
2015,1,29,4,UA,734,N549UA,SFO,ORD,600,557,-3,26,623,254,243,203,1846,1146,14,1214,1200,-14,0,0,,,,,,
2015,5,14,4,WN,4840,N601WN,SJC,LAX,2210,2229,19,9,2238,75,70,49,308,2327,12,2325,2339,14,0,0,,,,,,
2015,3,10,2,WN,699,N425LV,MSY,BWI,2150,2151,1,9,2200,135,132,118,998,58,5,105,103,-2,0,0,,,,,,
2015,12,25,5,VX,1488,N623VA,LAX,LAS,1730,1727,-3,19,1746,65,71,42,236,1828,10,1835,1838,3,0,0,,,,,,
2015,9,1,2,UA,279,N537UA,ANC,ORD,2026,600,574,17,617,344,366,340,2846,1457,9,510,1506,596,0,0,,22,0,574,0,0
2015,4,16,4,US,1951,N173US,LGA,CLT,630,627,-3,19,646,122,115,89,544,815,7,832,822,-10,0,0,,,,,,
2015,1,9,5,F9,238,N918FR,DEN,BNA,1415,1415,0,9,1424,138,132,118,1014,1722,5,1733,1727,-6,0,0,,,,,,
2015,7,30,4,MQ,3245,N604MQ,FWA,DFW,1439,1439,0,9,1448,154,142,120,859,1548,13,1613,1601,-12,0,0,,,,,,
2015,5,10,7,EV,6038,N11548,SDF,ORD,1444,1553,69,9,1602,91,81,63,287,1605,9,1515,1614,59,0,0,,0,0,16,43,0
2015,11,4,3,F9,1408,N928FR,ATL,CLE,1305,1308,3,14,1322,100,106,82,554,1444,10,1445,1454,9,0,0,,,,,,
2015,2,16,1,VX,766,N527VA,DAL,LGA,1050,1047,-3,13,1100,185,178,158,1381,1438,7,1455,1445,-10,0,0,,,,,,
2015,7,18,6,NK,234,N643NK,MYR,CLE,1708,1717,9,8,1725,107,108,91,557,1856,9,1855,1905,10,0,0,,,,,,
2015,10,26,1,AA,2511,N4XXAA,11298,10140,1250,1312,22,12,1324,109,100,82,569,1346,6,1339,1352,13,0,0,,,,,,
2015,12,21,1,WN,207,N769SW,BOI,LAS,1650,1727,37,26,1753,100,114,81,519,1814,7,1730,1821,51,0,0,,14,0,12,25,0
2015,11,13,5,OO,5513,N773SK,SMF,LAX,1042,1036,-6,14,1050,93,84,60,373,1150,10,1215,1200,-15,0,0,,,,,,
2015,1,10,6,AA,1409,N3LHAA,DCA,ORD,830,827,-3,13,840,141,127,106,612,926,8,951,934,-17,0,0,,,,,,
2015,1,28,3,AS,609,N464AS,LAS,SEA,1500,1459,-1,17,1516,162,152,125,867,1721,10,1742,1731,-11,0,0,,,,,,
2015,5,10,7,DL,1956,N317US,MSP,FAR,1932,2044,72,18,2102,61,62,40,223,2142,4,2033,2146,73,0,0,,1,0,0,72,0
2015,6,12,5,OO,4515,N8884E,MSP,FNT,1303,1259,-4,22,1321,94,95,69,491,1530,4,1537,1534,-3,0,0,,,,,,
2015,8,28,5,WN,2676,N410WN,LAS,SAN,1955,1954,-1,15,2009,65,61,43,258,2052,3,2100,2055,-5,0,0,,,,,,
2015,7,30,4,EV,4924,N839AS,AVL,ATL,1625,1621,-4,7,1628,59,55,42,164,1710,6,1724,1716,-8,0,0,,,,,,
2015,4,20,1,WN,702,N419WN,DAL,ICT,1710,1705,-5,10,1715,70,64,50,333,1805,4,1820,1809,-11,0,0,,,,,,
2015,4,20,1,US,1929,N705UW,PHL,CLT,2045,2052,7,28,2120,106,145,82,449,2242,35,2231,2317,46,0,0,,39,0,0,7,0
2015,12,18,5,MQ,3062,N526MQ,XNA,DFW,1720,1716,-4,14,1730,84,75,45,280,1815,16,1844,1831,-13,0,0,,,,,,
2015,5,23,6,OO,4975,N119SY,SFO,SLC,1255,1254,-1,21,1315,122,120,90,599,1545,9,1557,1554,-3,0,0,,,,,,
2015,1,9,5,B6,1816,N339JB,JFK,SYR,2229,25,116,17,42,69,60,41,209,123,2,2338,125,107,0,0,,0,0,6,101,0
2015,9,16,3,AA,1660,N3JLAA,MCO,ORD,1910,1925,15,16,1941,174,164,138,1005,2059,10,2104,2109,5,0,0,,,,,,
2015,8,13,4,EV,4232,N14558,ORD,BTV,1732,1727,-5,19,1746,131,129,102,763,2028,8,2043,2036,-7,0,0,,,,,,
2015,12,13,7,UA,555,N34282,SAN,ORD,1026,1025,-1,17,1042,239,240,212,1723,1614,11,1625,1625,0,0,0,,,,,,
2015,8,24,1,NK,927,N614NK,ORD,MCO,1100,1052,-8,14,1106,156,154,131,1005,1417,9,1436,1426,-10,0,0,,,,,,
2015,7,23,4,HA,373,N485HA,HNL,LIH,1435,1440,5,15,1455,39,42,21,102,1516,6,1514,1522,8,0,0,,,,,,
2015,7,10,5,NK,563,N525NK,ORD,SAN,1044,1037,-7,9,1046,257,251,237,1723,1243,5,1301,1248,-13,0,0,,,,,,
2015,9,30,3,UA,680,N821UA,ORD,PIT,1100,1054,-6,11,1105,87,73,55,413,1300,7,1327,1307,-20,0,0,,,,,,
2015,1,13,2,WN,4549,N477WN,DEN,SLC,635,629,-6,13,642,90,88,70,391,752,5,805,757,-8,0,0,,,,,,
2015,8,8,6,UA,1222,N75426,DEN,IAD,1845,1858,13,11,1909,200,176,158,1452,2347,7,5,2354,-11,0,0,,,,,,
2015,1,30,5,B6,1315,N266JB,JAX,FLL,1840,1835,-5,21,1856,72,84,52,319,1948,11,1952,1959,7,0,0,,,,,,
2015,10,23,5,AA,1815,N819AW,12953,11057,840,839,-1,28,907,128,116,84,544,1031,4,1048,1035,-13,0,0,,,,,,
2015,11,12,4,WN,1796,N378SW,BNA,DAL,2100,2055,-5,15,2110,120,117,97,623,2247,5,2300,2252,-8,0,0,,,,,,
2015,10,27,2,OO,4491,N633SK,14747,10713,740,737,-3,25,802,86,85,56,399,958,4,1006,1002,-4,0,0,,,,,,
2015,3,14,6,OO,4636,N632SK,SEA,BZN,800,757,-3,31,828,102,103,66,543,1034,6,1042,1040,-2,0,0,,,,,,
2015,3,13,5,WN,647,N954WN,ABQ,LAS,605,601,-4,14,615,95,86,67,486,622,5,640,627,-13,0,0,,,,,,
2015,11,16,1,WN,2152,N8306H,SEA,BWI,1250,1255,5,14,1309,295,294,273,2335,2042,7,2045,2049,4,0,0,,,,,,
2015,2,8,7,EV,5317,N931EV,ATL,LEX,1220,1215,-5,16,1231,77,73,54,304,1325,3,1337,1328,-9,0,0,,,,,,
2015,9,14,1,DL,2833,N935AT,LEX,ATL,1351,1346,-5,12,1358,89,75,56,304,1454,7,1520,1501,-19,0,0,,,,,,
2015,10,30,5,UA,1051,N27959,11292,12266,1015,1018,3,17,1035,136,168,141,862,1356,10,1331,1406,35,0,0,,35,0,0,0,0
2015,1,25,7,WN,1734,N778SW,RDU,LAS,715,712,-3,19,731,325,300,263,2026,854,18,940,912,-28,0,0,,,,,,
2015,8,10,1,AA,1930,N570UW,PDX,CLT,2215,2225,10,12,2237,287,267,246,2282,543,9,602,552,-10,0,0,,,,,,
2015,7,31,5,AA,2193,N3CBAA,ORD,MIA,1841,,,,,203,,,1197,,,2304,,,0,1,B,,,,,
2015,6,12,5,WN,4170,N468WN,BDL,LAS,715,714,-1,10,724,330,315,299,2297,923,6,945,929,-16,0,0,,,,,,
2015,5,12,2,DL,953,N67171,ATL,SAT,1855,1917,22,20,1937,155,151,126,874,2043,5,2030,2048,18,0,0,,0,0,18,0,0
2015,8,3,1,EV,4452,N14542,IAH,VPS,902,901,-1,18,919,104,106,77,528,1036,11,1046,1047,1,0,0,,,,,,
2015,12,10,4,WN,1789,N609SW,ONT,OAK,1210,1214,4,7,1221,75,71,59,362,1320,5,1325,1325,0,0,0,,,,,,
2015,2,7,6,MQ,3041,N659MQ,DSM,DFW,1135,1135,0,9,1144,124,112,91,624,1315,12,1339,1327,-12,0,0,,,,,,
2015,5,13,3,DL,1063,N3757D,ATL,BHM,2321,2318,-3,16,2334,51,45,26,134,2300,3,2312,2303,-9,0,0,,,,,,
2015,11,5,4,UA,1803,N494UA,LAS,IAH,1709,1655,-14,20,1715,185,171,146,1222,2141,5,2214,2146,-28,0,0,,,,,,
2015,4,21,2,US,1808,N567UW,PHX,CLT,505,459,-6,14,513,236,214,191,1773,1124,9,1201,1133,-28,0,0,,,,,,
2015,12,26,6,DL,1665,N327NB,SLC,DFW,950,952,2,14,1006,160,171,149,989,1335,8,1330,1343,13,0,0,,,,,,
2015,5,18,1,UA,1647,N24729,IAH,ORD,1537,1536,-1,12,1548,161,151,115,925,1743,24,1818,1807,-11,0,0,,,,,,
2015,2,16,1,EV,6050,N14974,ORD,CLT,2105,,,,,110,,,599,,,2355,,,0,1,C,,,,,
2015,2,11,3,US,1806,N584UW,ORD,CLT,1355,1352,-3,13,1405,115,100,74,599,1619,13,1650,1632,-18,0,0,,,,,,
2015,10,10,6,EV,4238,N16999,12266,13422,1920,1916,-4,20,1936,81,94,66,427,2042,8,2041,2050,9,0,0,,,,,,
2015,9,16,3,AS,479,N523AS,LAX,SEA,1605,1600,-5,24,1624,154,161,130,954,1834,7,1839,1841,2,0,0,,,,,,
2015,10,12,1,UA,1586,N15751,13930,12339,1201,1156,-5,19,1215,59,55,30,177,1345,6,1400,1351,-9,0,0,,,,,,
2015,9,16,3,F9,1142,N208FR,MIA,LGA,1900,1905,5,13,1918,185,168,149,1096,2147,6,2205,2153,-12,0,0,,,,,,
2015,10,23,5,DL,1434,N944DL,13487,11278,650,646,-4,15,701,142,133,116,931,957,2,1012,959,-13,0,0,,,,,,
2015,2,5,4,HA,12,N389HA,HNL,SFO,1355,1359,4,34,1433,305,293,251,2398,2044,8,2100,2052,-8,0,0,,,,,,
2015,2,24,2,VX,474,N528VA,LAX,LAS,900,927,27,8,935,65,62,44,236,1019,10,1005,1029,24,0,0,,0,0,24,0,0
2015,1,25,7,WN,4175,N223WN,SAN,PHX,1535,1559,24,18,1617,70,73,51,304,1808,4,1745,1812,27,0,0,,3,0,24,0,0
2015,3,23,1,DL,1143,N348NW,CVG,ATL,600,557,-3,15,612,91,80,59,373,711,6,731,717,-14,0,0,,,,,,
2015,7,9,4,UA,2000,N801UA,PHX,ORD,1430,1430,0,10,1440,220,199,175,1440,1935,14,2010,1949,-21,0,0,,,,,,
2015,3,9,1,AA,1233,N3DAAA,BOS,DFW,555,550,-5,16,606,274,289,260,1562,926,13,929,939,10,0,0,,,,,,
2015,11,24,2,AA,943,N5DJAA,MIA,STT,1005,1002,-3,20,1022,168,146,122,1107,1324,4,1353,1328,-25,0,0,,,,,,
2015,4,12,7,DL,1690,N986DL,ATL,BDL,1409,1414,5,16,1430,144,128,107,859,1617,5,1633,1622,-11,0,0,,,,,,
2015,8,16,7,B6,1836,N318JB,DTW,BOS,630,624,-6,10,634,107,105,90,632,804,5,817,809,-8,0,0,,,,,,
2015,1,6,2,WN,2505,N653SW,HOU,MDW,1500,1516,16,9,1525,145,156,131,937,1736,16,1725,1752,27,0,0,,11,0,0,16,0
2015,10,28,3,MQ,3440,N909MQ,13930,11066,1600,1619,19,19,1638,83,75,50,296,1828,6,1823,1834,11,0,0,,,,,,
2015,8,27,4,UA,588,N402UA,TPA,ORD,610,604,-6,12,616,173,153,134,1012,730,7,803,737,-26,0,0,,,,,,
2015,11,7,6,WN,2758,N437WN,OAK,SNA,1635,1631,-4,7,1638,80,74,63,371,1741,4,1755,1745,-10,0,0,,,,,,
2015,5,2,6,EV,5445,N921EV,ATL,TRI,1348,1348,0,15,1403,65,58,40,227,1443,3,1453,1446,-7,0,0,,,,,,
2015,4,11,6,AA,1642,N3CNAA,MIA,DCA,1825,1830,5,17,1847,154,143,124,919,2051,2,2059,2053,-6,0,0,,,,,,
2015,7,23,4,UA,414,N458UA,SFO,SAN,1040,1034,-6,18,1052,101,93,73,447,1205,2,1221,1207,-14,0,0,,,,,,
2015,3,26,4,WN,269,N772SW,BUR,PHX,1125,1135,10,7,1142,75,83,70,369,1252,6,1240,1258,18,0,0,,8,0,10,0,0
2015,12,26,6,DL,1236,N959AT,PNS,ATL,1857,1938,41,9,1947,77,58,40,271,2127,9,2114,2136,22,0,0,,0,0,1,21,0
2015,7,26,7,EV,4509,N12564,DAY,EWR,1434,1539,65,12,1551,110,133,103,533,1734,18,1624,1752,88,0,0,,23,0,18,47,0
2015,10,28,3,B6,865,N564JB,10721,14635,1855,1927,32,22,1949,216,193,167,1249,2236,4,2231,2240,9,0,0,,,,,,
2015,4,10,5,AS,830,N516AS,HNL,SJC,1410,1404,-6,17,1421,313,315,294,2417,2215,4,2223,2219,-4,0,0,,,,,,
2015,5,19,2,WN,829,N396SW,SMF,SAN,2025,2111,46,11,2122,85,91,70,480,2232,10,2150,2242,52,0,0,,6,0,46,0,0
2015,1,7,3,HA,214,N483HA,LIH,HNL,1839,1843,4,9,1852,33,34,19,102,1911,6,1912,1917,5,0,0,,,,,,
2015,8,2,7,EV,6133,N27200,ERI,ORD,600,547,-13,13,600,95,105,80,398,620,12,635,632,-3,0,0,,,,,,
2015,4,24,5,DL,2340,N125DL,LAX,DTW,1140,1156,16,23,1219,265,248,219,1979,1858,6,1905,1904,-1,0,0,,,,,,
2015,10,8,4,DL,1362,N991DL,14986,10397,600,558,-2,11,609,94,86,69,444,718,6,734,724,-10,0,0,,,,,,
2015,11,28,6,OO,2893,N492SW,LAX,SLC,1344,1356,12,11,1407,115,99,84,590,1631,4,1639,1635,-4,0,0,,,,,,
2015,1,29,4,AA,1086,N505AA,DFW,SLC,945,943,-2,11,954,170,166,147,989,1121,8,1135,1129,-6,0,0,,,,,,
2015,11,30,1,AA,1816,N826AW,DCA,MCO,959,952,-7,11,1003,158,136,115,759,1158,10,1237,1208,-29,0,0,,,,,,
2015,8,6,4,AA,1948,N953UW,RDU,PHL,1800,1822,22,19,1841,90,91,67,337,1948,5,1930,1953,23,0,0,,1,0,0,22,0
2015,11,16,1,UA,1202,N421UA,PBI,EWR,1911,2225,194,10,2235,170,151,136,1023,51,5,2201,56,175,0,0,,0,0,0,175,0
2015,1,24,6,UA,1122,N37287,SFO,HNL,1000,955,-5,12,1007,348,348,324,2398,1331,12,1348,1343,-5,0,0,,,,,,
2015,2,7,6,EV,3271,N14916,CLE,LGA,1340,1335,-5,18,1353,94,108,76,419,1509,14,1514,1523,9,0,0,,,,,,
2015,7,24,5,OO,3426,N170SY,SEA,OKC,1030,1030,0,28,1058,233,227,194,1519,1612,5,1623,1617,-6,0,0,,,,,,
2015,12,2,3,DL,702,N991AT,EWR,MSP,830,828,-2,26,854,190,174,145,1008,1019,3,1040,1022,-18,0,0,,,,,,
2015,5,17,7,B6,601,N644JB,JFK,FLL,600,556,-4,13,609,178,160,141,1069,830,6,858,836,-22,0,0,,,,,,
2015,2,6,5,AS,5,N532AS,DCA,LAX,915,946,31,12,958,368,333,312,2311,1210,9,1223,1219,-4,0,0,,,,,,
2015,9,17,4,DL,2617,N917DL,MSN,ATL,1650,1650,0,10,1700,130,112,93,707,1933,9,2000,1942,-18,0,0,,,,,,
2015,1,9,5,WN,2593,N7715E,SFO,PHX,1605,1601,-4,11,1612,110,115,99,651,1851,5,1855,1856,1,0,0,,,,,,
2015,8,29,6,B6,252,N589JB,MCO,BOS,1944,1941,-3,50,2031,174,200,142,1121,2253,8,2238,2301,23,0,0,,23,0,0,0,0
2015,12,22,2,EV,4179,N15985,EWR,BDL,1210,1204,-6,20,1224,58,55,29,116,1253,6,1308,1259,-9,0,0,,,,,,
2015,1,22,4,UA,1491,N33209,DEN,IAD,1540,1600,20,13,1613,191,185,164,1452,2057,8,2051,2105,14,0,0,,,,,,
2015,3,29,7,DL,1917,N627DL,DTW,LAS,1950,2002,12,16,2018,267,264,237,1749,2115,11,2117,2126,9,0,0,,,,,,
2015,3,4,3,US,2065,N111US,DTW,CLT,815,813,-2,11,824,119,108,90,500,954,7,1014,1001,-13,0,0,,,,,,
2015,5,22,5,WN,1272,N550WN,MKE,DCA,1830,1824,-6,7,1831,115,102,87,634,2058,8,2125,2106,-19,0,0,,,,,,
2015,2,11,3,US,2161,N955UW,BOS,LGA,1900,1923,23,20,1943,81,68,43,184,2026,5,2021,2031,10,0,0,,,,,,
2015,8,21,5,NK,341,N533NK,ACY,TPA,1035,1334,179,9,1343,142,143,127,913,1550,7,1257,1557,180,0,0,,1,0,179,0,0
2015,6,3,3,MQ,3097,N856MQ,HPN,ORD,729,725,-4,17,742,160,147,110,738,832,20,909,852,-17,0,0,,,,,,
2015,10,13,2,F9,356,N941FR,11292,13342,835,827,-8,8,835,139,127,115,896,1130,4,1154,1134,-20,0,0,,,,,,
2015,11,12,4,AA,1388,N3EWAA,PHX,DFW,600,555,-5,21,616,140,133,106,868,902,6,920,908,-12,0,0,,,,,,
2015,6,16,2,DL,1400,N965DN,ATL,BOS,1240,1308,28,14,1322,160,154,133,946,1535,7,1520,1542,22,0,0,,22,0,0,0,0
2015,12,11,5,WN,2439,N369SW,OAK,SEA,1035,1030,-5,16,1046,120,125,103,672,1229,6,1235,1235,0,0,0,,,,,,
2015,10,7,3,DL,2496,N934AT,10397,14730,1210,1210,0,9,1219,80,65,52,321,1311,4,1330,1315,-15,0,0,,,,,,
2015,3,10,2,UA,1573,N53441,MCO,EWR,935,940,5,11,951,153,148,128,937,1159,9,1208,1208,0,0,0,,,,,,
2015,12,7,1,AA,2050,N824AW,CLT,LGA,1614,1612,-2,24,1636,105,121,92,544,1808,5,1759,1813,14,0,0,,,,,,
2015,12,24,4,EV,5322,N853AS,AVL,ATL,1311,,,,,68,,,164,,,1419,,,0,1,B,,,,,
2015,5,21,4,WN,655,N956WN,BNA,JAX,1320,1324,4,11,1335,85,84,69,483,1544,4,1545,1548,3,0,0,,,,,,
2015,3,18,3,EV,5080,N883AS,CHA,ATL,1212,1207,-5,8,1215,51,41,27,106,1242,6,1303,1248,-15,0,0,,,,,,
2015,7,29,3,WN,414,N908WN,BWI,BDL,1000,1052,52,16,1108,70,67,46,283,1154,5,1110,1159,49,0,0,,0,0,49,0,0
2015,1,3,6,AS,717,N557AS,SAN,SLC,2105,2117,12,20,2137,112,121,94,626,11,7,2357,18,21,0,0,,9,0,0,0,12
2015,1,11,7,EV,4737,N23139,GRB,ORD,1438,1430,-8,7,1437,61,55,36,173,1513,12,1539,1525,-14,0,0,,,,,,
2015,3,22,7,MQ,3027,N607MQ,MSN,ORD,857,846,-11,13,859,63,59,23,108,922,23,1000,945,-15,0,0,,,,,,
2015,8,12,3,WN,172,N208WN,SFO,PHX,815,811,-4,9,820,110,109,95,651,955,5,1005,1000,-5,0,0,,,,,,
2015,11,7,6,DL,2136,N347NB,ATL,ELP,940,938,-2,14,952,204,202,185,1282,1057,3,1104,1100,-4,0,0,,,,,,
2015,9,25,5,WN,2341,N206WN,OAK,BUR,1600,1600,0,9,1609,65,62,51,325,1700,2,1705,1702,-3,0,0,,,,,,
2015,11,14,6,DL,2528,N914DE,ATL,CLE,1259,1257,-2,10,1307,104,100,83,554,1430,7,1443,1437,-6,0,0,,,,,,
2015,3,4,3,AA,2237,N3JEAA,DFW,DCA,1430,,,,,161,,,1192,,,1811,,,0,1,B,,,,,
2015,5,17,7,UA,1184,N66848,LAX,EWR,1331,1332,1,23,1355,332,304,275,2454,2130,6,2203,2136,-27,0,0,,,,,,
2015,4,24,5,WN,757,N8627B,LAS,MDW,1845,1919,34,13,1932,205,194,176,1521,28,5,10,33,23,0,0,,0,0,23,0,0
2015,7,9,4,AA,1015,N4XWAA,AUS,DFW,635,629,-6,13,642,66,72,45,190,727,14,741,741,0,0,0,,,,,,
2015,8,29,6,AA,1375,N3JKAA,MIA,LAS,700,657,-3,11,708,308,299,282,2174,850,6,908,856,-12,0,0,,,,,,
2015,12,26,6,OO,4754,N896SK,DTW,IAH,851,848,-3,18,906,200,200,174,1075,1100,8,1111,1108,-3,0,0,,,,,,
2015,2,23,1,EV,4745,N15912,CLE,LGA,1226,1225,-1,18,1243,95,99,76,419,1359,5,1401,1404,3,0,0,,,,,,
2015,12,23,3,DL,1490,N372NW,DTW,LAS,1600,1634,34,14,1648,277,255,235,1749,1743,6,1737,1749,12,0,0,,,,,,
2015,6,22,1,OO,4637,N187PQ,LAX,SJC,610,606,-4,19,625,79,73,49,308,714,5,729,719,-10,0,0,,,,,,
2015,5,14,4,OO,4562,N433SW,OKC,MSP,710,705,-5,16,721,128,127,101,694,902,10,918,912,-6,0,0,,,,,,
2015,4,28,2,WN,4468,N7742B,BWI,RDU,1325,1326,1,10,1336,65,62,47,255,1423,5,1430,1428,-2,0,0,,,,,,
2015,10,29,4,UA,1209,N74856,12266,12892,1257,1255,-2,20,1315,225,215,186,1379,1421,9,1442,1430,-12,0,0,,,,,,
2015,2,23,1,OO,5618,N718SK,HDN,LAX,1626,1620,-6,14,1634,137,134,113,763,1727,7,1743,1734,-9,0,0,,,,,,
2015,8,10,1,WN,248,N345SA,DEN,PHX,755,802,7,15,817,115,111,90,602,847,6,850,853,3,0,0,,,,,,
2015,10,15,4,WN,525,N723SW,15376,11292,1545,1558,13,6,1604,110,98,81,639,1825,11,1835,1836,1,0,0,,,,,,
2015,4,29,3,WN,3405,N7720F,MSY,SAN,1340,1341,1,9,1350,240,226,213,1599,1523,4,1540,1527,-13,0,0,,,,,,
2015,7,10,5,EV,5097,N936EV,BGM,DTW,1532,1523,-9,13,1536,83,81,66,378,1642,2,1655,1644,-11,0,0,,,,,,
2015,6,23,2,B6,48,N521JB,LAS,JFK,1213,1524,191,19,1543,316,275,250,2248,2253,6,2029,2259,150,0,0,,78,0,0,72,0
2015,11,24,2,EV,5303,N195PQ,ATL,GRK,1909,2005,56,13,2018,147,132,116,803,2114,3,2036,2117,41,0,0,,0,0,41,0,0
2015,9,7,1,AA,1075,N548AA,DFW,ELP,1855,1850,-5,14,1904,108,97,79,551,1923,4,1943,1927,-16,0,0,,,,,,
2015,2,8,7,OO,4811,N8965E,BNA,MSP,1155,1146,-9,11,1157,133,122,105,695,1342,6,1408,1348,-20,0,0,,,,,,
2015,6,21,7,WN,491,N914WN,ATL,LAX,835,833,-2,19,852,290,275,246,1947,958,10,1025,1008,-17,0,0,,,,,,
2015,12,8,2,DL,2474,N3765,JFK,SJU,905,901,-4,22,923,240,243,215,1598,1358,6,1405,1404,-1,0,0,,,,,,
2015,9,30,3,MQ,3668,N505MQ,XNA,LGA,1635,1727,52,17,1744,171,176,154,1147,2118,5,2026,2123,57,0,0,,57,0,0,0,0
2015,7,20,1,AA,1599,N3ACAA,SNA,DFW,1600,1600,0,9,1609,177,184,165,1205,2054,10,2057,2104,7,0,0,,,,,,
2015,1,11,7,EV,4244,N11119,DEN,OKC,1321,1314,-7,17,1331,97,97,73,495,1544,7,1558,1551,-7,0,0,,,,,,
2015,2,26,4,WN,4020,N755SA,LAX,SAT,835,832,-3,7,839,160,149,137,1211,1256,5,1315,1301,-14,0,0,,,,,,
2015,8,10,1,DL,1811,N552NW,JAX,ATL,530,529,-1,14,543,67,59,42,270,625,3,637,628,-9,0,0,,,,,,
2015,10,10,6,AA,417,N508AY,14635,14100,600,551,-9,17,608,160,153,132,993,820,4,840,824,-16,0,0,,,,,,
2015,12,8,2,UA,1598,N455UA,SNA,IAH,650,649,-1,24,713,200,204,176,1346,1209,4,1210,1213,3,0,0,,,,,,
2015,12,2,3,WN,2575,N8313F,LAS,SNA,1945,1953,8,12,2005,60,58,41,226,2046,5,2045,2051,6,0,0,,,,,,
2015,12,6,7,HA,328,N483HA,HNL,OGG,1130,1136,6,12,1148,43,41,20,100,1208,9,1213,1217,4,0,0,,,,,,
2015,10,26,1,WN,2418,N373SW,12889,11292,2015,2034,19,8,2042,105,103,87,628,2309,8,2300,2317,17,0,0,,0,0,1,16,0
2015,9,4,5,OO,7363,N453SW,ABR,MSP,1524,1515,-9,11,1526,71,59,44,257,1610,4,1635,1614,-21,0,0,,,,,,
2015,12,24,4,EV,4687,N17146,BNA,EWR,1044,1035,-9,17,1052,132,128,101,748,1333,10,1356,1343,-13,0,0,,,,,,
2015,7,9,4,AA,1366,N3DJAA,LGA,MIA,1720,1742,22,28,1810,204,188,155,1096,2045,5,2044,2050,6,0,0,,,,,,
2015,10,26,1,AS,410,N626AS,14747,12892,1330,1325,-5,11,1336,164,140,123,954,1539,6,1614,1545,-29,0,0,,,,,,
2015,6,12,5,OO,5608,N740SK,LAX,SEA,847,912,25,18,930,167,161,134,954,1144,9,1134,1153,19,0,0,,0,0,2,17,0
2015,12,22,2,UA,664,N415UA,ORD,PHL,1345,1407,22,43,1450,130,141,93,678,1723,5,1655,1728,33,0,0,,33,0,0,0,0
2015,5,28,4,MQ,3417,N662MQ,MAF,DFW,1253,1243,-10,9,1252,77,71,51,309,1343,11,1410,1354,-16,0,0,,,,,,
2015,10,26,1,WN,628,N738CB,12892,10397,1340,1336,-4,7,1343,260,235,218,1947,2021,10,2100,2031,-29,0,0,,,,,,
2015,9,21,1,OO,5450,N925SW,DEN,LAR,1110,1057,-13,22,1119,51,54,27,113,1146,5,1201,1151,-10,0,0,,,,,,
2015,6,15,1,MQ,3311,N510MQ,ORD,XNA,1835,,,,,113,,,522,,,2028,,,0,1,C,,,,,
2015,2,6,5,WN,3121,N939WN,MCI,FLL,1345,1346,1,8,1354,180,161,144,1242,1718,9,1745,1727,-18,0,0,,,,,,
2015,7,26,7,HA,64,N590HA,LIH,LAX,1215,1203,-12,10,1213,340,328,306,2615,2019,12,2055,2031,-24,0,0,,,,,,
2015,2,8,7,DL,1287,N327NB,ATL,MEM,1050,1048,-2,12,1100,88,73,56,332,1056,5,1118,1101,-17,0,0,,,,,,
2015,6,17,3,OO,3458,N216AG,SEA,SLC,2055,2049,-6,17,2106,117,113,88,689,2334,8,2352,2342,-10,0,0,,,,,,
2015,11,19,4,DL,393,N968DL,ORD,ATL,1245,1247,2,17,1304,118,114,91,606,1535,6,1543,1541,-2,0,0,,,,,,
2015,12,1,2,EV,4700,N14993,BNA,EWR,1738,1833,55,34,1907,134,164,120,748,2207,10,2052,2217,85,0,0,,78,0,7,0,0
2015,11,1,7,DL,1873,N932DL,ATL,MIA,1736,1731,-5,22,1753,116,112,84,594,1917,6,1932,1923,-9,0,0,,,,,,
2015,1,18,7,MQ,3138,N544MQ,DTW,ORD,1212,1228,16,9,1237,82,63,46,235,1223,8,1234,1231,-3,0,0,,,,,,
2015,12,10,4,OO,4988,N758SK,DEN,OKC,1240,1234,-6,20,1254,95,89,64,495,1458,5,1515,1503,-12,0,0,,,,,,
2015,4,4,6,WN,2361,N486WN,MDW,CMH,1950,1943,-7,8,1951,65,56,44,283,2135,4,2155,2139,-16,0,0,,,,,,
2015,4,23,4,US,581,N602AW,PHL,SAN,730,724,-6,20,744,345,361,338,2370,1022,3,1015,1025,10,0,0,,,,,,
2015,8,4,2,AA,493,N803AW,PHX,OAK,945,946,1,12,958,117,110,93,646,1131,5,1142,1136,-6,0,0,,,,,,
2015,12,8,2,NK,342,N627NK,PHX,MSP,1510,1503,-7,12,1515,182,191,172,1276,1907,7,1912,1914,2,0,0,,,,,,
2015,7,5,7,DL,2014,N917DN,SYR,ATL,600,555,-5,11,606,134,126,109,794,755,6,814,801,-13,0,0,,,,,,
2015,12,18,5,MQ,3530,N527MQ,ORD,DSM,2206,2204,-2,42,2246,80,98,53,299,2339,3,2326,2342,16,0,0,,16,0,0,0,0
2015,7,27,1,MQ,3655,N603MQ,MIA,CMH,921,916,-5,13,929,164,167,143,990,1152,11,1205,1203,-2,0,0,,,,,,
2015,6,13,6,US,614,N153UW,LAX,PHX,1245,1246,1,22,1308,87,106,59,370,1407,25,1412,1432,20,0,0,,19,0,1,0,0
2015,11,21,6,DL,1088,N6701,ANC,MSP,2150,2153,3,26,2219,312,284,254,2519,533,4,602,537,-25,0,0,,,,,,
2015,10,26,1,WN,868,N939WN,14107,14908,1830,1827,-3,9,1836,70,66,53,338,1929,4,1940,1933,-7,0,0,,,,,,
2015,6,11,4,DL,84,N920DE,TPA,ATL,1948,2008,20,11,2019,96,81,65,406,2124,5,2124,2129,5,0,0,,,,,,
2015,3,3,2,EV,4264,N13978,STL,IAH,1810,1841,31,9,1850,135,131,116,667,2046,6,2025,2052,27,0,0,,0,0,0,27,0
2015,5,31,7,AS,61,N768AS,YAK,CDV,1141,1138,-3,7,1145,45,48,37,213,1222,4,1226,1226,0,0,0,,,,,,
2015,2,13,5,UA,287,N463UA,MDT,ORD,650,645,-5,10,655,126,115,90,594,725,15,756,740,-16,0,0,,,,,,
2015,8,16,7,F9,682,N933FR,DEN,MCO,2359,2347,-12,14,1,213,203,183,1546,504,6,532,510,-22,0,0,,,,,,
2015,4,22,3,EV,4375,N13969,ICT,IAH,1234,1225,-9,7,1232,107,92,80,542,1352,5,1421,1357,-24,0,0,,,,,,
2015,5,9,6,OO,5506,N793SK,IAH,TUS,1129,1124,-5,17,1141,157,171,146,936,1207,8,1206,1215,9,0,0,,,,,,
2015,10,7,3,WN,367,N711HK,11057,13232,1535,1536,1,11,1547,115,107,93,584,1620,3,1630,1623,-7,0,0,,,,,,
2015,10,7,3,EV,4435,N11539,13244,12266,620,614,-6,20,634,106,111,82,468,756,9,806,805,-1,0,0,,,,,,
2015,7,12,7,AA,2315,N5FRAA,MCO,MIA,1930,1951,21,12,2003,68,64,42,192,2045,10,2038,2055,17,0,0,,0,0,0,17,0
2015,6,29,1,OO,4637,N815SK,LAX,SJC,610,619,9,20,639,79,73,48,308,727,5,729,732,3,0,0,,,,,,
2015,1,6,2,DL,1641,N988DL,ATL,SAT,825,824,-1,13,837,169,148,129,874,946,6,1014,952,-22,0,0,,,,,,
2015,12,8,2,AA,1888,N702UW,PHL,BOS,1915,1911,-4,11,1922,79,70,50,280,2012,9,2034,2021,-13,0,0,,,,,,
2015,8,3,1,AA,1489,N3FAAA,SEA,DFW,1007,1001,-6,21,1022,233,236,204,1660,1546,11,1600,1557,-3,0,0,,,,,,
2015,11,18,3,OO,6397,N918SW,ORD,GRB,1736,,,,,57,,,173,,,1833,,,0,1,C,,,,,
2015,12,22,2,OO,5675,N773SK,MRY,SFO,1553,,,,,39,,,77,,,1632,,,0,1,C,,,,,
2015,5,25,1,UA,312,N406UA,EWR,ORD,929,922,-7,13,935,153,133,109,719,1024,11,1102,1035,-27,0,0,,,,,,
2015,5,30,6,OO,4526,N162PQ,SLC,DEN,1550,1544,-6,14,1558,89,77,57,391,1655,6,1719,1701,-18,0,0,,,,,,
2015,5,5,2,B6,470,N630JB,FLL,BOS,730,725,-5,15,740,187,177,156,1237,1016,6,1037,1022,-15,0,0,,,,,,
2015,4,21,2,UA,1145,N31412,SFO,LAS,2110,2251,101,22,2313,91,103,62,414,15,19,2241,34,113,0,0,,27,0,0,86,0
2015,4,5,7,EV,5229,N839AS,XNA,ATL,1245,1341,56,13,1354,98,89,73,589,1607,3,1523,1610,47,0,0,,0,0,0,47,0
2015,12,30,3,WN,302,N7712G,SNA,OAK,1715,1724,9,9,1733,85,96,64,371,1837,23,1840,1900,20,0,0,,11,0,4,5,0
2015,10,5,1,F9,1107,N923FR,12266,14771,605,601,-4,10,611,250,238,223,1635,754,5,815,759,-16,0,0,,,,,,
2015,5,3,7,WN,376,N953WN,MDW,DSM,2215,2211,-4,11,2222,70,66,52,306,2314,3,2325,2317,-8,0,0,,,,,,
2015,9,4,5,WN,2435,N425LV,SNA,SMF,1615,1614,-1,9,1623,80,83,69,404,1732,5,1735,1737,2,0,0,,,,,,
2015,1,8,4,OO,6433,N962SW,SLC,LAX,1740,1748,8,14,1802,129,110,87,590,1829,9,1849,1838,-11,0,0,,,,,,
2015,2,15,7,WN,2142,N614SW,HOU,TUL,1300,1257,-3,10,1307,85,77,63,453,1410,4,1425,1414,-11,0,0,,,,,,
2015,9,5,6,OO,6225,N131SY,DFW,ORD,1419,1412,-7,15,1427,149,138,114,802,1621,9,1648,1630,-18,0,0,,,,,,
2015,3,22,7,EV,5667,N15527,GRK,IAH,544,534,-10,10,544,56,56,37,166,621,9,640,630,-10,0,0,,,,,,
2015,5,4,1,US,1805,N717UW,CLT,IAH,2220,2214,-6,29,2243,159,157,119,912,2342,9,2359,2351,-8,0,0,,,,,,
2015,12,17,4,AA,2389,N3EJAA,DFW,SNA,1525,1522,-3,13,1535,198,194,172,1205,1627,9,1643,1636,-7,0,0,,,,,,
2015,8,29,6,EV,4477,N11187,MSP,IAH,1400,1357,-3,11,1408,177,166,145,1034,1633,10,1657,1643,-14,0,0,,,,,,
2015,4,13,1,UA,422,N474UA,RNO,DEN,601,556,-5,8,604,132,113,100,804,844,5,913,849,-24,0,0,,,,,,
2015,4,12,7,WN,557,N905WN,BUR,OAK,1845,1842,-3,10,1852,70,67,54,325,1946,3,1955,1949,-6,0,0,,,,,,
2015,10,28,3,OO,4552,N603SK,14747,10713,1500,1456,-4,23,1519,85,97,69,399,1728,5,1725,1733,8,0,0,,,,,,
2015,5,16,6,UA,1537,N39475,EWR,CLE,2059,2102,3,20,2122,102,88,60,404,2222,8,2241,2230,-11,0,0,,,,,,
2015,9,18,5,EV,4318,N11526,IAH,TYS,854,854,0,17,911,126,125,105,771,1156,3,1200,1159,-1,0,0,,,,,,
2015,8,12,3,WN,337,N939WN,ABQ,OAK,645,642,-3,8,650,150,130,116,889,746,6,815,752,-23,0,0,,,,,,
2015,11,16,1,WN,2421,N220WN,MCI,FLL,1700,1717,17,14,1731,175,161,143,1242,2054,4,2055,2058,3,0,0,,,,,,
2015,7,8,3,WN,241,N788SA,MCO,CAK,1940,1957,17,20,2017,130,134,111,861,2208,3,2150,2211,21,0,0,,4,0,0,0,17
2015,5,2,6,EV,4442,N13997,IAH,HOB,1805,1754,-11,21,1815,101,114,89,501,1844,4,1846,1848,2,0,0,,,,,,
2015,8,22,6,WN,4380,N685SW,BOI,LAS,1215,1217,2,8,1225,100,93,80,519,1245,5,1255,1250,-5,0,0,,,,,,
2015,3,23,1,WN,409,N8622A,AUS,SAN,2030,2025,-5,8,2033,190,177,167,1164,2120,2,2140,2122,-18,0,0,,,,,,
2015,11,17,2,EV,5192,N131EV,ATL,MLI,1553,1546,-7,10,1556,112,103,86,633,1622,7,1645,1629,-16,0,0,,,,,,
2015,1,12,1,OO,5185,N774SK,DEN,OKC,1732,1726,-6,35,1801,95,112,71,495,2012,6,2007,2018,11,0,0,,,,,,
2015,3,7,6,AA,1354,N3ETAA,DFW,FLL,1535,1534,-1,13,1547,162,153,135,1119,1902,5,1917,1907,-10,0,0,,,,,,
2015,8,11,2,AA,626,N544UW,CLT,PHX,1620,1622,2,30,1652,262,268,231,1773,1743,7,1742,1750,8,0,0,,,,,,
2015,11,20,5,WN,195,N905WN,STL,BOS,810,808,-2,13,821,150,146,122,1047,1123,11,1140,1134,-6,0,0,,,,,,
2015,9,18,5,EV,4607,N13997,IAH,XNA,1353,1350,-3,20,1410,98,112,87,438,1537,5,1531,1542,11,0,0,,,,,,
2015,3,18,3,DL,1852,N908DE,ATL,PBI,1215,1213,-2,10,1223,108,94,79,545,1342,5,1403,1347,-16,0,0,,,,,,
2015,10,26,1,AA,647,N672AW,14107,13891,1015,1011,-4,24,1035,78,82,52,325,1127,6,1133,1133,0,0,0,,,,,,
2015,8,5,3,AA,521,N171US,PHX,SEA,1635,1629,-6,13,1642,170,192,167,1107,1929,12,1925,1941,16,0,0,,16,0,0,0,0
2015,5,9,6,OO,5614,N727SK,LAX,DFW,820,817,-3,19,836,189,195,167,1235,1323,9,1329,1332,3,0,0,,,,,,
2015,7,31,5,NK,705,N588NK,LGA,FLL,630,840,130,27,907,176,180,145,1076,1132,8,926,1140,134,0,0,,4,0,130,0,0
2015,5,9,6,DL,2487,N3759,JFK,SLC,1745,1824,39,15,1839,321,280,260,1990,2059,5,2106,2104,-2,0,0,,,,,,
2015,6,15,1,OO,4557,N170PQ,MSN,DTW,1827,1826,-1,8,1834,76,66,50,311,2024,8,2043,2032,-11,0,0,,,,,,
2015,4,30,4,OO,5613,N295SW,SFO,BFL,840,830,-10,18,848,86,78,57,238,945,3,1006,948,-18,0,0,,,,,,
2015,7,19,7,EV,4699,N16919,CRP,IAH,1419,1411,-8,14,1425,64,66,44,201,1509,8,1523,1517,-6,0,0,,,,,,
2015,9,4,5,WN,1940,N565WN,LAS,AUS,730,726,-4,9,735,160,153,135,1090,1150,9,1210,1159,-11,0,0,,,,,,
2015,3,13,5,WN,902,N7719A,LAS,MDW,840,841,1,14,855,205,206,185,1521,1400,7,1405,1407,2,0,0,,,,,,
2015,8,17,1,MQ,3419,N827MQ,ORD,RST,1710,1900,110,33,1933,86,80,45,268,2018,2,1836,2020,104,0,0,,98,0,0,6,0
2015,2,26,4,DL,2453,N939DL,ATL,DAB,1912,1914,2,20,1934,83,80,57,366,2031,3,2035,2034,-1,0,0,,,,,,
2015,12,7,1,WN,2405,N684WN,SFO,LAX,2040,2037,-3,9,2046,75,73,51,337,2137,13,2155,2150,-5,0,0,,,,,,
2015,6,15,1,OO,6201,N707SK,LAX,SMF,2205,2207,2,17,2224,90,90,67,373,2331,6,2335,2337,2,0,0,,,,,,
2015,1,15,4,DL,902,N905DL,ATL,DTW,1455,1456,1,28,1524,120,119,84,594,1648,7,1655,1655,0,0,0,,,,,,
2015,8,15,6,AA,1411,N3GMAA,ORD,MIA,600,622,22,10,632,187,182,153,1197,1005,19,1007,1024,17,0,0,,0,0,17,0,0
2015,2,17,2,UA,236,N460UA,LAS,IAD,657,654,-3,14,708,265,249,231,2065,1359,4,1422,1403,-19,0,0,,,,,,
2015,11,6,5,EV,5129,N924EV,MOB,ATL,1749,2107,198,15,2122,70,68,49,302,2311,4,1959,2315,196,0,0,,0,0,0,196,0
2015,3,18,3,WN,3117,N728SW,LAX,SJC,1705,1712,7,7,1719,65,58,48,308,1807,3,1810,1810,0,0,0,,,,,,
2015,9,23,3,AA,1418,N494AA,DFW,DTW,1825,1822,-3,16,1838,164,158,131,986,2149,11,2209,2200,-9,0,0,,,,,,
2015,4,13,1,DL,2310,N919DE,ATL,DFW,850,849,-1,23,912,148,157,128,731,1020,6,1018,1026,8,0,0,,,,,,
2015,7,21,2,UA,1587,N38451,ORD,LAX,730,737,7,16,753,263,263,236,1744,949,11,953,1000,7,0,0,,,,,,
2015,8,1,6,WN,1431,N8322X,LAX,DEN,1940,2003,23,8,2011,130,126,109,862,2300,9,2250,2309,19,0,0,,0,0,16,3,0
2015,4,24,5,WN,789,N775SW,ICT,DAL,1310,1326,16,10,1336,75,126,100,333,1516,16,1425,1532,67,0,0,,51,0,0,0,16
2015,6,3,3,F9,506,N211FR,DEN,LGA,1035,1038,3,8,1046,235,217,203,1620,1609,6,1630,1615,-15,0,0,,,,,,
2015,4,28,2,UA,1588,N79402,IAH,RSW,1910,1910,0,20,1930,129,128,103,861,2213,5,2219,2218,-1,0,0,,,,,,
2015,12,19,6,MQ,3101,N664MQ,SGF,CLT,658,651,-7,26,717,131,143,89,708,946,28,1009,1014,5,0,0,,,,,,
2015,7,2,4,WN,1876,N260WN,ALB,BWI,535,531,-4,10,541,80,64,50,289,631,4,655,635,-20,0,0,,,,,,
2015,9,3,4,WN,2044,N255WN,IND,DCA,1420,1417,-3,8,1425,95,96,75,500,1540,13,1555,1553,-2,0,0,,,,,,
2015,7,5,7,OO,5516,N980SW,LNK,DEN,654,644,-10,13,657,91,92,69,423,706,10,725,716,-9,0,0,,,,,,
2015,5,29,5,EV,4730,N12922,CLT,ORD,828,819,-9,13,832,127,106,87,599,859,6,935,905,-30,0,0,,,,,,
2015,2,2,1,UA,779,N590UA,LAX,JFK,1032,1032,0,16,1048,321,326,295,2475,1843,15,1853,1858,5,0,0,,,,,,
2015,12,31,4,WN,3795,N365SW,SJC,LAX,905,914,9,11,925,70,66,50,308,1015,5,1015,1020,5,0,0,,,,,,
2015,5,1,5,UA,382,N854UA,ORD,LAX,2100,2103,3,14,2117,271,258,234,1744,2311,10,2331,2321,-10,0,0,,,,,,
2015,12,20,7,UA,1887,N813UA,SJC,IAH,1223,1215,-8,10,1225,225,195,180,1608,1725,5,1808,1730,-38,0,0,,,,,,
2015,6,12,5,MQ,3075,N519MQ,ORD,MSN,1100,1100,0,33,1133,49,63,27,108,1200,3,1149,1203,14,0,0,,,,,,
2015,3,12,4,WN,48,N660SW,HOU,DAL,1800,1816,16,10,1826,55,51,36,239,1902,5,1855,1907,12,0,0,,,,,,
2015,8,25,2,UA,618,N522UA,SFO,DEN,940,1137,117,35,1212,156,158,118,967,1510,5,1316,1515,119,0,0,,2,0,117,0,0
2015,5,21,4,WN,1364,N267WN,BNA,EWR,815,812,-3,12,824,140,121,99,748,1103,10,1135,1113,-22,0,0,,,,,,
2015,9,10,4,NK,388,N612NK,DTW,FLL,1850,1848,-2,14,1902,175,171,152,1127,2134,5,2145,2139,-6,0,0,,,,,,
2015,6,6,6,EV,5903,N17560,LIT,ORD,1048,1044,-4,10,1054,118,111,89,552,1223,12,1246,1235,-11,0,0,,,,,,
2015,5,5,2,AA,2459,N863AA,LAX,DFW,1850,1957,67,21,2018,173,171,145,1235,43,5,2343,48,65,0,0,,0,0,0,65,0
2015,4,16,4,WN,244,N557WN,PHX,SFO,1640,1639,-1,6,1645,120,110,100,651,1825,4,1840,1829,-11,0,0,,,,,,
2015,11,4,3,AA,2345,N3GWAA,DFW,MIA,710,710,0,15,725,173,159,138,1121,1043,6,1103,1049,-14,0,0,,,,,,
2015,9,28,1,UA,1675,N77258,DEN,BNA,1119,1118,-1,12,1130,156,144,128,1014,1438,4,1455,1442,-13,0,0,,,,,,
2015,3,12,4,EV,4587,N15527,GRK,IAH,1558,1547,-11,27,1614,57,68,34,166,1648,7,1655,1655,0,0,0,,,,,,
2015,11,6,5,DL,1084,N557NW,MSP,FLL,1027,1026,-1,18,1044,216,212,190,1487,1454,4,1503,1458,-5,0,0,,,,,,
2015,8,14,5,UA,617,N855UA,DCA,ORD,845,846,1,25,911,126,116,86,612,937,5,951,942,-9,0,0,,,,,,
2015,6,24,3,B6,934,N607JB,SJU,MCO,1346,1343,-3,15,1358,180,179,157,1189,1635,7,1646,1642,-4,0,0,,,,,,
2015,1,22,4,DL,1786,N824DN,ATL,LGA,1445,1444,-1,12,1456,130,107,91,762,1627,4,1655,1631,-24,0,0,,,,,,
2015,6,1,1,AA,1386,N3KWAA,DFW,AUS,1358,1350,-8,15,1405,64,51,31,190,1436,5,1502,1441,-21,0,0,,,,,,
2015,5,8,5,WN,2503,N940WN,DSM,MDW,600,607,7,4,611,75,59,52,306,703,3,715,706,-9,0,0,,,,,,
2015,3,14,6,DL,2063,N905DA,DCA,MSP,835,831,-4,9,840,165,148,136,931,956,3,1020,959,-21,0,0,,,,,,
2015,5,22,5,US,644,N762US,PHX,ONT,1655,1655,0,9,1704,70,62,48,325,1752,5,1805,1757,-8,0,0,,,,,,
2015,5,9,6,B6,1640,N566JB,RSW,LGA,1540,1541,1,13,1554,174,175,153,1080,1827,9,1834,1836,2,0,0,,,,,,
2015,3,4,3,MQ,3382,N0EGMQ,BNA,LGA,1825,1913,48,9,1922,125,108,94,764,2156,5,2130,2201,31,0,0,,0,0,0,29,2
2015,1,30,5,EV,6008,N12569,LEX,ORD,1038,1340,182,10,1350,96,87,62,323,1352,15,1114,1407,173,0,0,,0,0,173,0,0
2015,1,23,5,DL,2182,N587NW,ATL,MCO,945,953,8,19,1012,95,89,62,404,1114,8,1120,1122,2,0,0,,,,,,
2015,9,21,1,DL,1883,N354NW,LAS,SLC,1650,1644,-6,13,1657,80,72,53,368,1850,6,1910,1856,-14,0,0,,,,,,
2015,9,29,2,WN,2110,N394SW,MKE,MSP,955,950,-5,11,1001,75,70,54,297,1055,5,1110,1100,-10,0,0,,,,,,
2015,3,16,1,EV,3929,N16911,JAX,EWR,1147,1141,-6,9,1150,141,152,135,820,1405,8,1408,1413,5,0,0,,,,,,
2015,2,10,2,EV,5713,N827AS,IAD,LGA,1231,1319,48,56,1415,85,110,48,229,1503,6,1356,1509,73,0,0,,25,0,0,48,0
2015,11,28,6,B6,1145,N306JB,RIC,FLL,1200,1149,-11,24,1213,140,145,113,805,1406,8,1420,1414,-6,0,0,,,,,,
2015,4,26,7,WN,768,N294WN,MCO,ATL,940,939,-1,7,946,85,80,67,404,1053,6,1105,1059,-6,0,0,,,,,,
2015,11,14,6,WN,3681,N403WN,PHX,LAS,1710,1732,22,6,1738,65,56,44,255,1722,6,1715,1728,13,0,0,,,,,,
2015,4,12,7,OO,5625,N923SW,EUG,SFO,1345,1345,0,17,1402,95,104,81,451,1523,6,1520,1529,9,0,0,,,,,,
2015,9,10,4,MQ,3283,N643MQ,DFW,MLI,1149,1143,-6,22,1205,122,124,98,691,1343,4,1351,1347,-4,0,0,,,,,,
2015,1,14,3,AS,60,N548AS,JNU,KTN,720,718,-2,17,735,68,63,41,234,816,5,828,821,-7,0,0,,,,,,
2015,8,4,2,OO,4488,N809CA,FWA,ATL,1107,1109,2,16,1125,121,102,80,508,1245,6,1308,1251,-17,0,0,,,,,,
2015,7,1,3,F9,822,N935FR,DEN,MCI,1930,1930,0,14,1944,93,94,71,533,2155,9,2203,2204,1,0,0,,,,,,
2015,3,1,7,VX,1907,N624VA,LAS,SFO,1315,1314,-1,14,1328,95,81,60,414,1428,7,1450,1435,-15,0,0,,,,,,
2015,4,20,1,OO,4472,N440SW,OKC,MSP,1634,1630,-4,20,1650,126,124,97,694,1827,7,1840,1834,-6,0,0,,,,,,
2015,8,3,1,EV,5219,N695CA,ATL,HOU,2051,2054,3,25,2119,126,120,90,696,2149,5,2157,2154,-3,0,0,,,,,,
2015,6,9,2,AA,1406,N860AA,MIA,JFK,2130,26,176,33,59,185,184,145,1089,324,6,35,330,175,0,0,,0,0,10,165,0
2015,6,3,3,NK,710,N588NK,FLL,LGA,2006,2013,7,15,2028,173,161,137,1076,2245,9,2259,2254,-5,0,0,,,,,,
2015,9,1,2,DL,1778,N900DE,MEM,ATL,1723,1720,-3,41,1801,94,104,51,332,1952,12,1957,2004,7,0,0,,,,,,
2015,6,14,7,OO,5310,N932SW,MAF,DEN,1740,1747,7,10,1757,120,106,86,563,1823,10,1840,1833,-7,0,0,,,,,,
2015,10,30,5,WN,2857,N8321D,10821,10140,1510,1509,-1,15,1524,260,278,256,1670,1740,7,1730,1747,17,0,0,,17,0,0,0,0
2015,7,12,7,UA,1447,N69847,SFO,DEN,1257,1258,1,21,1319,159,140,112,967,1611,7,1636,1618,-18,0,0,,,,,,
2015,8,21,5,DL,1373,N311US,ATL,TPA,1135,1305,90,12,1317,83,76,59,406,1416,5,1258,1421,83,0,0,,0,0,83,0,0
2015,1,21,3,EV,4368,N13979,GSO,EWR,1900,1851,-9,13,1904,99,89,62,445,2006,14,2039,2020,-19,0,0,,,,,,
2015,8,10,1,UA,1709,N28457,SMF,DEN,1548,1726,98,11,1737,142,125,107,909,2024,7,1910,2031,81,0,0,,3,0,0,78,0
2015,6,16,2,VX,363,N522VA,BOS,LAX,900,848,-12,16,904,375,372,343,2611,1147,13,1215,1200,-15,0,0,,,,,,
2015,1,4,7,EV,4402,N13903,LRD,IAH,1058,1122,24,10,1132,72,64,47,301,1219,7,1210,1226,16,0,0,,0,0,0,16,0
2015,11,4,3,OO,4779,N457SW,DIK,MSP,525,520,-5,15,535,105,88,68,481,743,5,810,748,-22,0,0,,,,,,
2015,2,5,4,DL,1374,N365NW,SLC,OAK,1505,1524,19,13,1537,115,113,96,588,1613,4,1600,1617,17,0,0,,0,0,17,0,0
2015,10,19,1,HA,120,N493HA,12173,12758,754,748,-6,9,757,46,40,26,163,823,5,840,828,-12,0,0,,,,,,
2015,5,28,4,EV,5129,N754EV,GSO,DTW,720,712,-8,13,725,105,90,69,460,834,8,905,842,-23,0,0,,,,,,
2015,10,14,3,WN,2129,N286WN,12953,12191,625,727,62,14,741,240,214,196,1428,957,4,925,1001,36,0,0,,0,0,36,0,0
2015,5,27,3,OO,5502,N976SW,BIL,DEN,1010,958,-12,9,1007,92,90,73,455,1120,8,1142,1128,-14,0,0,,,,,,
2015,7,7,2,UA,438,N455UA,DFW,IAD,726,724,-2,15,739,181,176,154,1172,1113,7,1127,1120,-7,0,0,,,,,,
2015,7,16,4,OO,2885,N864AS,LAX,EUG,935,933,-2,22,955,132,129,104,748,1139,3,1147,1142,-5,0,0,,,,,,
2015,11,19,4,B6,746,N588JB,PSE,JFK,600,551,-9,9,600,241,228,216,1617,836,3,901,839,-22,0,0,,,,,,
2015,2,20,5,HA,227,N493HA,KOA,HNL,1124,1131,7,8,1139,44,53,33,163,1212,12,1208,1224,16,0,0,,0,0,9,7,0
2015,10,8,4,DL,1541,N998AT,10397,11995,820,818,-2,16,834,75,69,50,306,924,3,935,927,-8,0,0,,,,,,
2015,5,22,5,AA,40,N3JDAA,BOS,ORD,1920,1941,21,21,2002,170,162,129,867,2111,12,2110,2123,13,0,0,,,,,,
2015,9,29,2,B6,1205,N806JB,JFK,PDX,2042,2039,-3,55,2134,366,387,328,2454,2,4,2348,6,18,0,0,,18,0,0,0,0
2015,2,24,2,OO,5518,N962SW,FSD,DEN,1731,1726,-5,15,1741,103,99,76,483,1757,8,1814,1805,-9,0,0,,,,,,
2015,8,13,4,AS,304,N553AS,SEA,SFO,1825,1822,-3,19,1841,129,138,112,679,2033,7,2034,2040,6,0,0,,,,,,
2015,10,6,2,OO,5254,N750SK,11193,12266,630,625,-5,17,642,151,151,121,871,743,13,801,756,-5,0,0,,,,,,
2015,4,15,3,EV,4236,N11140,IAH,ELP,914,907,-7,27,934,124,125,94,667,1008,4,1018,1012,-6,0,0,,,,,,
2015,8,31,1,VX,27,N621VA,JFK,SFO,1635,1628,-7,43,1711,395,371,322,2586,1933,6,2010,1939,-31,0,0,,,,,,
2015,9,23,3,OO,6356,N929SW,SBA,SFO,1818,1801,-17,11,1812,66,59,43,262,1855,5,1924,1900,-24,0,0,,,,,,
2015,8,17,1,DL,1246,N997AT,ATL,GSO,1210,1210,0,13,1223,77,65,47,306,1310,5,1327,1315,-12,0,0,,,,,,
2015,12,13,7,F9,1040,N947FR,CVG,RSW,1325,1303,-22,12,1315,150,136,120,879,1515,4,1555,1519,-36,0,0,,,,,,
2015,4,11,6,US,464,N587UW,PHX,DFW,2150,2151,1,10,2201,132,121,105,868,146,6,202,152,-10,0,0,,,,,,
2015,8,25,2,DL,988,N3764D,PHX,SLC,1026,1021,-5,17,1038,94,89,68,507,1246,4,1300,1250,-10,0,0,,,,,,
2015,9,19,6,WN,4534,N425LV,GSP,MDW,750,745,-5,9,754,110,128,93,562,827,26,840,853,13,0,0,,,,,,
2015,6,8,1,EV,4750,N26549,ORD,DAY,1556,1742,106,45,1827,72,100,51,240,2018,4,1808,2022,134,0,0,,28,0,0,0,106
2015,11,24,2,AA,704,N974UY,LAX,CLT,1140,1138,-2,30,1208,278,296,252,2125,1920,14,1918,1934,16,0,0,,16,0,0,0,0
2015,11,23,1,AA,680,N910AW,PHX,DCA,1355,1355,0,16,1411,245,235,216,1979,1947,3,2000,1950,-10,0,0,,,,,,
2015,6,26,5,WN,59,N260WN,DAL,HOU,2100,103,243,11,114,60,53,36,239,150,6,2200,156,236,0,0,,0,0,26,210,0
2015,3,1,7,OO,5592,N593ML,CPR,DEN,600,556,-4,27,623,74,71,36,230,659,8,714,707,-7,0,0,,,,,,
2015,9,11,5,WN,2704,N8619F,SJC,LAS,925,925,0,10,935,80,81,62,386,1037,9,1045,1046,1,0,0,,,,,,
2015,6,5,5,UA,698,N535UA,SFO,MCO,1325,1352,27,15,1407,325,328,308,2446,2215,5,2150,2220,30,0,0,,3,0,27,0,0
2015,10,28,3,OO,4732,N629BR,11823,10397,800,756,-4,14,810,110,120,95,508,945,11,950,956,6,0,0,,,,,,
2015,3,24,2,WN,567,N731SA,MDW,DTW,2140,2135,-5,12,2147,65,56,39,228,2326,5,2345,2331,-14,0,0,,,,,,
2015,3,16,1,WN,3747,N8302F,DAL,MDW,650,649,-1,11,700,140,130,106,793,846,13,910,859,-11,0,0,,,,,,
2015,7,14,2,WN,505,N8327A,FLL,SJU,1125,1123,-2,16,1139,175,161,132,1046,1351,13,1420,1404,-16,0,0,,,,,,
2015,4,13,1,OO,5371,N937SW,LAX,SBP,1236,1231,-5,24,1255,59,56,28,156,1323,4,1335,1327,-8,0,0,,,,,,
2015,9,15,2,OO,5258,N952SW,DEN,ELP,1012,1007,-5,24,1031,113,114,86,563,1157,4,1205,1201,-4,0,0,,,,,,
2015,6,28,7,DL,2214,N340NB,MSP,JFK,1725,1746,21,21,1807,185,167,133,1029,2120,13,2130,2133,3,0,0,,,,,,
2015,12,4,5,OO,2949,N492SW,PHX,BFL,1115,1119,4,24,1143,98,104,77,425,1200,3,1153,1203,10,0,0,,,,,,
2015,4,10,5,DL,1158,N3736C,MCO,SLC,1730,1741,11,14,1755,293,280,257,1931,2012,9,2023,2021,-2,0,0,,,,,,
2015,11,10,2,WN,2989,N942WN,HOU,MDW,620,617,-3,7,624,150,137,124,937,828,6,850,834,-16,0,0,,,,,,
2015,4,20,1,MQ,3279,N817MQ,ORD,CMI,850,845,-5,13,858,59,50,33,135,931,4,949,935,-14,0,0,,,,,,
2015,6,20,6,EV,5796,N17196,EWR,SAV,1959,1959,0,31,2030,135,143,107,708,2217,5,2214,2222,8,0,0,,,,,,
2015,5,3,7,AS,522,N619AS,SEA,BUR,755,808,13,17,825,138,143,124,937,1029,2,1013,1031,18,0,0,,5,0,13,0,0
2015,3,7,6,B6,1089,N375JB,BOS,DCA,1921,1915,-6,15,1930,99,91,73,399,2043,3,2100,2046,-14,0,0,,,,,,
2015,6,18,4,DL,2112,N949DL,ATL,ORD,1905,2008,63,35,2043,135,148,102,606,2125,11,2020,2136,76,0,0,,13,0,0,0,63
2015,8,23,7,AA,1591,N3BUAA,SJU,DFW,710,704,-6,12,716,303,301,264,2165,1040,25,1113,1105,-8,0,0,,,,,,
2015,6,2,2,HA,324,N489HA,LIH,HNL,2250,2236,-14,7,2243,32,33,21,102,2304,5,2322,2309,-13,0,0,,,,,,
2015,4,13,1,B6,1616,N281JB,BUF,BOS,1610,1609,-1,12,1621,81,76,55,395,1716,9,1731,1725,-6,0,0,,,,,,
2015,7,30,4,OO,5470,N958SW,SFO,SMF,1608,1602,-6,14,1616,52,40,21,86,1637,5,1700,1642,-18,0,0,,,,,,
2015,5,5,2,OO,6197,N716SK,BUR,SFO,1025,1516,291,13,1529,83,79,51,326,1620,15,1148,1635,287,0,0,,0,0,287,0,0
2015,10,1,4,UA,1297,N26208,12266,14843,1015,1010,-5,14,1024,270,265,246,2007,1530,5,1545,1535,-10,0,0,,,,,,
2015,2,16,1,WN,700,N795SW,BWI,PWM,2205,25,140,35,100,80,96,57,452,157,4,2325,201,156,0,0,,16,0,0,74,66
2015,9,1,2,B6,951,N828JB,BOS,MCO,1440,1440,0,14,1454,186,171,152,1121,1726,5,1746,1731,-15,0,0,,,,,,
2015,6,25,4,EV,4470,N15983,IAH,MOB,1131,1124,-7,12,1136,88,85,68,427,1244,5,1259,1249,-10,0,0,,,,,,
2015,8,29,6,WN,4261,N340LV,PNS,BNA,1520,1518,-2,7,1525,80,82,69,391,1634,6,1640,1640,0,0,0,,,,,,
2015,4,20,1,OO,4662,N631SK,TUL,SLC,1742,1746,4,11,1757,162,156,139,926,1916,6,1924,1922,-2,0,0,,,,,,
2015,5,13,3,MQ,3326,N907MQ,ABI,DFW,1822,1859,37,8,1907,57,75,39,158,1946,28,1919,2014,55,0,0,,18,0,0,10,27
2015,1,7,3,AS,893,N558AS,SEA,HNL,1920,1924,4,22,1946,392,388,363,2677,2349,3,2352,2352,0,0,0,,,,,,
2015,11,23,1,EV,2807,N672AE,VPS,DFW,730,1249,319,10,1259,140,132,113,641,1452,9,950,1501,311,0,0,,0,0,311,0,0
2015,11,21,6,VX,357,N624VA,BOS,SFO,1859,1849,-10,11,1900,411,368,353,2704,2153,4,2250,2157,-53,0,0,,,,,,
2015,2,19,4,WN,455,N444WN,ABQ,DAL,1540,1554,14,13,1607,95,89,73,580,1820,3,1815,1823,8,0,0,,,,,,
2015,5,10,7,MQ,3614,N657MQ,SGF,ORD,1235,1536,181,20,1556,97,100,68,438,1704,12,1412,1716,184,0,0,,3,0,0,174,7
2015,10,30,5,UA,728,N53441,14771,13930,1017,1010,-7,15,1025,252,253,217,1846,1602,21,1629,1623,-6,0,0,,,,,,
2015,12,5,6,WN,3716,N7819A,AUS,HOU,1425,1422,-3,8,1430,50,42,29,148,1459,5,1515,1504,-11,0,0,,,,,,
2015,9,30,3,WN,181,N468WN,BWI,ORF,1645,1641,-4,11,1652,55,60,34,159,1726,15,1740,1741,1,0,0,,,,,,
2015,8,2,7,EV,5083,N135EV,ATL,TLH,1106,1238,92,19,1257,66,60,38,223,1335,3,1212,1338,86,0,0,,0,0,86,0,0
2015,6,28,7,WN,3769,N8604K,MCI,MDW,1510,1509,-1,10,1519,85,79,64,405,1623,5,1635,1628,-7,0,0,,,,,,
2015,11,25,3,AA,123,N353AA,DFW,HNL,905,859,-6,25,924,518,555,526,3784,1410,4,1343,1414,31,0,0,,31,0,0,0,0
2015,11,12,4,AA,153,N3KEAA,MCO,ORD,900,854,-6,12,906,182,169,146,1005,1032,11,1102,1043,-19,0,0,,,,,,
2015,5,16,6,US,1805,N839AW,CLT,IAH,2220,2212,-8,20,2232,162,161,125,912,2337,16,2,2353,-9,0,0,,,,,,
2015,4,2,4,WN,1899,N468WN,PHX,IND,1815,1829,14,9,1838,195,170,158,1488,16,3,30,19,-11,0,0,,,,,,
2015,1,31,6,WN,4358,N254WN,PVD,MDW,645,642,-3,21,703,170,151,124,842,807,6,835,813,-22,0,0,,,,,,
2015,2,14,6,UA,1494,N57863,LAS,IAH,700,917,137,14,931,174,176,151,1222,1402,11,1154,1413,139,0,0,,2,0,137,0,0
2015,1,31,6,US,528,N819AW,PHX,RNO,2110,2103,-7,19,2122,114,115,92,601,2154,4,2204,2158,-6,0,0,,,,,,
2015,11,12,4,AA,664,N601AW,MKE,PHX,1700,1655,-5,9,1704,235,228,217,1460,1941,2,1955,1943,-12,0,0,,,,,,
2015,12,23,3,WN,136,N7745A,BWI,MEM,1630,1751,81,24,1815,155,158,128,787,1923,6,1805,1929,84,0,0,,3,0,52,29,0
2015,2,4,3,US,613,N823AW,ATL,PHL,835,825,-10,11,836,122,116,97,666,1013,8,1037,1021,-16,0,0,,,,,,
2015,3,7,6,UA,1177,N39726,ORD,DEN,930,1155,145,9,1204,169,142,126,888,1310,7,1119,1317,118,0,0,,0,0,118,0,0
2015,8,3,1,WN,238,N493WN,MSY,AUS,1040,1036,-4,5,1041,80,75,64,444,1145,6,1200,1151,-9,0,0,,,,,,
2015,1,6,2,MQ,3183,N649MQ,MSN,DFW,1721,1735,14,12,1747,159,134,116,821,1943,6,2000,1949,-11,0,0,,,,,,
2015,9,30,3,MQ,3328,N663MQ,MIA,CLE,920,916,-4,14,930,178,166,147,1080,1157,5,1218,1202,-16,0,0,,,,,,
2015,10,3,6,WN,4385,N257WN,13796,14747,1750,1753,3,9,1802,120,121,99,672,1941,13,1950,1954,4,0,0,,,,,,
2015,10,26,1,AA,2347,N565AA,11066,11298,1609,1558,-11,19,1617,166,171,143,926,1740,9,1755,1749,-6,0,0,,,,,,
2015,6,12,5,DL,2203,N6715C,ATL,LAS,820,822,2,14,836,250,241,221,1747,917,6,930,923,-7,0,0,,,,,,
2015,6,12,5,UA,364,N840UA,IAH,OKC,732,731,-1,27,758,88,91,55,395,853,9,900,902,2,0,0,,,,,,
2015,7,10,5,NK,313,N532NK,DTW,DFW,2005,2017,12,14,2031,156,150,130,986,2141,6,2141,2147,6,0,0,,,,,,
2015,2,24,2,WN,470,N773SA,CRP,HOU,1005,1004,-1,11,1015,50,45,30,187,1045,4,1055,1049,-6,0,0,,,,,,
2015,10,23,5,DL,861,N838DN,11637,13487,700,656,-4,16,712,61,63,41,223,753,6,801,759,-2,0,0,,,,,,
2015,1,3,6,OO,5590,N701BR,DEN,MLI,1000,,,,,120,,,752,,,1300,,,0,1,C,,,,,
2015,7,17,5,WN,853,N418WN,ATL,LAS,1810,1809,-1,11,1820,265,243,227,1747,1907,5,1935,1912,-23,0,0,,,,,,
2015,5,21,4,WN,2590,N261WN,DAL,MSY,715,832,77,14,846,80,88,69,436,955,5,835,1000,85,0,0,,8,0,0,77,0
2015,2,4,3,AA,1375,N3FAAA,ORD,RSW,1035,1037,2,21,1058,162,178,152,1120,1430,5,1417,1435,18,0,0,,18,0,0,0,0
2015,3,11,3,WN,2606,N8316H,OAK,MDW,605,606,1,22,628,255,246,220,1844,1208,4,1220,1212,-8,0,0,,,,,,
2015,2,12,4,EV,4706,N13995,IAH,CLT,1715,1727,12,10,1737,140,156,113,912,2030,33,2035,2103,28,0,0,,16,0,5,7,0
2015,12,23,3,WN,900,N924WN,DAL,BHM,805,815,10,15,830,90,113,95,587,1005,3,935,1008,33,0,0,,23,0,10,0,0
2015,1,19,1,DL,1329,N901DA,TPA,MSP,1155,1154,-1,10,1204,211,194,181,1306,1405,3,1426,1408,-18,0,0,,,,,,
2015,5,15,5,UA,1245,N33284,EWR,DFW,1926,1929,3,22,1951,243,210,183,1372,2154,5,2229,2159,-30,0,0,,,,,,
2015,12,27,7,OO,6225,N146SY,ORD,DFW,1554,1634,40,15,1649,159,222,194,802,2003,13,1833,2016,103,0,0,,63,0,0,40,0
2015,6,23,2,OO,5639,N140SY,MSP,ORD,1650,1652,2,20,1712,93,83,50,334,1802,13,1823,1815,-8,0,0,,,,,,
2015,7,30,4,OO,6314,N108SY,ORD,DTW,1800,1757,-3,48,1845,81,105,47,235,2032,10,2021,2042,21,0,0,,21,0,0,0,0
2015,5,26,2,DL,2549,N392DA,BOS,MSP,1832,1842,10,21,1903,190,195,170,1124,2053,4,2042,2057,15,0,0,,5,0,10,0,0
2015,7,5,7,DL,2331,N912DL,MCO,LGA,1030,1023,-7,13,1036,155,141,122,950,1238,6,1305,1244,-21,0,0,,,,,,
2015,2,27,5,DL,2612,N987AT,ATL,EVV,2109,2109,0,20,2129,84,77,54,350,2123,3,2133,2126,-7,0,0,,,,,,
2015,9,30,3,WN,1897,N7713A,AUS,OAK,1700,1656,-4,16,1712,235,222,201,1497,1833,5,1855,1838,-17,0,0,,,,,,
2015,11,20,5,WN,17,N774SW,HOU,LAS,1240,1243,3,12,1255,205,189,172,1235,1347,5,1405,1352,-13,0,0,,,,,,
2015,6,24,3,AA,320,N4WKAA,SAT,DFW,1257,1250,-7,17,1307,73,72,43,247,1350,12,1410,1402,-8,0,0,,,,,,
2015,10,28,3,DL,2148,N966AT,12953,11433,1109,1108,-1,20,1128,126,111,78,502,1246,13,1315,1259,-16,0,0,,,,,,
2015,6,15,1,DL,2758,N937AT,LAX,SFO,1105,1106,1,17,1123,80,84,53,337,1216,14,1225,1230,5,0,0,,,,,,
2015,4,6,1,EV,4537,N13995,MEM,EWR,1131,1126,-5,23,1149,164,167,135,946,1504,9,1515,1513,-2,0,0,,,,,,
2015,10,6,2,UA,72,N76064,12173,14771,625,621,-4,23,644,307,291,264,2398,1408,4,1432,1412,-20,0,0,,,,,,
2015,12,21,1,B6,620,N593JB,SAN,BOS,1225,1220,-5,10,1230,315,288,274,2588,2004,4,2040,2008,-32,0,0,,,,,,
2015,2,3,2,AA,2296,N4XPAA,DFW,JAX,1850,1844,-6,10,1854,132,126,109,918,2143,7,2202,2150,-12,0,0,,,,,,
2015,2,27,5,OO,4766,N616QX,SEA,LAS,715,710,-5,18,728,146,135,109,867,917,8,941,925,-16,0,0,,,,,,
2015,4,28,2,WN,284,N8308K,MDW,ABQ,1950,1951,1,14,2005,185,158,138,1121,2123,6,2155,2129,-26,0,0,,,,,,
2015,4,18,6,AA,1502,N468AA,SAT,DFW,1236,1231,-5,10,1241,73,67,45,247,1326,12,1349,1338,-11,0,0,,,,,,
2015,11,12,4,VX,334,N835VA,LAX,FLL,1015,1015,0,11,1026,285,283,264,2343,1750,8,1800,1758,-2,0,0,,,,,,
2015,2,9,1,AA,21,N796AA,JFK,LAX,1845,,,,,386,,,2475,,,2211,,,0,1,B,,,,,
2015,4,2,4,WN,1363,N444WN,LAX,ABQ,1605,1612,7,13,1625,105,100,80,677,1845,7,1850,1852,2,0,0,,,,,,
2015,7,27,1,EV,4934,N730EV,RIC,LGA,1136,1213,37,19,1232,77,79,54,292,1326,6,1253,1332,39,0,0,,2,0,0,37,0
2015,11,22,7,AA,2375,N3CMAA,ORD,DFW,1710,1721,11,12,1733,163,124,107,802,1920,5,1953,1925,-28,0,0,,,,,,
2015,3,25,3,MQ,3622,N526MQ,DFW,ASE,1255,1302,7,9,1311,132,121,110,701,1401,2,1407,1403,-4,0,0,,,,,,
2015,4,5,7,DL,1275,N892AT,AGS,ATL,727,727,0,13,740,63,59,37,143,817,9,830,826,-4,0,0,,,,,,
2015,2,15,7,AA,1214,N4YRAA,AUS,ORD,600,557,-3,10,607,155,148,128,978,815,10,835,825,-10,0,0,,,,,,
2015,10,7,3,AA,1305,N3ABAA,13930,12478,1845,1842,-3,26,1908,148,145,104,740,2152,15,2213,2207,-6,0,0,,,,,,
2015,11,18,3,AA,442,N918US,SEA,PHX,1800,1752,-8,12,1804,167,158,135,1107,2119,11,2147,2130,-17,0,0,,,,,,
2015,8,1,6,AA,291,N3DBAA,JFK,MCO,1440,1506,26,38,1544,191,188,136,944,1800,14,1751,1814,23,0,0,,23,0,0,0,0
2015,10,24,6,AS,477,N317AS,12892,14747,600,556,-4,24,620,174,168,136,954,836,8,854,844,-10,0,0,,,,,,
2015,12,12,6,WN,1202,N466WN,MKE,LAX,910,941,31,16,957,275,262,239,1756,1156,7,1145,1203,18,0,0,,0,0,0,18,0
2015,4,23,4,OO,5540,N752SK,DEN,PDX,1520,1516,-4,38,1554,167,185,142,991,1716,5,1707,1721,14,0,0,,,,,,
2015,10,20,2,EV,2809,N904EV,12278,11298,1420,1420,0,16,1436,84,77,54,328,1530,7,1544,1537,-7,0,0,,,,,,
2015,2,20,5,AA,1460,N3BRAA,PHX,DFW,1029,1028,-1,16,1044,134,126,99,868,1323,11,1343,1334,-9,0,0,,,,,,
2015,7,18,6,DL,2196,N909DA,SYR,MSP,700,656,-4,18,714,143,152,126,860,820,8,823,828,5,0,0,,,,,,
2015,8,25,2,WN,2868,N416WN,PIT,BWI,1830,1830,0,11,1841,65,59,46,210,1927,2,1935,1929,-6,0,0,,,,,,
2015,4,16,4,OO,2769,N886AS,YUM,PHX,1155,1145,-10,15,1200,56,54,33,160,1233,6,1251,1239,-12,0,0,,,,,,
2015,9,16,3,NK,352,N534NK,OAK,IAH,1510,1505,-5,10,1515,222,218,199,1628,2034,9,2052,2043,-9,0,0,,,,,,
2015,6,20,6,OO,3492,N218AG,PDX,SLC,945,940,-5,25,1005,106,117,83,630,1228,9,1231,1237,6,0,0,,,,,,
2015,3,2,1,MQ,3021,N809MQ,DFW,SPI,1245,1321,36,24,1345,104,110,80,630,1505,6,1429,1511,42,0,0,,6,0,0,22,14
2015,8,20,4,WN,3216,N8669B,DAL,BWI,1250,1306,16,31,1337,180,194,156,1209,1713,7,1650,1720,30,0,0,,14,0,0,0,16
2015,11,9,1,AA,255,N795AA,JFK,LAX,1000,955,-5,14,1009,380,350,330,2475,1239,6,1320,1245,-35,0,0,,,,,,
2015,2,1,7,MQ,3373,N667MQ,DFW,CLL,1705,1746,41,14,1800,51,51,30,164,1830,7,1756,1837,41,0,0,,0,0,0,41,0
2015,5,7,4,WN,2423,N8314L,TPA,ISP,1845,1837,-8,9,1846,155,154,140,1034,2106,5,2120,2111,-9,0,0,,,,,,
2015,11,11,3,DL,1462,N954DN,PIT,ATL,1758,1755,-3,12,1807,111,105,77,526,1924,16,1949,1940,-9,0,0,,,,,,
2015,9,3,4,MQ,3318,N8EGMQ,XNA,ORD,600,602,2,12,614,109,108,85,522,739,11,749,750,1,0,0,,,,,,
2015,10,6,2,AA,1853,N651AW,11057,14635,955,952,-3,35,1027,122,128,89,600,1156,4,1157,1200,3,0,0,,,,,,
2015,11,29,7,UA,1140,N69819,SJU,IAD,1754,1745,-9,9,1754,245,215,201,1571,2015,5,2059,2020,-39,0,0,,,,,,
2015,2,18,3,OO,5232,N746SK,JAC,DEN,1737,1736,-1,16,1752,93,83,57,406,1849,10,1910,1859,-11,0,0,,,,,,
2015,8,16,7,EV,4696,N14188,BWI,EWR,643,,,,,76,,,169,,,759,,,0,1,C,,,,,
2015,6,22,1,AS,303,N760AS,SFO,SEA,1010,1005,-5,16,1021,120,129,102,679,1203,11,1210,1214,4,0,0,,,,,,
2015,1,20,2,DL,867,N937DN,ATL,SAT,1518,1517,-1,12,1529,169,146,130,874,1639,4,1707,1643,-24,0,0,,,,,,
2015,7,28,2,DL,883,N990AT,DTW,BNA,1028,1026,-2,7,1033,96,77,64,456,1037,6,1104,1043,-21,0,0,,,,,,
2015,10,20,2,AA,1439,N3MRAA,10693,11298,1740,1733,-7,10,1743,133,122,98,631,1921,14,1953,1935,-18,0,0,,,,,,
2015,7,8,3,UA,1229,N78438,HNL,LAX,2259,111,132,14,125,340,310,284,2556,909,12,739,921,102,0,0,,0,0,4,98,0
2015,12,12,6,WN,751,N703SW,LGA,ATL,1740,1739,-1,11,1750,170,132,112,762,1942,9,2030,1951,-39,0,0,,,,,,
2015,2,12,4,WN,4285,N964WN,SAN,ABQ,2040,2037,-3,7,2044,100,103,91,628,2315,5,2320,2320,0,0,0,,,,,,
2015,6,14,7,WN,2878,N969WN,PHX,STL,545,543,-2,5,548,175,171,162,1262,1030,4,1040,1034,-6,0,0,,,,,,
2015,1,17,6,WN,3099,N477WN,PHX,SLC,1255,1253,-2,9,1302,95,95,83,507,1425,3,1430,1428,-2,0,0,,,,,,
2015,2,18,3,DL,1704,N803DN,DTW,FLL,1350,1350,0,28,1418,185,180,148,1127,1646,4,1655,1650,-5,0,0,,,,,,
2015,2,11,3,EV,4338,N12195,CMH,IAH,1431,1433,2,10,1443,189,178,157,986,1620,11,1640,1631,-9,0,0,,,,,,
2015,11,2,1,EV,5273,N708EV,LGA,CLE,1144,1139,-5,26,1205,115,102,70,419,1315,6,1339,1321,-18,0,0,,,,,,
2015,9,25,5,NK,511,N603NK,LAS,SAN,1320,1315,-5,13,1328,66,63,45,258,1413,5,1426,1418,-8,0,0,,,,,,
2015,1,14,3,OO,4763,N947SW,SLC,PSP,2100,2059,-1,13,2112,108,88,71,541,2123,4,2148,2127,-21,0,0,,,,,,
2015,8,25,2,NK,711,N609NK,LAS,OAK,2200,2158,-2,14,2212,87,83,62,407,2314,7,2327,2321,-6,0,0,,,,,,
2015,10,6,2,EV,3965,N34110,13930,14783,919,914,-5,25,939,95,94,63,438,1042,6,1054,1048,-6,0,0,,,,,,
2015,11,16,1,EV,4679,N14573,IAH,LFT,1910,1914,4,14,1928,58,54,32,201,2000,8,2008,2008,0,0,0,,,,,,
2015,4,5,7,US,1982,N182UW,DFW,CLT,510,503,-7,15,518,148,143,116,936,814,12,838,826,-12,0,0,,,,,,
2015,2,22,7,AA,1528,N599AA,LAS,DFW,1213,1258,45,20,1318,157,176,135,1055,1733,21,1650,1754,64,0,0,,19,0,0,45,0
2015,1,2,5,OO,4482,N445SW,CIU,DTW,601,558,-3,42,640,83,94,43,284,723,9,724,732,8,0,0,,,,,,
2015,5,28,4,US,646,N650AW,BOI,PHX,700,705,5,11,716,121,109,92,735,748,6,801,754,-7,0,0,,,,,,
2015,3,26,4,UA,554,N410UA,PHX,EWR,1137,1240,63,22,1302,278,288,255,2133,2017,11,1915,2028,73,0,0,,73,0,0,0,0
2015,3,19,4,US,695,N549UW,CLT,PHX,1425,1443,18,17,1500,280,259,238,1773,1558,4,1605,1602,-3,0,0,,,,,,
2015,8,21,5,AS,64,N792AS,KTN,SEA,1847,1951,64,9,2000,109,104,88,680,2228,7,2136,2235,59,0,0,,0,0,0,59,0
2015,9,4,5,MQ,3271,N539MQ,XNA,DFW,640,633,-7,12,645,70,68,47,280,732,9,750,741,-9,0,0,,,,,,
2015,8,10,1,AA,1651,N3DFAA,PBI,ORD,1708,1821,73,17,1838,192,188,163,1144,2021,8,1920,2029,69,0,0,,65,0,0,4,0
2015,5,25,1,DL,2620,N315NB,MSP,IND,1500,1458,-2,11,1509,94,84,70,503,1719,3,1734,1722,-12,0,0,,,,,,
2015,3,14,6,OO,2885,N955SW,EUG,LAX,702,657,-5,10,707,138,134,107,748,854,17,920,911,-9,0,0,,,,,,
2015,11,22,7,AA,1928,N709UW,CLT,BNA,2230,2232,2,17,2249,81,80,58,328,2247,5,2251,2252,1,0,0,,,,,,
2015,7,19,7,AA,1163,N3LSAA,DFW,CLT,1440,1442,2,14,1456,153,142,120,936,1756,8,1813,1804,-9,0,0,,,,,,
2015,6,19,5,MQ,3183,N510MQ,DFW,XNA,2145,2316,91,9,2325,69,54,42,280,7,3,2254,10,76,0,0,,0,0,76,0,0
2015,8,14,5,AA,782,N570UW,PHL,LAX,1600,1557,-3,18,1615,357,310,284,2402,1759,8,1857,1807,-50,0,0,,,,,,
2015,10,28,3,WN,539,N958WN,12892,12889,1540,1602,22,8,1610,70,57,44,236,1654,5,1650,1659,9,0,0,,,,,,
2015,7,7,2,AA,443,N758US,SJC,PHX,951,946,-5,15,1001,109,103,85,621,1126,3,1140,1129,-11,0,0,,,,,,
2015,1,2,5,WN,1683,N450WN,SJC,SNA,1940,1939,-1,8,1947,75,67,55,342,2042,4,2055,2046,-9,0,0,,,,,,
2015,6,3,3,UA,1488,N77258,IAH,EWR,1745,1758,13,21,1819,212,212,182,1400,2221,9,2217,2230,13,0,0,,,,,,
2015,7,28,2,WN,3740,N514SW,LBB,DAL,1330,1325,-5,8,1333,65,63,50,293,1423,5,1435,1428,-7,0,0,,,,,,
2015,8,18,2,UA,1747,N68802,SFO,LAX,940,946,6,16,1002,94,87,59,337,1101,12,1114,1113,-1,0,0,,,,,,
2015,5,20,3,DL,343,N3756,LAS,DTW,1408,1429,21,14,1443,232,209,190,1749,2053,5,2100,2058,-2,0,0,,,,,,
2015,3,2,1,B6,846,N247JB,MCO,SWF,930,921,-9,18,939,161,169,141,989,1200,10,1211,1210,-1,0,0,,,,,,
2015,6,16,2,B6,316,N947JB,SFO,JFK,1125,1118,-7,31,1149,351,335,301,2586,1950,3,2016,1953,-23,0,0,,,,,,
2015,3,23,1,VX,84,N637VA,SAN,SFO,700,658,-2,16,714,89,92,69,447,823,7,829,830,1,0,0,,,,,,
2015,9,9,3,DL,1862,N952DL,MSY,ATL,1515,1508,-7,18,1526,96,90,62,425,1728,10,1751,1738,-13,0,0,,,,,,
2015,9,5,6,EV,4679,N14907,IAH,LFT,1910,1910,0,18,1928,58,59,37,201,2005,4,2008,2009,1,0,0,,,,,,
2015,10,5,1,UA,1895,N39415,12892,11292,1937,1937,0,14,1951,142,137,112,862,2243,11,2259,2254,-5,0,0,,,,,,
2015,3,19,4,WN,407,N458WN,ATL,BWI,1240,1323,43,11,1334,110,92,77,577,1451,4,1430,1455,25,0,0,,0,0,25,0,0
2015,7,15,3,UA,346,N475UA,IAH,MSY,725,724,-1,17,741,75,77,49,305,830,11,840,841,1,0,0,,,,,,
2015,7,20,1,OO,2900,N464SW,LAX,SJC,2155,,,,,77,,,308,,,2312,,,0,1,B,,,,,
2015,12,3,4,DL,1440,N362NW,MSP,SLC,1120,1115,-5,7,1122,171,146,135,991,1237,4,1311,1241,-30,0,0,,,,,,
2015,9,30,3,WN,2201,N442WN,MCO,SJU,920,924,4,9,933,170,166,151,1189,1204,6,1210,1210,0,0,0,,,,,,
2015,3,18,3,EV,3809,N17984,IAH,LEX,1027,1023,-4,13,1036,129,120,103,828,1319,4,1336,1323,-13,0,0,,,,,,
2015,5,8,5,DL,1828,N341NB,ATL,SAV,835,827,-8,27,854,61,71,40,214,934,4,936,938,2,0,0,,,,,,
2015,5,18,1,MQ,3411,N609MQ,ORD,DTW,850,845,-5,21,906,87,82,50,235,1056,11,1117,1107,-10,0,0,,,,,,
2015,8,25,2,AA,18,N793AA,SFO,JFK,2255,2246,-9,22,2308,343,321,296,2586,704,3,738,707,-31,0,0,,,,,,
2015,4,10,5,US,1930,N167US,PDX,CLT,2210,2236,26,18,2254,292,281,255,2282,609,8,602,617,15,0,0,,0,0,15,0,0
2015,2,19,4,WN,927,N255WN,ABQ,LAX,1110,1307,117,12,1319,125,119,101,677,1400,6,1215,1406,111,0,0,,0,0,111,0,0
2015,4,19,7,OO,5545,N978SW,BIS,DEN,1317,1306,-11,13,1319,101,96,76,516,1335,7,1358,1342,-16,0,0,,,,,,
2015,8,28,5,WN,2146,N8319F,ROC,BWI,550,547,-3,15,602,80,68,48,277,650,5,710,655,-15,0,0,,,,,,
2015,8,2,7,B6,1215,N358JB,BOS,BUF,920,915,-5,14,929,90,81,64,395,1033,3,1050,1036,-14,0,0,,,,,,
2015,7,6,1,DL,721,N543US,ATL,MSP,1635,1633,-2,19,1652,164,156,132,907,1804,5,1819,1809,-10,0,0,,,,,,
2015,10,24,6,OO,6439,N954SW,14783,13930,1504,1514,10,18,1532,97,104,72,438,1644,14,1641,1658,17,0,0,,7,0,0,10,0
2015,5,16,6,OO,4736,N809SK,LAS,LAX,1310,1309,-1,12,1321,75,59,42,236,1403,5,1425,1408,-17,0,0,,,,,,
2015,9,30,3,VX,956,N641VA,SFO,SAN,1010,1008,-2,29,1037,90,103,68,447,1145,6,1140,1151,11,0,0,,,,,,
2015,12,11,5,AA,2137,N961UW,DCA,LGA,600,554,-6,9,603,61,56,41,214,644,6,701,650,-11,0,0,,,,,,
2015,9,29,2,AA,2505,N547AA,DFW,AUS,2009,2009,0,14,2023,61,58,38,190,2101,6,2110,2107,-3,0,0,,,,,,
2015,10,7,3,MQ,3241,N632MQ,13930,13367,1656,1704,8,17,1721,60,48,27,139,1748,4,1756,1752,-4,0,0,,,,,,
2015,3,18,3,AA,1475,N3HRAA,DFW,AUS,815,810,-5,15,825,57,57,37,190,902,5,912,907,-5,0,0,,,,,,
2015,1,12,1,WN,866,N7724A,PHX,LAS,1200,1222,22,12,1234,70,59,43,255,1217,4,1210,1221,11,0,0,,,,,,
2015,9,16,3,UA,1169,N38955,IAH,LAX,730,736,6,15,751,215,200,175,1379,846,10,905,856,-9,0,0,,,,,,
2015,1,4,7,US,540,N831AW,PHX,DFW,800,806,6,14,820,135,135,115,868,1115,6,1115,1121,6,0,0,,,,,,
2015,12,12,6,OO,6382,N794SK,SFO,BOI,859,850,-9,25,915,101,104,76,522,1131,3,1140,1134,-6,0,0,,,,,,
2015,2,12,4,UA,1285,N87507,DEN,DFW,2209,2208,-1,16,2224,124,100,79,641,43,5,113,48,-25,0,0,,,,,,
2015,8,27,4,WN,926,N362SW,PVD,BWI,2000,1953,-7,9,2002,85,73,58,327,2100,6,2125,2106,-19,0,0,,,,,,
2015,1,10,6,US,642,N647AW,PHX,DEN,1555,1553,-2,16,1609,104,103,81,602,1730,6,1739,1736,-3,0,0,,,,,,
2015,7,9,4,WN,799,N697SW,SFO,PHX,1820,1950,90,19,2009,115,123,93,651,2142,11,2015,2153,98,0,0,,8,0,0,90,0
2015,11,3,2,EV,4555,N21197,LCH,IAH,540,534,-6,11,545,57,46,28,127,613,7,637,620,-17,0,0,,,,,,
2015,5,12,2,DL,1159,N941DL,ATL,BUF,1325,1332,7,11,1343,122,104,88,712,1511,5,1527,1516,-11,0,0,,,,,,
2015,4,6,1,OO,4696,N442SW,DTW,DAY,1730,1816,46,14,1830,63,50,30,166,1900,6,1833,1906,33,0,0,,0,0,0,33,0
2015,8,17,1,HA,258,N478HA,HNL,KOA,1204,1201,-3,23,1224,44,56,28,163,1252,5,1248,1257,9,0,0,,,,,,
2015,6,7,7,B6,1460,N534JB,FLL,BDL,1227,1217,-10,16,1233,183,175,156,1173,1509,3,1530,1512,-18,0,0,,,,,,
2015,10,14,3,AA,1212,N3BRAA,11298,13204,1455,1459,4,14,1513,155,152,127,985,1820,11,1830,1831,1,0,0,,,,,,
2015,12,27,7,F9,621,N908FR,DTW,DEN,2015,2012,-3,16,2028,203,191,165,1123,2113,10,2138,2123,-15,0,0,,,,,,
2015,1,17,6,AA,17,N001AA,ATL,MIA,700,655,-5,13,708,112,105,82,594,830,10,852,840,-12,0,0,,,,,,
2015,1,27,2,DL,2188,N3749D,ANC,SEA,1540,1530,-10,12,1542,213,193,175,1448,1937,6,2013,1943,-30,0,0,,,,,,
2015,12,8,2,WN,341,N8316H,IND,LAS,1725,1719,-6,7,1726,255,234,211,1590,1757,16,1840,1813,-27,0,0,,,,,,
2015,6,30,2,NK,970,N622NK,DEN,FLL,2330,2324,-6,9,2333,228,221,203,1703,456,9,518,505,-13,0,0,,,,,,
2015,1,22,4,UA,1232,N76523,LAX,LAS,2235,2229,-6,14,2243,73,57,39,236,2322,4,2348,2326,-22,0,0,,,,,,
2015,9,9,3,UA,594,N460UA,DEN,PHX,1845,1844,-1,12,1856,116,105,86,602,1922,7,1941,1929,-12,0,0,,,,,,
2015,9,10,4,AS,406,N756AS,PDX,SJC,600,553,-7,10,603,103,101,83,569,726,8,743,734,-9,0,0,,,,,,
2015,12,17,4,WN,2125,N7715E,BUR,OAK,1425,1532,67,10,1542,70,70,54,325,1636,6,1535,1642,67,0,0,,0,0,5,62,0
2015,9,6,7,DL,1687,N842DN,MSP,SAN,922,920,-2,16,936,222,227,205,1532,1101,6,1104,1107,3,0,0,,,,,,
2015,11,8,7,AA,795,N967UW,PHL,IAH,1420,1414,-6,12,1426,239,215,199,1325,1645,4,1719,1649,-30,0,0,,,,,,
2015,6,30,2,US,883,N579UW,EWR,CLT,615,619,4,15,634,109,106,79,529,753,12,804,805,1,0,0,,,,,,
2015,6,22,1,AA,2263,N493AA,DFW,CMH,710,705,-5,14,719,155,143,122,926,1021,7,1045,1028,-17,0,0,,,,,,
2015,7,27,1,EV,5938,N13553,ORD,TUL,930,924,-6,24,948,111,109,82,585,1110,3,1121,1113,-8,0,0,,,,,,
2015,12,6,7,AA,2380,N3MKAA,PHX,ORD,630,623,-7,13,636,209,199,178,1440,1034,8,1059,1042,-17,0,0,,,,,,
2015,1,13,2,EV,4302,N21130,CLE,DCA,1704,1659,-5,15,1714,82,74,54,310,1808,5,1826,1813,-13,0,0,,,,,,
2015,3,23,1,MQ,3298,N653MQ,ORD,XNA,1045,,,,,107,,,522,,,1232,,,0,1,B,,,,,
2015,12,18,5,WN,1945,N428WN,MDW,LGA,755,751,-4,7,758,120,113,99,725,1037,7,1055,1044,-11,0,0,,,,,,
2015,1,8,4,WN,381,N296WN,BNA,TPA,830,825,-5,12,837,105,98,81,612,1058,5,1115,1103,-12,0,0,,,,,,
2015,4,10,5,VX,717,N526VA,DAL,SFO,1940,1959,19,10,2009,230,226,208,1476,2137,8,2130,2145,15,0,0,,0,0,4,11,0
2015,6,4,4,AA,227,N3HLAA,ORD,SNA,1426,1547,81,10,1557,256,251,236,1726,1753,5,1642,1758,76,0,0,,0,0,36,40,0
2015,3,8,7,OO,4640,N548CA,DFW,SLC,1240,1252,12,27,1319,170,165,132,989,1431,6,1430,1437,7,0,0,,,,,,
2015,3,18,3,EV,5206,N153PQ,IAH,MSP,743,738,-5,23,801,166,165,134,1034,1015,8,1029,1023,-6,0,0,,,,,,
2015,5,17,7,OO,4709,N603SK,SMF,SEA,1530,1525,-5,11,1536,113,110,91,605,1707,8,1723,1715,-8,0,0,,,,,,
2015,10,7,3,UA,1420,N37456,11618,14027,728,722,-6,15,737,174,152,133,1023,950,4,1022,954,-28,0,0,,,,,,
2015,11,24,2,DL,1601,N334NW,BOS,ATL,830,825,-5,23,848,180,167,133,946,1101,11,1130,1112,-18,0,0,,,,,,
2015,12,26,6,AA,2220,N3MPAA,ORD,LAX,1223,1218,-5,18,1236,282,264,242,1744,1438,4,1505,1442,-23,0,0,,,,,,
2015,7,6,1,AA,2454,N3FBAA,BOS,MIA,500,501,1,19,520,202,199,171,1258,811,9,822,820,-2,0,0,,,,,,
2015,10,15,4,WN,1015,N247WN,10800,14831,1350,1351,1,11,1402,65,63,49,296,1451,3,1455,1454,-1,0,0,,,,,,
2015,7,20,1,WN,3472,N424WN,PIT,DEN,1725,1738,13,7,1745,205,196,184,1290,1849,5,1850,1854,4,0,0,,,,,,
2015,9,12,6,WN,1497,N490WN,LAX,LAS,650,644,-6,12,656,70,64,44,236,740,8,800,748,-12,0,0,,,,,,
2015,9,23,3,AA,1386,N581AA,AUS,DFW,1532,1524,-8,14,1538,71,64,40,190,1618,10,1643,1628,-15,0,0,,,,,,
2015,4,29,3,MQ,3122,N658MQ,DFW,LIT,659,659,0,26,725,72,79,47,304,812,6,811,818,7,0,0,,,,,,
2015,7,24,5,OO,7412,N432SW,SLC,WYS,1105,1101,-4,12,1113,62,58,41,273,1154,5,1207,1159,-8,0,0,,,,,,
2015,12,14,1,WN,513,N758SW,DAL,BOS,935,930,-5,20,950,205,207,178,1554,1348,9,1400,1357,-3,0,0,,,,,,
2015,12,27,7,UA,588,N434UA,ORD,SLC,911,928,17,18,946,217,205,183,1250,1149,4,1148,1153,5,0,0,,,,,,
2015,3,7,6,UA,719,N483UA,IAH,EWR,812,807,-5,12,819,205,183,166,1400,1205,5,1237,1210,-27,0,0,,,,,,
2015,1,4,7,DL,2150,N6708D,SEA,SLC,1810,1814,4,14,1828,116,99,81,689,2049,4,2106,2053,-13,0,0,,,,,,
2015,7,19,7,DL,542,N814DN,DTW,SEA,1351,1347,-4,13,1400,286,276,251,1927,1511,12,1537,1523,-14,0,0,,,,,,
2015,3,13,5,NK,138,N621NK,MCO,ACY,1038,1053,15,15,1108,130,127,109,852,1257,3,1248,1300,12,0,0,,,,,,
2015,10,14,3,AA,456,N663AW,14107,14869,1655,1652,-3,11,1703,95,92,75,507,1918,6,1930,1924,-6,0,0,,,,,,
2015,4,21,2,WN,585,N725SW,SAT,BWI,1305,1303,-2,9,1312,195,177,156,1407,1648,12,1720,1700,-20,0,0,,,,,,
2015,1,8,4,UA,1455,N57855,EWR,LAX,829,828,-1,29,857,374,388,327,2454,1124,32,1143,1156,13,0,0,,,,,,
2015,5,22,5,WN,4384,N966WN,MKE,PHX,615,614,-1,12,626,225,233,216,1460,802,5,800,807,7,0,0,,,,,,
2015,11,16,1,AA,1813,N153UW,CLT,TPA,745,740,-5,16,756,104,101,75,507,911,10,929,921,-8,0,0,,,,,,
2015,1,17,6,AS,12,N524AS,SEA,BOS,920,920,0,9,929,320,297,281,2496,1710,7,1740,1717,-23,0,0,,,,,,
2015,5,26,2,NK,202,N621NK,DFW,BWI,1339,1618,159,23,1641,181,181,151,1217,2012,7,1740,2019,159,0,0,,0,0,3,156,0
2015,7,25,6,DL,1834,N323NB,STL,ATL,1826,1821,-5,13,1834,98,86,64,484,2038,9,2104,2047,-17,0,0,,,,,,
2015,12,24,4,AS,486,N548AS,SEA,SAN,1550,1550,0,14,1604,157,149,132,1050,1816,3,1827,1819,-8,0,0,,,,,,
2015,7,15,3,WN,374,N659SW,DEN,TUL,1050,1117,27,7,1124,90,81,70,541,1334,4,1320,1338,18,0,0,,0,0,9,9,0
2015,12,10,4,EV,5217,N147PQ,PHF,ATL,1205,1200,-5,19,1219,112,108,81,508,1340,8,1357,1348,-9,0,0,,,,,,
2015,11,4,3,F9,767,N213FR,DEN,LAS,1720,1715,-5,15,1730,114,118,95,628,1805,8,1814,1813,-1,0,0,,,,,,
2015,9,26,6,UA,324,N406UA,IAH,SJC,910,916,6,17,933,260,227,206,1608,1059,4,1130,1103,-27,0,0,,,,,,
2015,9,17,4,UA,1982,N39728,SAN,DEN,805,804,-1,15,819,146,148,106,853,1105,27,1131,1132,1,0,0,,,,,,
2015,7,7,2,EV,4933,N861AS,CHA,ATL,700,651,-9,10,701,46,49,31,106,732,8,746,740,-6,0,0,,,,,,
2015,6,3,3,DL,1437,N941DL,DTW,BWI,1421,1413,-8,22,1435,88,98,70,409,1545,6,1549,1551,2,0,0,,,,,,
2015,6,19,5,DL,2601,N960AT,ATL,GSO,1210,1208,-2,11,1219,78,68,51,306,1310,6,1328,1316,-12,0,0,,,,,,
2015,1,20,2,B6,611,N594JB,JFK,LAS,2129,2122,-7,12,2134,349,335,318,2248,2352,5,18,2357,-21,0,0,,,,,,
2015,2,6,5,DL,1605,N977AT,ATL,HSV,1342,1344,2,11,1355,54,51,35,151,1330,5,1336,1335,-1,0,0,,,,,,
2015,6,19,5,DL,1618,N627DL,MCO,ATL,720,830,70,15,845,104,81,58,404,943,8,904,951,47,0,0,,0,0,47,0,0
2015,1,29,4,MQ,3032,N691MQ,GGG,DFW,1750,1740,-10,9,1749,52,48,29,140,1818,10,1842,1828,-14,0,0,,,,,,
2015,2,2,1,WN,2053,N953WN,MCI,STL,1215,1210,-5,8,1218,55,54,39,237,1257,7,1310,1304,-6,0,0,,,,,,
2015,4,28,2,AA,1137,N499AA,DFW,MFE,1520,1517,-3,19,1536,101,94,73,469,1649,2,1701,1651,-10,0,0,,,,,,
2015,8,26,3,AA,1147,N3MMAA,MIA,LAX,2125,2326,121,29,2355,331,345,309,2342,204,7,2356,211,135,0,0,,14,0,0,22,99
2015,6,23,2,EV,5922,N16571,SCE,ORD,1716,1715,-1,5,1720,108,97,88,528,1748,4,1804,1752,-12,0,0,,,,,,
2015,8,21,5,AA,671,N198UW,SEA,CLT,700,656,-4,27,723,299,312,268,2279,1451,17,1459,1508,9,0,0,,,,,,
2015,8,31,1,WN,2020,N241WN,SMF,SNA,750,750,0,9,759,85,83,70,404,909,4,915,913,-2,0,0,,,,,,
2015,11,4,3,WN,2768,N7815L,DCA,CMH,1135,1152,17,11,1203,80,65,50,323,1253,4,1255,1257,2,0,0,,,,,,
2015,6,19,5,WN,342,N294WN,MDW,CLE,1340,1418,38,8,1426,75,61,50,307,1616,3,1555,1619,24,0,0,,0,0,6,18,0
2015,6,13,6,EV,4266,N11193,IAH,GSP,1059,1054,-5,19,1113,143,141,119,837,1412,3,1422,1415,-7,0,0,,,,,,
2015,1,6,2,UA,1615,N33264,SFO,IAD,833,839,6,14,853,299,291,266,2419,1619,11,1632,1630,-2,0,0,,,,,,
2015,2,7,6,WN,4174,N670SW,AMA,DAL,715,724,9,7,731,75,62,50,323,821,5,830,826,-4,0,0,,,,,,
2015,8,13,4,WN,285,N965WN,ATL,MDW,2100,2104,4,19,2123,130,122,89,591,2152,14,2210,2206,-4,0,0,,,,,,
2015,2,21,6,DL,1330,N891AT,CLT,DTW,1635,1628,-7,10,1638,110,95,79,500,1757,6,1825,1803,-22,0,0,,,,,,
2015,4,15,3,OO,6291,N578SW,FAT,SFO,700,700,0,9,709,60,51,38,158,747,4,800,751,-9,0,0,,,,,,
2015,3,18,3,OO,4667,N608SK,OMA,SLC,830,823,-7,16,839,162,165,138,840,957,11,1012,1008,-4,0,0,,,,,,
2015,4,29,3,NK,877,N534NK,ATL,FLL,1005,1009,4,17,1026,116,106,84,581,1150,5,1201,1155,-6,0,0,,,,,,
2015,8,25,2,OO,3444,N224AG,SEA,SBA,2015,2009,-6,16,2025,147,147,126,908,2231,5,2242,2236,-6,0,0,,,,,,
2015,3,25,3,UA,1547,N76288,FLL,IAH,1448,1506,18,18,1524,181,170,142,965,1646,10,1649,1656,7,0,0,,,,,,
2015,6,12,5,WN,4282,N460WN,MCO,IND,1705,1657,-8,11,1708,140,131,116,829,1904,4,1925,1908,-17,0,0,,,,,,
2015,3,27,5,NK,992,N523NK,MSY,ORD,1840,1841,1,11,1852,137,184,124,837,2056,49,2057,2145,48,0,0,,47,0,1,0,0
2015,6,29,1,UA,174,N19130,MCO,EWR,800,751,-9,12,803,160,142,122,937,1005,8,1040,1013,-27,0,0,,,,,,
2015,1,2,5,WN,1733,N742SW,OAK,GEG,1935,2026,51,2,2028,120,117,110,723,2218,5,2135,2223,48,0,0,,0,0,48,0,0
2015,9,9,3,WN,2053,N687SW,SFO,LAX,1130,,,,,85,,,337,,,1255,,,0,1,A,,,,,
2015,11,28,6,DL,1645,N961DN,DTW,DEN,1226,1224,-2,17,1241,201,206,182,1123,1343,7,1347,1350,3,0,0,,,,,,
2015,8,12,3,F9,162,N920FR,DEN,MSN,1610,1602,-8,14,1616,123,122,103,826,1859,5,1913,1904,-9,0,0,,,,,,
2015,10,28,3,EV,4648,N14204,12992,12266,630,623,-7,13,636,94,86,65,374,741,8,804,749,-15,0,0,,,,,,
2015,5,21,4,EV,5164,N228PQ,JAN,ATL,909,902,-7,13,915,80,82,55,341,1110,14,1129,1124,-5,0,0,,,,,,
2015,5,14,4,AA,2456,N471AA,TPA,DFW,1345,1337,-8,12,1349,168,156,136,929,1505,8,1533,1513,-20,0,0,,,,,,
2015,12,24,4,DL,116,N916DE,BHM,ATL,1328,1848,320,11,1859,64,65,29,134,2028,25,1532,2053,321,0,0,,40,0,3,278,0
2015,9,28,1,AA,2159,N834AW,BOS,DCA,600,555,-5,15,610,93,85,67,399,717,3,733,720,-13,0,0,,,,,,
2015,5,11,1,DL,1281,N328NW,SLC,DTW,1107,1105,-2,14,1119,216,215,196,1481,1635,5,1643,1640,-3,0,0,,,,,,
2015,8,10,1,B6,1125,N339JB,RDU,FLL,1137,1128,-9,14,1142,123,106,86,680,1308,6,1340,1314,-26,0,0,,,,,,
2015,12,2,3,DL,2263,N920DL,ATL,CAE,2305,2319,14,19,2338,54,56,34,192,12,3,2359,15,16,0,0,,2,0,14,0,0
2015,12,25,5,WN,3578,N418WN,LAS,BUR,1945,1944,-1,11,1955,65,57,42,223,2037,4,2050,2041,-9,0,0,,,,,,
2015,7,23,4,DL,1765,N948DL,ATL,RSW,1225,1223,-2,25,1248,103,104,75,515,1403,4,1408,1407,-1,0,0,,,,,,
2015,6,19,5,AS,775,N619AS,ABQ,SEA,1620,1612,-8,10,1622,190,180,166,1180,1808,4,1830,1812,-18,0,0,,,,,,
2015,7,23,4,UA,1142,N30401,EWR,BOS,650,651,1,64,755,76,107,39,200,834,4,806,838,32,0,0,,32,0,0,0,0
2015,12,3,4,UA,790,N69816,ORD,BOS,1750,1750,0,16,1806,138,137,117,867,2103,4,2108,2107,-1,0,0,,,,,,
2015,4,13,1,MQ,3011,N649MQ,MEM,MIA,544,542,-2,13,555,141,133,116,859,851,4,905,855,-10,0,0,,,,,,
2015,2,17,2,WN,1823,N734SA,DEN,EWR,1820,1829,9,8,1837,210,194,179,1605,2336,7,2350,2343,-7,0,0,,,,,,
2015,1,6,2,US,458,N538UW,DEN,PHX,1220,1215,-5,13,1228,111,99,82,602,1350,4,1411,1354,-17,0,0,,,,,,
2015,7,13,1,EV,5177,N871AS,ATL,CHA,1550,1547,-3,14,1601,49,42,24,106,1625,4,1639,1629,-10,0,0,,,,,,
2015,10,18,7,MQ,3348,N504MQ,13930,11111,2200,2341,101,10,2351,87,63,48,315,39,5,2327,44,77,0,0,,0,0,16,61,0
2015,9,26,6,WN,1928,N453WN,TUS,LAS,1005,1002,-3,9,1011,75,69,55,365,1106,5,1120,1111,-9,0,0,,,,,,
2015,1,3,6,US,863,N704US,ROC,CLT,825,821,-4,21,842,128,139,107,573,1029,11,1033,1040,7,0,0,,,,,,
2015,3,5,4,WN,1972,N641SW,MCO,STL,2025,2050,25,7,2057,155,145,135,882,2212,3,2200,2215,15,0,0,,0,0,0,15,0
2015,6,22,1,WN,768,N707SA,DAL,DEN,905,1104,119,9,1113,120,105,88,651,1141,8,1005,1149,104,0,0,,0,0,91,13,0
2015,3,12,4,WN,793,N916WN,MDW,BDL,2120,2128,8,17,2145,115,114,91,777,16,6,15,22,7,0,0,,,,,,
2015,2,22,7,AA,1298,N026AA,DFW,ATL,1815,1821,6,74,1935,119,178,93,731,2208,11,2114,2219,65,0,0,,59,0,6,0,0
2015,9,4,5,AA,1190,N3AMAA,PHL,DFW,800,757,-3,29,826,224,212,169,1303,1015,14,1044,1029,-15,0,0,,,,,,
2015,1,27,2,DL,2485,N327NB,ORD,SLC,1340,1342,2,12,1354,216,200,184,1250,1558,4,1616,1602,-14,0,0,,,,,,
2015,7,28,2,WN,465,N345SA,CHS,BWI,1605,1604,-1,10,1614,90,99,81,472,1735,8,1735,1743,8,0,0,,,,,,
2015,6,22,1,EV,5789,N14171,IAH,JAN,1051,1047,-4,12,1059,82,86,66,351,1205,8,1213,1213,0,0,0,,,,,,
2015,3,20,5,B6,1099,N507JB,LGA,MCO,630,626,-4,14,640,167,155,129,950,849,12,917,901,-16,0,0,,,,,,
2015,4,5,7,OO,5605,N795SK,ORD,HDN,927,923,-4,19,942,184,200,179,1009,1141,2,1131,1143,12,0,0,,,,,,
2015,11,12,4,DL,1721,N548US,MCO,MSP,1818,1813,-5,13,1826,207,213,194,1310,2040,6,2045,2046,1,0,0,,,,,,
2015,1,16,5,EV,5407,N730EV,RIC,BOS,1700,1704,4,17,1721,96,109,73,474,1834,19,1836,1853,17,0,0,,13,0,0,4,0
2015,2,24,2,UA,683,N478UA,ORD,LAX,1815,1824,9,22,1846,273,255,223,1744,2029,10,2048,2039,-9,0,0,,,,,,
2015,8,3,1,B6,390,N766JB,DCA,BOS,1059,1113,14,13,1126,87,84,65,399,1231,6,1226,1237,11,0,0,,,,,,
2015,2,22,7,VX,486,N843VA,LAX,LAS,1340,1338,-2,18,1356,65,69,38,236,1434,13,1445,1447,2,0,0,,,,,,
2015,8,18,2,EV,5604,N914EV,CAE,ATL,1700,2015,195,19,2034,66,77,44,192,2118,14,1806,2132,206,0,0,,11,0,90,105,0
2015,6,8,1,WN,253,N394SW,MCO,RDU,1730,1725,-5,13,1738,105,100,83,534,1901,4,1915,1905,-10,0,0,,,,,,
2015,12,18,5,WN,2360,N771SA,MDW,DCA,1015,1013,-2,11,1024,100,101,84,601,1248,6,1255,1254,-1,0,0,,,,,,
2015,4,24,5,OO,6512,N479CA,LAX,COS,915,910,-5,17,927,144,139,117,833,1224,5,1239,1229,-10,0,0,,,,,,
2015,9,6,7,AA,547,N151UW,SFO,PHX,1705,1655,-10,13,1708,124,122,93,651,1841,16,1909,1857,-12,0,0,,,,,,
2015,2,21,6,EV,4230,N41104,IAH,LFT,1445,1433,-12,12,1445,58,51,33,201,1518,6,1543,1524,-19,0,0,,,,,,
2015,12,7,1,OO,6299,N915SW,DEN,OKC,755,751,-4,10,801,97,87,71,495,1012,6,1032,1018,-14,0,0,,,,,,
2015,4,16,4,OO,4684,N446SW,DTW,FWA,850,1325,275,14,1339,60,48,29,128,1408,5,950,1413,263,0,0,,0,0,0,263,0
2015,8,24,1,WN,2953,N268WN,SJC,ONT,2020,2146,86,8,2154,70,71,59,333,2253,4,2130,2257,87,0,0,,1,0,86,0,0
2015,9,17,4,OO,4553,N443SW,FWA,DTW,1352,1345,-7,16,1401,58,57,32,128,1433,9,1450,1442,-8,0,0,,,,,,
2015,10,13,2,WN,1290,N7744A,15016,11259,535,532,-3,8,540,100,94,72,546,652,14,715,706,-9,0,0,,,,,,
2015,4,4,6,WN,1108,N728SW,DTW,ATL,600,600,0,15,615,120,109,86,594,741,8,800,749,-11,0,0,,,,,,
2015,8,29,6,OO,5554,N139SY,ORD,DCA,1320,1335,15,17,1352,119,108,88,612,1620,3,1619,1623,4,0,0,,,,,,
2015,5,26,2,DL,945,N903DA,MSP,DTW,845,901,16,25,926,99,109,76,528,1142,8,1124,1150,26,0,0,,10,0,16,0,0
2015,1,25,7,HA,345,N492HA,HNL,LIH,1004,1000,-4,12,1012,38,39,22,102,1034,5,1042,1039,-3,0,0,,,,,,
2015,9,21,1,UA,1966,N76504,IAH,LGA,1017,1049,32,29,1118,216,208,174,1416,1512,5,1453,1517,24,0,0,,24,0,0,0,0
2015,11,17,2,DL,1403,N938DL,ATL,ECP,1657,1654,-3,14,1708,65,57,40,240,1648,3,1702,1651,-11,0,0,,,,,,
2015,10,6,2,F9,620,N908FR,11292,11433,2350,2345,-5,13,2358,162,159,138,1123,416,8,432,424,-8,0,0,,,,,,
2015,8,16,7,WN,1670,N247WN,ATL,PBI,1010,1205,115,9,1214,110,99,84,545,1338,6,1200,1344,104,0,0,,0,0,103,1,0
2015,2,16,1,OO,6289,N753SK,SFO,MMH,800,748,-12,15,803,63,59,40,193,843,4,903,847,-16,0,0,,,,,,
2015,7,31,5,B6,1109,N281JB,BOS,JAX,827,827,0,25,852,164,169,139,1010,1111,5,1111,1116,5,0,0,,,,,,
2015,6,3,3,DL,1327,N690DL,PHX,ATL,2350,5,15,15,20,214,200,177,1587,617,8,624,625,1,0,0,,,,,,
2015,11,16,1,EV,4697,N12528,LRD,IAH,651,643,-8,9,652,76,90,63,301,755,18,807,813,6,0,0,,,,,,
2015,3,10,2,OO,4606,N913EV,ATL,FWA,1350,1343,-7,17,1400,102,87,66,508,1506,4,1532,1510,-22,0,0,,,,,,
2015,3,19,4,B6,916,N946JB,SFO,JFK,2129,2124,-5,13,2137,326,316,298,2586,535,5,555,540,-15,0,0,,,,,,
2015,7,30,4,DL,1801,N925AT,ABE,ATL,615,614,-1,10,624,120,108,93,692,757,5,815,802,-13,0,0,,,,,,
2015,6,18,4,US,1934,N812AW,IND,CLT,1200,1155,-5,25,1220,96,108,68,427,1328,15,1336,1343,7,0,0,,,,,,
2015,8,18,2,DL,1110,N829DN,ATL,MCO,1755,1809,14,80,1929,100,151,59,404,2028,12,1935,2040,65,0,0,,51,0,14,0,0
2015,9,22,2,DL,2272,N928DL,SRQ,ATL,1821,1820,-1,8,1828,103,90,68,444,1936,14,2004,1950,-14,0,0,,,,,,
2015,9,2,3,AA,412,N768US,BOI,PHX,1324,1320,-4,11,1331,122,123,106,735,1417,6,1426,1423,-3,0,0,,,,,,
2015,8,18,2,WN,3241,N214WN,STL,ATL,640,637,-3,8,645,95,89,74,484,859,7,915,906,-9,0,0,,,,,,
2015,9,8,2,DL,1547,N958DN,DTW,MKE,1540,1532,-8,22,1554,68,66,40,237,1534,4,1548,1538,-10,0,0,,,,,,
2015,5,31,7,WN,2443,N288WN,SNA,SJC,2110,2145,35,12,2157,70,69,54,342,2251,3,2220,2254,34,0,0,,0,0,2,32,0
2015,2,12,4,EV,3953,N15983,ORD,XNA,1500,1508,8,10,1518,113,96,79,522,1637,7,1653,1644,-9,0,0,,,,,,
2015,11,25,3,AS,22,N481AS,SEA,ORD,1245,1245,0,9,1254,233,231,208,1721,1822,14,1838,1836,-2,0,0,,,,,,
2015,4,3,5,OO,6396,N130SY,BOI,SFO,915,906,-9,10,916,118,132,93,522,949,29,1013,1018,5,0,0,,,,,,
2015,12,17,4,WN,2002,N8649A,ABQ,HOU,605,607,2,13,620,130,118,91,759,851,14,915,905,-10,0,0,,,,,,
2015,5,2,6,OO,6238,N919SW,ACV,SFO,1244,1239,-5,11,1250,71,62,47,250,1337,4,1355,1341,-14,0,0,,,,,,
2015,3,23,1,AA,1100,N3HMAA,DFW,LGA,600,718,78,9,727,188,180,167,1389,1114,4,1008,1118,70,0,0,,0,0,70,0,0
2015,9,8,2,AA,428,N912UY,CLT,DEN,734,730,-4,11,741,209,195,179,1337,840,5,903,845,-18,0,0,,,,,,
2015,4,3,5,UA,1299,N38727,BOS,IAH,653,652,-1,12,704,277,254,227,1597,951,15,1030,1006,-24,0,0,,,,,,
2015,5,7,4,MQ,3295,N668MQ,TOL,ORD,1914,1906,-8,9,1915,76,59,42,213,1857,8,1930,1905,-25,0,0,,,,,,
2015,12,24,4,F9,900,N954FR,ATL,TTN,1444,1718,154,12,1730,125,104,87,701,1857,5,1649,1902,133,0,0,,0,0,0,133,0
2015,6,10,3,EV,4335,N13979,CMH,EWR,1436,1424,-12,12,1436,114,101,80,463,1556,9,1630,1605,-25,0,0,,,,,,
2015,6,17,3,DL,1614,N366NB,LIT,ATL,715,713,-2,9,722,89,98,64,453,926,25,944,951,7,0,0,,,,,,
2015,1,17,6,WN,3104,N647SW,CMH,BWI,1655,1709,14,8,1717,75,63,50,337,1807,5,1810,1812,2,0,0,,,,,,
2015,9,28,1,DL,447,N197DN,JFK,LAX,1700,1729,29,22,1751,390,350,316,2475,2007,12,2030,2019,-11,0,0,,,,,,
2015,7,15,3,UA,1608,N75425,SFO,EWR,2239,2236,-3,33,2309,322,327,285,2565,654,9,701,703,2,0,0,,,,,,
2015,5,7,4,UA,518,N482UA,ORD,SEA,1633,1637,4,62,1739,267,293,224,1721,1923,7,1900,1930,30,0,0,,30,0,0,0,0
2015,7,19,7,MQ,3083,N531MQ,ORD,STL,1246,1320,34,14,1334,76,60,44,258,1418,2,1402,1420,18,0,0,,0,0,0,12,6
2015,2,28,6,WN,3718,N269WN,MCO,HOU,1555,1608,13,13,1621,165,158,139,849,1740,6,1740,1746,6,0,0,,,,,,
2015,6,8,1,UA,1690,N76523,AUS,EWR,550,551,1,13,604,228,213,193,1504,1017,7,1038,1024,-14,0,0,,,,,,
2015,8,26,3,WN,2859,N286WN,STL,DCA,1505,1501,-4,7,1508,115,109,97,719,1745,5,1800,1750,-10,0,0,,,,,,
2015,7,19,7,NK,600,N525NK,ATL,DFW,1829,,,,,132,,,731,,,1941,,,0,1,C,,,,,
2015,12,11,5,UA,689,N435UA,LGA,ORD,1700,1656,-4,22,1718,174,168,133,733,1831,13,1854,1844,-10,0,0,,,,,,
2015,1,15,4,OO,5447,N928EV,ORD,MKE,905,1000,55,16,1016,51,41,22,67,1038,3,956,1041,45,0,0,,0,0,45,0,0
2015,7,23,4,DL,116,N308DE,BHM,ATL,1445,1542,57,12,1554,71,58,39,134,1733,7,1656,1740,44,0,0,,0,0,3,31,10
2015,3,2,1,DL,1845,N127DL,DTW,LAX,1950,1947,-3,20,2007,320,366,317,1979,2224,29,2210,2253,43,0,0,,43,0,0,0,0
2015,9,3,4,OO,5588,N982SW,RAP,ORD,1315,1313,-2,12,1325,134,131,104,779,1609,15,1629,1624,-5,0,0,,,,,,
2015,4,20,1,WN,2146,N402WN,MSY,AUS,1035,1138,63,8,1146,90,88,76,444,1302,4,1205,1306,61,0,0,,0,0,0,61,0
2015,9,7,1,NK,777,N611NK,FLL,LAS,2030,2031,1,11,2042,295,293,267,2173,2209,15,2225,2224,-1,0,0,,,,,,
2015,1,20,2,DL,2632,N303DQ,ATL,BHM,2153,2150,-3,18,2208,55,45,24,134,2132,3,2148,2135,-13,0,0,,,,,,
2015,4,29,3,US,891,N195UW,CLT,DFW,1445,1444,-1,16,1500,170,155,132,936,1612,7,1635,1619,-16,0,0,,,,,,
2015,5,16,6,DL,1519,N918DH,ATL,SRQ,1750,1747,-3,20,1807,95,,,444,2116,3,1925,2119,,1,0,,,,,,
2015,6,4,4,DL,2335,N540US,JFK,ATL,1755,1802,7,25,1827,178,134,98,760,2005,11,2053,2016,-37,0,0,,,,,,
2015,11,6,5,WN,2373,N250WN,SNA,SJC,1020,1024,4,8,1032,75,68,56,342,1128,4,1135,1132,-3,0,0,,,,,,
2015,2,27,5,AA,2252,N3ACAA,SEA,DFW,1406,,,,,224,,,1660,,,1950,,,0,1,B,,,,,
2015,3,5,4,US,2125,,DCA,LGA,800,,,,,77,,,214,,,917,,,0,1,B,,,,,
2015,8,2,7,WN,1346,N396SW,DTW,BWI,545,553,8,8,601,95,76,62,409,703,6,720,709,-11,0,0,,,,,,
2015,7,4,6,UA,1232,N68801,LAX,HNL,1855,1849,-6,13,1902,349,330,308,2556,2110,9,2144,2119,-25,0,0,,,,,,
2015,8,6,4,B6,839,N796JB,JFK,BQN,2349,37,48,19,56,225,224,200,1576,416,5,334,421,47,0,0,,0,0,47,0,0
2015,8,22,6,AA,2361,N3BCAA,DFW,BWI,1520,1538,18,24,1602,190,180,152,1217,1934,4,1930,1938,8,0,0,,,,,,
2015,3,31,2,WN,855,N773SA,SNA,SFO,915,935,20,10,945,85,75,60,372,1045,5,1040,1050,10,0,0,,,,,,
2015,12,3,4,OO,5426,N938SW,RDD,SFO,1607,1800,113,10,1810,63,69,55,199,1905,4,1710,1909,119,0,0,,117,0,0,2,0
2015,6,6,6,WN,1756,N207WN,DAL,OKC,1935,1930,-5,9,1939,50,47,34,181,2013,4,2025,2017,-8,0,0,,,,,,
2015,7,21,2,DL,1338,N900PC,SLC,SAN,1650,1645,-5,21,1706,110,114,89,626,1735,4,1740,1739,-1,0,0,,,,,,
2015,5,13,3,DL,1547,N328NW,SLC,ABQ,2157,2151,-6,14,2205,97,84,62,493,2307,8,2334,2315,-19,0,0,,,,,,
2015,4,13,1,DL,1889,N378NW,BOS,SLC,1741,1731,-10,35,1806,328,345,301,2105,2107,9,2109,2116,7,0,0,,,,,,
2015,12,7,1,WN,1252,N290WN,DAL,PHL,1315,1315,0,6,1321,185,173,161,1295,1702,6,1720,1708,-12,0,0,,,,,,
2015,3,2,1,WN,4649,N957WN,BWI,FLL,1050,1239,109,10,1249,165,136,121,925,1450,5,1335,1455,80,0,0,,0,0,10,70,0
2015,3,24,2,B6,833,N763JB,BOS,SFO,2000,2015,15,12,2027,401,386,367,2704,2334,7,2341,2341,0,0,0,,,,,,
2015,9,20,7,AA,1845,N742PS,MSY,CLT,1059,1109,10,9,1118,110,103,85,651,1343,9,1349,1352,3,0,0,,,,,,
2015,7,12,7,WN,4074,N267WN,HOU,ATL,1000,1005,5,8,1013,120,124,105,696,1258,11,1300,1309,9,0,0,,,,,,
2015,2,18,3,NK,972,N624NK,PHX,DFW,200,200,0,12,212,121,124,103,868,455,9,501,504,3,0,0,,,,,,
2015,11,10,2,AA,1473,N436AA,ATL,DFW,1441,1449,8,16,1505,149,142,116,731,1601,10,1610,1611,1,0,0,,,,,,
2015,12,27,7,WN,1967,N565WN,HOU,MCI,740,801,21,17,818,115,110,88,666,946,5,935,951,16,0,0,,0,0,16,0,0
2015,3,14,6,AS,67,N559AS,SIT,JNU,1824,1836,12,16,1852,36,43,24,95,1916,3,1900,1919,19,0,0,,7,0,0,12,0
2015,10,19,1,EV,5190,N846AS,10397,11150,1005,1013,8,14,1027,48,39,21,83,1048,4,1053,1052,-1,0,0,,,,,,
2015,1,17,6,AA,1063,N3BNAA,BOS,ORD,1540,1534,-6,11,1545,175,163,144,867,1709,8,1735,1717,-18,0,0,,,,,,
2015,12,25,5,UA,1684,N18220,TPA,EWR,845,834,-11,13,847,161,146,125,997,1052,8,1126,1100,-26,0,0,,,,,,
2015,10,23,5,B6,1027,N198JB,10721,10821,1251,1338,47,23,1401,90,84,54,369,1455,7,1421,1502,41,0,0,,0,0,40,1,0
2015,8,9,7,WN,1381,N650SW,PHX,TUL,1840,1839,-1,9,1848,135,133,120,935,2248,4,2255,2252,-3,0,0,,,,,,
2015,10,4,7,EV,5582,N937EV,10397,11146,952,951,-1,39,1030,82,103,61,363,1131,3,1114,1134,20,0,0,,20,0,0,0,0
2015,1,22,4,WN,1802,N728SW,DCA,MSY,1355,1347,-8,9,1356,180,177,164,969,1540,4,1555,1544,-11,0,0,,,,,,
2015,4,30,4,AA,2302,N482AA,MSP,DFW,1815,1812,-3,13,1825,156,142,115,852,2020,14,2051,2034,-17,0,0,,,,,,
2015,9,11,5,AA,2013,N829AW,CLT,RDU,935,1002,27,21,1023,55,53,27,130,1050,5,1030,1055,25,0,0,,0,0,25,0,0
2015,10,6,2,DL,1675,N948DL,12266,10397,1400,1356,-4,11,1407,126,109,87,689,1634,11,1706,1645,-21,0,0,,,,,,
2015,11,21,6,AA,498,N669AW,ONT,PHX,1235,1317,42,13,1330,72,67,50,325,1520,4,1447,1524,37,0,0,,0,0,0,37,0
2015,5,13,3,MQ,3502,N602MQ,ORD,MEM,710,710,0,15,725,107,96,79,491,844,2,857,846,-11,0,0,,,,,,
2015,8,18,2,UA,1409,N38727,SMF,DEN,1552,1542,-10,10,1552,138,134,115,909,1847,9,1910,1856,-14,0,0,,,,,,
2015,11,17,2,EV,2805,N680AE,MLU,DFW,1358,1851,293,12,1903,86,76,57,293,2000,7,1524,2007,283,0,0,,0,0,17,266,0
2015,12,17,4,DL,2251,N936DL,CLT,ATL,1200,1233,33,17,1250,83,68,46,226,1336,5,1323,1341,18,0,0,,0,0,0,12,6
2015,11,1,7,MQ,3638,N506MQ,ORD,XNA,1330,1328,-2,15,1343,113,92,73,522,1456,4,1523,1500,-23,0,0,,,,,,
2015,9,3,4,WN,2044,N255WN,TPA,CMH,2100,2220,80,6,2226,130,120,108,829,14,6,2310,20,70,0,0,,0,0,2,68,0
2015,10,25,7,WN,493,N466WN,13796,14747,1605,1602,-3,8,1610,120,126,97,672,1747,21,1805,1808,3,0,0,,,,,,
2015,5,6,3,US,1879,N831AW,CLT,DTW,740,734,-6,32,806,109,118,77,500,923,9,929,932,3,0,0,,,,,,
2015,9,23,3,WN,161,N203WN,HOU,LGA,1120,1122,2,8,1130,210,191,179,1428,1529,4,1550,1533,-17,0,0,,,,,,
2015,7,18,6,EV,4544,N11551,MEM,IAH,1450,1523,33,18,1541,113,102,74,468,1655,10,1643,1705,22,0,0,,0,0,0,22,0
2015,1,13,2,UA,1569,N17133,SFO,IAD,730,735,5,33,808,300,324,284,2419,1552,7,1530,1559,29,0,0,,29,0,0,0,0
2015,2,11,3,WN,515,N639SW,MSY,ATL,1235,1227,-8,8,1235,85,72,57,425,1432,7,1500,1439,-21,0,0,,,,,,
2015,1,7,3,WN,2429,N7736A,LAS,PDX,1015,1028,13,10,1038,140,140,107,763,1225,23,1235,1248,13,0,0,,,,,,
2015,1,27,2,WN,602,N770SA,DEN,SNA,1845,1857,12,14,1911,145,136,118,846,2009,4,2010,2013,3,0,0,,,,,,
2015,12,18,5,AA,1561,N3KXAA,DFW,AUS,1000,956,-4,16,1012,58,60,38,190,1050,6,1058,1056,-2,0,0,,,,,,
2015,1,19,1,DL,2643,N399DA,LAX,LAS,1915,1911,-4,17,1928,74,63,38,236,2006,8,2029,2014,-15,0,0,,,,,,
2015,4,10,5,F9,931,N926FR,TTN,CLT,1805,1858,53,10,1908,100,96,78,484,2026,8,1945,2034,49,0,0,,0,0,49,0,0
2015,8,31,1,WN,1494,N400WN,DEN,PHL,930,918,-12,15,933,215,221,202,1558,1455,4,1505,1459,-6,0,0,,,,,,
2015,12,25,5,MQ,3483,N655MQ,JAN,DFW,1421,1456,35,11,1507,100,88,69,408,1616,8,1601,1624,23,0,0,,0,0,0,0,23
2015,11,1,7,UA,1874,N76523,IAH,DEN,1138,1157,19,14,1211,154,129,109,862,1300,6,1312,1306,-6,0,0,,,,,,
2015,2,19,4,DL,1212,N592NW,LAX,MSP,654,708,14,14,722,215,186,168,1535,1210,4,1229,1214,-15,0,0,,,,,,
2015,8,14,5,WN,1169,N734SA,DEN,PIT,1800,1816,16,8,1824,180,173,160,1290,2304,5,2300,2309,9,0,0,,,,,,
2015,1,17,6,WN,3247,N711HK,PHL,MDW,1425,1424,-1,10,1434,135,123,109,668,1523,4,1540,1527,-13,0,0,,,,,,
2015,2,9,1,DL,2265,N809DN,ATL,SFO,1955,1958,3,15,2013,329,318,298,2139,2211,5,2224,2216,-8,0,0,,,,,,
2015,7,31,5,EV,4947,N730EV,CLE,LGA,1411,1416,5,15,1431,99,86,63,419,1534,8,1550,1542,-8,0,0,,,,,,
2015,1,27,2,US,412,N829AW,SMF,PHX,955,946,-9,8,954,104,103,91,647,1225,4,1239,1229,-10,0,0,,,,,,
2015,9,5,6,EV,5796,N13994,CLT,EWR,1400,1402,2,15,1417,119,104,80,529,1537,9,1559,1546,-13,0,0,,,,,,
2015,8,20,4,AA,1301,N3EPAA,EWR,MIA,600,549,-11,12,601,179,159,144,1085,825,3,859,828,-31,0,0,,,,,,
2015,3,5,4,US,2084,N546UW,PHX,PDX,2355,2352,-3,15,7,164,153,134,1009,121,4,139,125,-14,0,0,,,,,,
2015,6,21,7,AA,2412,N485AA,SAT,DFW,842,828,-14,17,845,76,80,53,247,938,10,958,948,-10,0,0,,,,,,
2015,6,26,5,VX,938,N628VA,SFO,LAX,1830,1826,-4,27,1853,80,88,55,337,1948,6,1950,1954,4,0,0,,,,,,
2015,11,4,3,WN,2093,N7712G,PDX,ABQ,1210,1211,1,11,1222,155,166,149,1111,1551,6,1545,1557,12,0,0,,,,,,
2015,4,4,6,EV,3258,N11526,IAH,LBB,1432,1428,-4,18,1446,98,96,72,458,1558,6,1610,1604,-6,0,0,,,,,,
2015,7,8,3,DL,1082,N320US,SLC,OAK,945,944,-1,14,958,115,105,86,588,1024,5,1040,1029,-11,0,0,,,,,,
2015,1,24,6,MQ,3543,N614MQ,MHK,DFW,1139,1134,-5,6,1140,91,85,69,431,1249,10,1310,1259,-11,0,0,,,,,,
2015,8,2,7,DL,2590,N991AT,CHA,ATL,1053,1053,0,10,1103,53,42,25,106,1128,7,1146,1135,-11,0,0,,,,,,
2015,11,6,5,WN,1277,N7721E,SFO,LAX,1710,1708,-2,13,1721,80,73,55,337,1816,5,1830,1821,-9,0,0,,,,,,
2015,6,10,3,MQ,3088,N648MQ,ORD,SGF,1321,1321,0,11,1332,98,76,61,438,1433,4,1459,1437,-22,0,0,,,,,,
2015,5,8,5,WN,1299,N476WN,DAL,ATL,605,601,-4,12,613,125,117,99,721,852,6,910,858,-12,0,0,,,,,,
2015,10,14,3,WN,617,N7730A,10821,14027,1505,1519,14,8,1527,145,130,117,883,1724,5,1730,1729,-1,0,0,,,,,,
2015,5,6,3,WN,127,N423WN,TPA,BUF,1155,1203,8,11,1214,155,148,132,1053,1426,5,1430,1431,1,0,0,,,,,,
2015,5,30,6,UA,421,N810UA,EWR,MCO,1758,1750,-8,19,1809,175,144,119,937,2008,6,2053,2014,-39,0,0,,,,,,
2015,1,25,7,AA,22,N788AA,LAX,JFK,1525,1525,0,15,1540,322,334,310,2475,2350,9,2347,2359,12,0,0,,,,,,
2015,1,21,3,EV,5611,N933EV,ATL,VLD,2051,2046,-5,16,2102,61,57,36,208,2138,5,2152,2143,-9,0,0,,,,,,
2015,3,3,2,US,413,N582UW,CLT,ATL,930,1038,68,16,1054,77,69,46,226,1140,7,1047,1147,60,0,0,,0,0,60,0,0
2015,5,30,6,WN,1512,N478WN,LAS,HOU,635,628,-7,10,638,180,173,156,1235,1114,7,1135,1121,-14,0,0,,,,,,
2015,3,14,6,DL,1264,N692DL,SLC,JFK,2340,2339,-1,14,2353,257,267,239,1990,552,14,557,606,9,0,0,,,,,,
2015,6,19,5,DL,2821,N908DA,ATL,DEN,1925,1924,-1,16,1940,205,184,160,1199,2020,8,2050,2028,-22,0,0,,,,,,
2015,7,7,2,WN,506,N8318F,OAK,SEA,1445,1445,0,7,1452,110,105,90,672,1622,8,1635,1630,-5,0,0,,,,,,
2015,1,17,6,MQ,3698,N509MQ,MAF,DFW,559,554,-5,11,605,66,65,49,309,654,5,705,659,-6,0,0,,,,,,
2015,7,11,6,WN,1763,N553WN,MCO,MKE,1350,1410,20,10,1420,170,162,148,1066,1548,4,1540,1552,12,0,0,,,,,,
2015,8,14,5,AA,549,N965UW,DTW,PHL,1326,1321,-5,27,1348,97,103,74,453,1502,2,1503,1504,1,0,0,,,,,,
2015,1,20,2,WN,415,N409WN,PHX,SMF,1155,1206,11,14,1220,125,119,101,647,1301,4,1300,1305,5,0,0,,,,,,
2015,12,22,2,MQ,3242,N632MQ,DFW,SJT,2200,2206,6,11,2217,64,57,44,229,2301,2,2304,2303,-1,0,0,,,,,,
2015,5,3,7,MQ,2908,N941MQ,ABI,DFW,705,700,-5,6,706,55,56,38,158,744,12,800,756,-4,0,0,,,,,,
2015,7,5,7,MQ,3399,N614MQ,LSE,ORD,1820,1846,26,12,1858,70,86,46,215,1944,28,1930,2012,42,0,0,,16,0,5,21,0
2015,7,29,3,WN,626,N249WN,HOU,DCA,655,651,-4,5,656,185,176,168,1218,1044,3,1100,1047,-13,0,0,,,,,,
2015,2,3,2,OO,7381,N652BR,COD,SLC,1252,1340,48,17,1357,75,74,52,298,1449,5,1407,1454,47,0,0,,0,0,0,47,0
2015,2,28,6,WN,4390,N8633A,PHX,SAN,1155,1213,18,7,1220,80,61,51,304,1211,3,1215,1214,-1,0,0,,,,,,
2015,9,4,5,WN,549,N951WN,STL,BWI,915,911,-4,10,921,120,117,103,738,1204,4,1215,1208,-7,0,0,,,,,,
2015,3,3,2,MQ,3527,N639MQ,PNS,MIA,1039,1213,94,12,1225,103,98,80,530,1445,6,1322,1451,89,0,0,,0,0,17,72,0
2015,10,15,4,DL,1811,N594NW,13487,12889,1945,2006,21,17,2023,201,189,166,1299,2109,6,2106,2115,9,0,0,,,,,,
2015,11,29,7,EV,4921,N873AS,SHV,ATL,1231,1223,-8,11,1234,98,93,77,551,1451,5,1509,1456,-13,0,0,,,,,,
2015,1,3,6,OO,4647,N461SW,SLC,GTF,1106,1058,-8,25,1123,101,117,87,463,1250,5,1247,1255,8,0,0,,,,,,
2015,4,17,5,UA,259,N410UA,PBI,EWR,1931,1919,-12,10,1929,178,163,142,1023,2151,11,2229,2202,-27,0,0,,,,,,
2015,12,31,4,UA,710,N490UA,SFO,DEN,948,944,-4,15,959,160,133,114,967,1253,4,1328,1257,-31,0,0,,,,,,
2015,6,28,7,MQ,3030,N928MQ,MIA,CLE,920,915,-5,13,928,175,159,141,1080,1149,5,1215,1154,-21,0,0,,,,,,
2015,10,9,5,OO,5558,N780SK,12266,11433,1910,2100,110,23,2123,164,158,130,1075,33,5,2254,38,104,0,0,,0,0,104,0,0
2015,6,15,1,UA,1717,N27477,SFO,ORD,2300,2320,20,21,2341,249,234,205,1846,506,8,509,514,5,0,0,,,,,,
2015,10,1,4,UA,1983,N73276,13930,12892,2050,2058,8,25,2123,264,262,231,1744,2314,6,2314,2320,6,0,0,,,,,,
2015,11,24,2,B6,1383,N281JB,BOS,RDU,844,837,-7,24,901,127,126,97,612,1038,5,1051,1043,-8,0,0,,,,,,
2015,6,19,5,B6,736,N658JB,LGB,SFO,814,808,-6,13,821,83,77,56,354,917,8,937,925,-12,0,0,,,,,,
2015,9,12,6,AA,471,N654AW,PHX,MSP,1210,1259,49,12,1311,183,177,158,1276,1749,7,1713,1756,43,0,0,,0,0,0,43,0
2015,5,21,4,WN,3145,N258WN,IAD,LAS,1620,1617,-3,10,1627,305,316,300,2065,1827,6,1825,1833,8,0,0,,,,,,
2015,11,20,5,MQ,3055,N689MQ,DFW,CMI,1830,1831,1,14,1845,119,106,89,692,2014,3,2029,2017,-12,0,0,,,,,,
2015,9,2,3,DL,81,N1611B,ATL,LAX,1725,1720,-5,20,1740,285,274,240,1947,1840,14,1910,1854,-16,0,0,,,,,,
2015,1,22,4,WN,2941,N770SA,MDW,DAL,1250,1259,9,6,1305,150,136,127,793,1512,3,1520,1515,-5,0,0,,,,,,
2015,11,16,1,AS,61,N764AS,YAK,CDV,1159,1135,-24,7,1142,48,50,38,213,1220,5,1247,1225,-22,0,0,,,,,,
2015,3,12,4,AS,12,N468AS,SEA,BOS,935,932,-3,14,946,319,305,278,2496,1724,13,1754,1737,-17,0,0,,,,,,
2015,7,31,5,MQ,3114,N630MQ,PNS,MIA,1755,,,,,105,,,530,,,2040,,,0,1,B,,,,,
2015,9,8,2,AA,1746,N587UW,PHX,DFW,50,45,-5,10,55,136,123,108,868,443,5,506,448,-18,0,0,,,,,,
2015,8,3,1,AA,44,N3JPAA,SEA,JFK,700,659,-1,23,722,328,303,273,2422,1455,7,1528,1502,-26,0,0,,,,,,
2015,10,31,6,WN,3583,N524SW,11540,12191,1440,1716,156,16,1732,110,112,92,677,2004,4,1730,2008,158,0,0,,2,0,0,156,0
2015,8,3,1,AS,499,N433AS,SAN,SEA,630,630,0,10,640,165,169,150,1050,910,9,915,919,4,0,0,,,,,,
2015,4,2,4,WN,114,N685SW,SLC,PHX,1330,1328,-2,8,1336,95,96,82,507,1358,6,1405,1404,-1,0,0,,,,,,
2015,6,18,4,EV,2679,N902EV,DFW,LEX,2020,2018,-2,20,2038,140,127,101,785,2319,6,2340,2325,-15,0,0,,,,,,
2015,7,28,2,WN,862,N8648A,SJC,SEA,2100,2100,0,10,2110,115,113,98,697,2248,5,2255,2253,-2,0,0,,,,,,
2015,7,28,2,NK,262,N602NK,FLL,ACY,1445,1507,22,15,1522,151,175,151,977,1753,9,1716,1802,46,0,0,,34,0,12,0,0
2015,4,9,4,AA,178,N3JKAA,BOS,JFK,1440,1430,-10,37,1507,84,95,49,187,1556,9,1604,1605,1,0,0,,,,,,
2015,12,19,6,EV,3267,N13988,EWR,JAX,1434,1427,-7,17,1444,159,139,118,820,1642,4,1713,1646,-27,0,0,,,,,,
2015,8,1,6,WN,2380,N640SW,ABQ,PHX,1920,1944,24,9,1953,75,68,54,328,1947,5,1935,1952,17,0,0,,0,0,7,10,0
2015,5,29,5,DL,1153,N924DN,BWI,ATL,1500,1457,-3,17,1514,117,121,95,577,1649,9,1657,1658,1,0,0,,,,,,
2015,12,18,5,AA,2457,N4XPAA,TPA,DFW,1427,1500,33,10,1510,173,158,144,929,1634,4,1620,1638,18,0,0,,0,0,1,17,0
2015,12,3,4,DL,566,N913DL,MIA,ATL,1130,1136,6,17,1153,122,108,82,594,1315,9,1332,1324,-8,0,0,,,,,,
2015,5,22,5,WN,639,N8624J,SMF,LAX,700,712,12,7,719,85,70,55,373,814,8,825,822,-3,0,0,,,,,,
2015,7,13,1,DL,2527,N3749D,CVG,FLL,936,932,-4,16,948,148,139,117,932,1145,6,1204,1151,-13,0,0,,,,,,
2015,6,22,1,OO,6347,N708SK,IND,IAH,1844,1845,1,15,1900,151,131,111,844,1951,5,2015,1956,-19,0,0,,,,,,
2015,3,4,3,WN,4512,N742SW,BWI,MCO,800,757,-3,12,809,150,135,116,787,1005,7,1030,1012,-18,0,0,,,,,,
2015,6,13,6,B6,108,N273JB,JFK,PWM,2235,2226,-9,35,2301,82,80,42,273,2343,3,2357,2346,-11,0,0,,,,,,
2015,5,2,6,AA,1489,N493AA,DFW,IAH,925,1024,59,15,1039,74,60,41,224,1120,4,1039,1124,45,0,0,,21,0,0,24,0
2015,11,6,5,EV,4952,N707EV,DTW,IAD,1520,1554,34,26,1620,91,85,56,383,1716,3,1651,1719,28,0,0,,0,0,28,0,0
2015,7,13,1,MQ,3096,N608MQ,ORD,CMI,1215,1332,77,15,1347,63,44,26,135,1413,3,1318,1416,58,0,0,,21,0,0,37,0
2015,6,21,7,OO,3445,N223AG,SBA,SEA,600,558,-2,8,606,144,129,110,908,756,11,824,807,-17,0,0,,,,,,
2015,3,26,4,OO,4579,N8933B,AZO,MSP,715,701,-14,11,712,114,90,71,426,723,8,809,731,-38,0,0,,,,,,
2015,8,12,3,DL,1810,N912DL,DFW,ATL,1830,1827,-3,9,1836,133,129,99,731,2115,21,2143,2136,-7,0,0,,,,,,
2015,4,4,6,DL,1091,N556NW,JAX,ATL,525,521,-4,11,532,69,59,43,270,615,5,634,620,-14,0,0,,,,,,
2015,3,1,7,DL,2016,N557NW,DEN,ATL,1726,1726,0,23,1749,169,162,127,1199,2156,12,2215,2208,-7,0,0,,,,,,
2015,6,12,5,WN,4323,N427WN,LAS,SDF,1850,1855,5,15,1910,215,211,191,1624,121,5,125,126,1,0,0,,,,,,
2015,11,18,3,UA,723,N77510,SFO,RDU,836,830,-6,23,853,304,301,274,2400,1627,4,1640,1631,-9,0,0,,,,,,
2015,4,7,2,WN,4749,N798SW,DEN,RNO,825,822,-3,13,835,140,132,115,804,930,4,945,934,-11,0,0,,,,,,
2015,7,15,3,UA,1658,N16713,DEN,SNA,1901,1931,30,15,1946,144,139,115,846,2041,9,2025,2050,25,0,0,,0,0,12,13,0
2015,4,26,7,AA,2306,N494AA,DFW,LBB,1434,1428,-6,13,1441,68,68,51,282,1532,4,1542,1536,-6,0,0,,,,,,
2015,4,13,1,WN,883,N779SW,RSW,MKE,1130,1127,-3,12,1139,180,166,152,1183,1311,2,1330,1313,-17,0,0,,,,,,
2015,5,14,4,US,1856,N935UW,PHX,PHL,715,754,39,17,811,270,258,238,2075,1509,3,1445,1512,27,0,0,,0,0,27,0,0
2015,8,19,3,DL,506,N671DN,SJU,ATL,1414,1427,13,12,1439,235,234,212,1547,1811,10,1809,1821,12,0,0,,,,,,
2015,9,29,2,MQ,3407,N660MQ,DFW,HOU,1055,1053,-2,28,1121,74,80,49,247,1210,3,1209,1213,4,0,0,,,,,,
2015,9,2,3,MQ,3066,N652MQ,ORD,CMI,2018,2047,29,17,2104,58,43,24,135,2128,2,2116,2130,14,0,0,,,,,,
2015,10,20,2,HA,43,N594HA,14831,12173,900,1003,63,21,1024,330,337,305,2417,1229,11,1130,1240,70,0,0,,0,0,70,0,0
2015,1,15,4,AS,496,N305AS,SEA,SAN,845,845,0,40,925,158,170,127,1050,1132,3,1123,1135,12,0,0,,,,,,
2015,7,8,3,DL,2563,N360NB,SLC,SNA,1502,1516,14,25,1541,111,120,88,588,1609,7,1553,1616,23,0,0,,9,0,0,14,0
2015,8,26,3,OO,6198,N976SW,FAR,DEN,1620,1617,-3,13,1630,125,116,99,627,1709,4,1725,1713,-12,0,0,,,,,,
2015,1,26,1,WN,112,N612SW,OKC,HOU,1410,1406,-4,12,1418,85,78,62,419,1520,4,1535,1524,-11,0,0,,,,,,
2015,2,10,2,WN,1837,N782SA,EWR,MDW,725,,,,,155,,,711,,,900,,,0,1,A,,,,,
2015,8,21,5,MQ,3591,N681MQ,HOU,DFW,1105,1105,0,16,1121,72,97,59,247,1220,22,1217,1242,25,0,0,,25,0,0,0,0
2015,9,14,1,MQ,3167,N1EAMQ,ORD,LIT,1642,1641,-1,15,1656,115,92,74,552,1810,3,1837,1813,-24,0,0,,,,,,
2015,10,2,5,DL,1807,N343NW,13244,10397,915,918,3,11,929,75,74,54,332,1123,9,1130,1132,2,0,0,,,,,,
2015,10,18,7,UA,233,N597UA,12892,12478,1620,1611,-9,33,1644,320,331,292,2475,36,6,40,42,2,0,0,,,,,,
2015,10,24,6,DL,1369,N998DL,10397,11193,1510,1519,9,12,1531,88,77,58,373,1629,7,1638,1636,-2,0,0,,,,,,
2015,2,23,1,AA,156,N3MBAA,ORD,SAN,2125,2120,-5,13,2133,259,246,229,1723,2322,4,2344,2326,-18,0,0,,,,,,
2015,5,21,4,OO,2780,N875AS,YUM,PHX,1030,1012,-18,20,1032,53,66,34,160,1106,12,1123,1118,-5,0,0,,,,,,
2015,7,27,1,DL,2563,N366NB,SLC,SNA,1502,1459,-3,15,1514,111,103,84,588,1538,4,1553,1542,-11,0,0,,,,,,
2015,3,9,1,US,1775,N951UW,BOS,PHL,1330,1324,-6,13,1337,99,83,66,280,1443,4,1509,1447,-22,0,0,,,,,,
2015,1,15,4,EV,5048,N611QX,ATL,GSO,1056,1139,43,15,1154,72,68,50,306,1244,3,1208,1247,39,0,0,,0,0,15,24,0
2015,8,20,4,B6,348,N625JB,LGB,OAK,1705,1658,-7,11,1709,73,72,58,353,1807,3,1818,1810,-8,0,0,,,,,,
2015,4,21,2,WN,2614,N241WN,HOU,PHX,1550,1549,-1,12,1601,170,183,165,1020,1646,6,1640,1652,12,0,0,,,,,,
2015,9,7,1,DL,2194,N909DE,ATL,GPT,2101,2054,-7,24,2118,79,81,53,352,2111,4,2120,2115,-5,0,0,,,,,,
2015,6,29,1,F9,1478,N952FR,LAX,ATL,2315,2308,-7,14,2322,260,264,240,1947,622,10,635,632,-3,0,0,,,,,,
2015,4,18,6,AA,220,N862AA,MIA,TPA,1710,1706,-4,20,1726,67,65,42,204,1808,3,1817,1811,-6,0,0,,,,,,
2015,6,13,6,EV,3822,N16546,SAV,ORD,1646,1647,1,27,1714,147,160,122,773,1816,11,1813,1827,14,0,0,,,,,,
2015,11,25,3,AA,2180,N4XUAA,DFW,CMH,2015,2009,-6,11,2020,145,129,112,926,2312,6,2340,2318,-22,0,0,,,,,,
2015,7,11,6,OO,4503,N821SK,SLC,FAR,1345,1344,-1,17,1401,136,128,106,866,1647,5,1701,1652,-9,0,0,,,,,,
2015,3,13,5,AS,239,N471AS,SAN,SEA,2005,1954,-11,17,2011,174,166,142,1050,2233,7,2259,2240,-19,0,0,,,,,,
2015,11,23,1,DL,860,N334NB,SNA,MSP,645,644,-1,23,707,225,211,184,1522,1211,4,1230,1215,-15,0,0,,,,,,
2015,11,21,6,DL,1299,N356NW,CVG,LAS,1610,1607,-3,7,1614,263,250,238,1678,1712,5,1733,1717,-16,0,0,,,,,,
2015,2,18,3,WN,681,N367SW,BWI,HOU,1350,1528,98,7,1535,225,212,201,1246,1756,4,1635,1800,85,0,0,,0,0,7,78,0
2015,12,19,6,HA,151,N488HA,ITO,HNL,1018,1026,8,8,1034,51,54,38,216,1112,8,1109,1120,11,0,0,,,,,,
2015,4,8,3,AA,1080,N456AA,DFW,AUS,1030,1029,-1,7,1036,66,50,38,190,1114,5,1136,1119,-17,0,0,,,,,,
2015,4,20,1,US,2158,N954UW,BOS,LGA,1000,1117,77,65,1222,80,125,55,184,1317,5,1120,1322,122,0,0,,122,0,0,0,0
2015,11,29,7,AA,1736,N753US,IAD,LAX,750,746,-4,13,759,364,361,337,2288,1036,11,1054,1047,-7,0,0,,,,,,
2015,5,12,2,WN,248,N288WN,MDW,DEN,1310,1319,9,15,1334,155,156,135,895,1449,6,1445,1455,10,0,0,,,,,,
2015,8,30,7,WN,1326,N439WN,HOU,DCA,725,720,-5,7,727,180,168,155,1218,1102,6,1125,1108,-17,0,0,,,,,,
2015,11,14,6,DL,128,N956AT,SEA,LAX,904,902,-2,18,920,166,160,134,954,1134,8,1150,1142,-8,0,0,,,,,,
2015,2,23,1,US,2042,N109UW,CLT,JFK,734,732,-2,13,745,105,91,73,541,858,5,919,903,-16,0,0,,,,,,
2015,1,2,5,VX,202,N530VA,SFO,ORD,720,718,-2,15,733,255,245,222,1846,1315,8,1335,1323,-12,0,0,,,,,,
2015,8,9,7,WN,3155,N8638A,MDW,LAX,1935,1942,7,19,2001,270,269,240,1750,2201,10,2205,2211,6,0,0,,,,,,
2015,6,15,1,UA,1294,N37462,IAH,MCO,718,739,21,32,811,150,158,121,854,1112,5,1048,1117,29,0,0,,8,0,16,5,0
2015,1,19,1,EV,5932,N15983,CAK,ORD,1856,1841,-15,11,1852,89,77,60,343,1852,6,1925,1858,-27,0,0,,,,,,
2015,7,23,4,AA,413,N916US,CLT,ATL,930,928,-2,18,946,77,64,37,226,1023,9,1047,1032,-15,0,0,,,,,,
2015,12,29,2,AA,1255,N4XYAA,TUL,DFW,502,748,166,9,757,78,70,50,237,847,11,620,858,158,0,0,,0,0,158,0,0
2015,5,18,1,UA,1249,N78511,LAS,IAH,1804,1801,-3,14,1815,173,176,152,1222,2247,10,2257,2257,0,0,0,,,,,,
2015,7,6,1,AA,463,N181UW,PHX,SEA,2240,2243,3,11,2254,169,159,144,1107,118,4,129,122,-7,0,0,,,,,,
2015,1,7,3,AA,336,N4WKAA,ABQ,DFW,901,901,0,30,931,104,122,83,569,1154,9,1145,1203,18,0,0,,18,0,0,0,0
2015,3,5,4,DL,1195,N985AT,ATL,IAD,1531,1630,59,12,1642,110,91,68,534,1750,11,1721,1801,40,0,0,,39,0,0,1,0
2015,3,9,1,EV,4424,N17196,EWR,RDU,758,800,2,15,815,103,93,69,416,924,9,941,933,-8,0,0,,,,,,
2015,12,10,4,WN,2482,N797MX,LAX,PHX,1050,1053,3,13,1106,75,68,50,370,1256,5,1305,1301,-4,0,0,,,,,,
2015,7,24,5,MQ,3350,N517MQ,LGA,ATL,2000,2013,13,14,2027,146,120,99,762,2206,7,2226,2213,-13,0,0,,,,,,
2015,8,7,5,WN,3034,N290WN,BNA,TPA,1125,1130,5,10,1140,100,94,79,612,1359,5,1405,1404,-1,0,0,,,,,,
2015,9,21,1,OO,4852,N822SK,CVG,DEN,918,917,-1,10,927,178,202,149,1069,956,43,1016,1039,23,0,0,,23,0,0,0,0
2015,8,19,3,AA,1118,N3DDAA,DFW,LGA,1301,1302,1,12,1314,209,188,172,1389,1706,4,1730,1710,-20,0,0,,,,,,
2015,5,10,7,AA,1159,N499AA,SAN,DFW,1551,,,,,178,,,1171,,,2049,,,0,1,B,,,,,
2015,10,23,5,WN,1578,N767SW,10397,12339,1355,1358,3,12,1410,90,79,62,432,1512,5,1525,1517,-8,0,0,,,,,,
2015,3,26,4,AS,382,N625AS,PDX,SFO,1010,1005,-5,10,1015,114,101,84,550,1139,7,1204,1146,-18,0,0,,,,,,
2015,10,17,6,UA,417,N543UA,12892,13830,830,832,2,23,855,342,345,318,2486,1113,4,1112,1117,5,0,0,,,,,,
2015,7,23,4,MQ,3061,N640MQ,DFW,HSV,700,659,-1,16,715,109,116,95,603,850,5,849,855,6,0,0,,,,,,
2015,5,22,5,WN,3860,N206WN,SAT,PHX,1955,1959,4,7,2006,145,131,118,843,2004,6,2020,2010,-10,0,0,,,,,,
2015,3,26,4,DL,1228,N995AT,JAN,ATL,1306,1304,-2,13,1317,89,74,52,341,1509,9,1535,1518,-17,0,0,,,,,,
2015,5,29,5,WN,1814,N477WN,TPA,DCA,1640,1817,97,14,1831,135,128,111,814,2022,3,1855,2025,90,0,0,,0,0,0,90,0
2015,11,19,4,UA,540,N436UA,IAH,DEN,1535,1601,26,15,1616,155,143,122,862,1718,6,1710,1724,14,0,0,,,,,,
2015,10,21,3,DL,2275,N341NW,10397,13931,2054,2052,-2,20,2112,99,91,67,516,2219,4,2233,2223,-10,0,0,,,,,,
2015,6,26,5,WN,101,N401WN,SJC,LAS,1045,1040,-5,10,1050,80,83,66,386,1156,7,1205,1203,-2,0,0,,,,,,
2015,5,1,5,EV,4449,N13553,GPT,IAH,1531,1526,-5,10,1536,85,78,58,376,1634,10,1656,1644,-12,0,0,,,,,,
2015,11,1,7,UA,1642,N37464,ORD,SFO,2121,2115,-6,17,2132,291,280,256,1846,2348,7,12,2355,-17,0,0,,,,,,
2015,2,27,5,WN,2352,N7706A,ATL,DTW,1030,1029,-1,19,1048,125,109,81,594,1209,9,1235,1218,-17,0,0,,,,,,
2015,6,11,4,AA,2327,N564AA,DFW,ORD,1540,1545,5,55,1640,153,173,105,802,1825,13,1813,1838,25,0,0,,25,0,0,0,0
2015,11,30,1,WN,531,N8313F,PHX,MDW,1430,1434,4,9,1443,200,170,157,1444,1820,4,1850,1824,-26,0,0,,,,,,
2015,7,30,4,WN,727,N293WN,BWI,MDW,1925,2135,130,10,2145,125,132,94,611,2219,28,2030,2247,137,0,0,,7,0,63,67,0
2015,12,27,7,OO,5505,N705SK,FAT,LAX,530,534,4,48,622,74,94,39,209,701,7,644,708,24,0,0,,20,0,4,0,0
2015,4,19,7,DL,1539,N919DE,FNT,ATL,600,553,-7,13,606,129,113,95,645,741,5,809,746,-23,0,0,,,,,,
2015,3,4,3,AA,1471,N490AA,DFW,DEN,830,830,0,16,846,126,117,96,641,922,5,936,927,-9,0,0,,,,,,
2015,2,8,7,AA,2246,N3AMAA,PBI,ORD,1449,1522,33,27,1549,195,219,169,1144,1738,23,1704,1801,57,0,0,,24,0,6,27,0
2015,12,29,2,B6,88,N633JB,FLL,ALB,914,906,-8,17,923,173,175,154,1204,1157,4,1207,1201,-6,0,0,,,,,,
2015,4,23,4,EV,5290,N838AS,ABY,ATL,600,600,0,6,606,50,39,29,145,635,4,650,639,-11,0,0,,,,,,
2015,2,8,7,US,1742,N963UW,RDU,PHL,655,646,-9,12,658,87,75,57,337,755,6,822,801,-21,0,0,,,,,,
2015,3,8,7,EV,4585,N12126,MCI,ORD,550,543,-7,11,554,93,77,60,403,654,6,723,700,-23,0,0,,,,,,
2015,12,26,6,DL,1289,N965DN,DTW,BOS,1345,1408,23,12,1420,111,98,78,632,1538,8,1536,1546,10,0,0,,,,,,
2015,1,20,2,DL,2622,N896AT,MSP,CMH,1000,957,-3,23,1020,125,108,81,626,1241,4,1305,1245,-20,0,0,,,,,,
2015,7,14,2,UA,486,N423UA,SFO,IAD,1612,1612,0,30,1642,318,312,277,2419,19,5,30,24,-6,0,0,,,,,,
2015,9,4,5,WN,101,N8659D,LAX,MKE,1135,1133,-2,11,1144,230,219,194,1756,1658,14,1725,1712,-13,0,0,,,,,,
2015,2,26,4,EV,4513,N13903,CLE,ORD,600,559,-1,27,626,95,118,65,315,631,26,635,657,22,0,0,,22,0,0,0,0
2015,6,1,1,NK,763,N633NK,MSP,LAS,2155,2211,16,9,2220,195,193,178,1299,2318,6,2310,2324,14,0,0,,,,,,
2015,2,20,5,UA,292,N480UA,DCA,IAH,1738,1747,9,10,1757,219,211,191,1208,2008,10,2017,2018,1,0,0,,,,,,
2015,8,31,1,EV,5072,N900EV,ATL,CRW,1740,1735,-5,21,1756,87,80,56,363,1852,3,1907,1855,-12,0,0,,,,,,
2015,7,5,7,AA,856,N108UW,CLT,DCA,1940,1943,3,12,1955,78,73,56,331,2051,5,2058,2056,-2,0,0,,,,,,
2015,12,19,6,AA,668,N921US,SEA,PHX,2030,2030,0,17,2047,163,166,144,1107,11,5,13,16,3,0,0,,,,,,
2015,2,6,5,WN,805,N210WN,MDW,FLL,1900,1902,2,7,1909,180,149,138,1166,2227,4,2300,2231,-29,0,0,,,,,,
2015,9,22,2,DL,742,N927DN,MLB,ATL,1750,1746,-4,11,1757,101,80,62,442,1859,7,1931,1906,-25,0,0,,,,,,
2015,6,3,3,DL,1055,N365NB,SLC,IAH,2005,2058,53,44,2142,184,191,139,1195,101,8,9,109,60,0,0,,7,0,0,0,53
2015,10,21,3,WN,1146,N8614M,13204,13232,1205,1204,-1,12,1216,165,166,147,990,1343,7,1350,1350,0,0,0,,,,,,
2015,5,19,2,DL,2236,N957DN,ATL,PHL,1400,1440,40,19,1459,135,119,95,666,1634,5,1615,1639,24,0,0,,0,0,0,0,24
2015,1,7,3,HA,466,N590HA,PPG,HNL,2320,2319,-1,10,2329,320,324,306,2599,535,8,540,543,3,0,0,,,,,,
2015,3,11,3,VX,367,N642VA,BOS,LAX,1745,1744,-1,20,1804,390,389,353,2611,2057,16,2115,2113,-2,0,0,,,,,,
2015,9,5,6,AA,1584,N3EWAA,MCI,MIA,602,618,16,12,630,193,175,151,1251,1001,12,1015,1013,-2,0,0,,,,,,
2015,3,14,6,WN,2383,N744SW,BWI,PIT,2045,2049,4,16,2105,60,64,42,210,2147,6,2145,2153,8,0,0,,,,,,
2015,6,28,7,EV,4398,N14174,CLE,DCA,2053,2047,-6,10,2057,81,69,53,310,2150,6,2214,2156,-18,0,0,,,,,,
2015,9,21,1,AA,577,N548UW,PHL,LAS,800,758,-2,30,828,327,321,282,2176,1010,9,1027,1019,-8,0,0,,,,,,
2015,10,3,6,AA,893,N119US,11298,11057,845,838,-7,13,851,154,142,122,936,1153,7,1219,1200,-19,0,0,,,,,,
2015,2,11,3,AS,343,N506AS,OAK,SEA,1305,1341,36,8,1349,115,107,95,671,1524,4,1500,1528,28,0,0,,0,0,0,28,0
2015,3,17,2,WN,825,N263WN,HOU,MAF,1105,1105,0,11,1116,85,79,62,441,1218,6,1230,1224,-6,0,0,,,,,,
2015,8,23,7,UA,465,N813UA,DEN,BIL,1845,1838,-7,10,1848,93,83,70,455,1958,3,2018,2001,-17,0,0,,,,,,
2015,4,6,1,WN,496,N913WN,OAK,SNA,605,600,-5,25,625,95,96,67,371,732,4,740,736,-4,0,0,,,,,,
2015,6,5,5,OO,4570,N549CA,LAX,SJC,1015,1049,34,28,1117,85,84,50,308,1207,6,1140,1213,33,0,0,,0,0,0,33,0
2015,7,4,6,OO,5632,N471CA,SBA,SFO,600,553,-7,18,611,74,68,47,262,658,3,714,701,-13,0,0,,,,,,
2015,10,23,5,WN,1961,N8639B,11259,15304,1445,1756,191,16,1812,140,155,134,917,2126,5,1805,2131,206,0,0,,15,0,0,159,32
2015,5,20,3,WN,2632,N8618N,MDW,LAX,1525,1526,1,10,1536,265,267,250,1750,1746,7,1750,1753,3,0,0,,,,,,
2015,8,19,3,WN,927,N417WN,HOU,SAT,835,831,-4,14,845,55,54,36,192,921,4,930,925,-5,0,0,,,,,,
2015,6,25,4,DL,2645,N376DA,SLC,FCA,2155,2205,10,13,2218,97,90,73,531,2331,4,2332,2335,3,0,0,,,,,,
2015,1,1,4,OO,6439,N945SW,DEN,BOI,1510,1522,12,18,1540,126,120,98,649,1718,4,1716,1722,6,0,0,,,,,,
2015,12,25,5,B6,1887,N334JB,ORH,MCO,1620,1606,-14,11,1617,189,169,154,1091,1851,4,1929,1855,-34,0,0,,,,,,
2015,4,27,1,EV,4472,N19554,ECP,IAH,1420,1415,-5,11,1426,119,145,122,572,1628,12,1619,1640,21,0,0,,21,0,0,0,0
2015,12,31,4,DL,2274,N556NW,EGE,ATL,1300,1313,13,26,1339,179,173,141,1312,1800,6,1759,1806,7,0,0,,,,,,
2015,7,7,2,OO,2901,N466SW,SJC,LAX,700,656,-4,14,710,85,90,61,308,811,15,825,826,1,0,0,,,,,,
2015,5,19,2,B6,1013,N766JB,JFK,LGB,1801,1800,-1,24,1824,389,379,352,2465,2116,3,2130,2119,-11,0,0,,,,,,
2015,9,4,5,VX,936,N528VA,SFO,LAX,1700,1656,-4,18,1714,80,79,56,337,1810,5,1820,1815,-5,0,0,,,,,,
2015,8,4,2,WN,2939,N773SA,BWI,TPA,2050,2119,29,22,2141,145,138,112,842,2333,4,2315,2337,22,0,0,,0,0,3,19,0
2015,10,17,6,WN,1480,N444WN,13232,12889,1850,1904,14,34,1938,235,239,201,1521,2059,4,2045,2103,18,0,0,,4,0,14,0,0
2015,10,17,6,MQ,3414,N542MQ,13930,14576,1155,1242,47,23,1305,107,97,69,528,1514,5,1442,1519,37,0,0,,0,0,37,0,0
2015,4,24,5,OO,6437,N703SK,ORD,DFW,1950,1949,-1,33,2022,146,183,142,802,2244,8,2216,2252,36,0,0,,36,0,0,0,0
2015,6,9,2,HA,115,N477HA,OGG,HNL,720,716,-4,6,722,35,33,22,100,744,5,755,749,-6,0,0,,,,,,
2015,7,10,5,DL,1534,N981DL,IND,ATL,1648,1644,-4,15,1659,102,94,74,432,1813,5,1830,1818,-12,0,0,,,,,,
2015,5,7,4,DL,1897,N957DL,LGA,MCO,1759,1754,-5,21,1815,174,151,123,950,2018,7,2053,2025,-28,0,0,,,,,,
2015,4,5,7,AA,2360,N3BRAA,SAN,ORD,1440,1431,-9,15,1446,245,217,192,1723,1958,10,2045,2008,-37,0,0,,,,,,
2015,12,4,5,AA,418,N509AY,CLT,BOS,1310,1303,-7,24,1327,127,125,94,728,1501,7,1517,1508,-9,0,0,,,,,,
2015,9,16,3,OO,5214,N742SK,DTW,IAH,605,557,-8,12,609,174,151,130,1075,719,9,759,728,-31,0,0,,,,,,
2015,8,24,1,AS,102,N315AS,ANC,SEA,1845,1839,-6,6,1845,198,186,175,1448,2240,5,2303,2245,-18,0,0,,,,,,
2015,4,5,7,HA,8,N374HA,HNL,LAS,2220,2213,-7,17,2230,340,336,310,2762,640,9,700,649,-11,0,0,,,,,,
2015,8,30,7,AA,767,N579UW,PHL,MCO,1820,1902,42,28,1930,170,161,123,861,2133,10,2110,2143,33,0,0,,0,0,33,0,0
2015,5,18,1,WN,3030,N379SW,MAF,HOU,2045,2300,135,7,2307,80,77,65,441,12,5,2205,17,132,0,0,,0,0,0,132,0
2015,5,4,1,UA,1225,N37468,EWR,LAX,1907,1904,-3,29,1933,403,391,328,2454,2201,34,2250,2235,-15,0,0,,,,,,
2015,8,21,5,UA,1022,N39461,EWR,IAH,1729,1809,40,25,1834,234,224,193,1400,2047,6,2023,2053,30,0,0,,0,0,30,0,0
2015,2,5,4,WN,1863,N653SW,STL,HOU,1615,1645,30,10,1655,130,113,98,687,1833,5,1825,1838,13,0,0,,,,,,
2015,10,6,2,AA,1940,N920US,12889,11057,1405,1513,68,17,1530,255,246,217,1916,2207,12,2120,2219,59,0,0,,0,0,5,54,0
2015,11,11,3,WN,166,N267WN,STL,HOU,2150,2146,-4,12,2158,125,144,127,687,5,5,2355,10,15,0,0,,15,0,0,0,0
2015,10,23,5,AA,1830,N655AW,11697,11057,620,623,3,13,636,117,121,99,632,815,9,817,824,7,0,0,,,,,,
2015,7,16,4,EV,5274,N197PQ,ATL,MSN,1454,1629,95,14,1643,129,113,95,707,1718,4,1603,1722,79,0,0,,0,0,79,0,0
2015,3,25,3,MQ,3622,N526MQ,ASE,DFW,1444,1445,1,13,1458,116,113,93,701,1731,7,1740,1738,-2,0,0,,,,,,
2015,8,13,4,WN,3086,N904WN,BWI,MDW,610,608,-2,13,621,120,122,90,611,651,19,710,710,0,0,0,,,,,,
2015,2,6,5,WN,4558,N396SW,ABQ,PHX,1010,1003,-7,10,1013,75,72,57,328,1110,5,1125,1115,-10,0,0,,,,,,
2015,12,4,5,UA,299,N850UA,MSP,IAH,1345,1333,-12,16,1349,181,163,137,1034,1606,10,1646,1616,-30,0,0,,,,,,
2015,6,13,6,DL,2016,N913DN,ATL,DEN,1517,1513,-4,20,1533,198,179,154,1199,1607,5,1635,1612,-23,0,0,,,,,,
2015,11,19,4,UA,289,N832UA,DEN,AUS,1730,1842,72,12,1854,132,112,96,775,2130,4,2042,2134,52,0,0,,0,0,52,0,0
2015,12,15,2,WN,1835,N715SW,FLL,BNA,1840,1840,0,17,1857,145,132,109,793,1946,6,2005,1952,-13,0,0,,,,,,
2015,11,25,3,DL,814,N623DL,ATL,LAS,1955,2002,7,16,2018,275,264,241,1747,2119,7,2130,2126,-4,0,0,,,,,,
2015,8,25,2,AA,1053,N202AA,MFE,DFW,500,507,7,14,521,100,91,70,469,631,7,640,638,-2,0,0,,,,,,
2015,12,30,3,DL,1732,N968AT,CLE,ATL,1625,1845,140,8,1853,117,102,89,554,2022,5,1822,2027,125,0,0,,0,0,9,116,0
2015,12,4,5,MQ,3402,N657MQ,GRI,DFW,600,604,4,26,630,126,117,84,561,754,7,806,801,-5,0,0,,,,,,
2015,6,6,6,AS,661,N419AS,DFW,SEA,1335,1332,-3,16,1348,254,232,212,1660,1520,4,1549,1524,-25,0,0,,,,,,
2015,2,5,4,OO,6336,N909SW,SFO,RNO,810,806,-4,46,852,58,88,34,192,926,8,908,934,26,0,0,,26,0,0,0,0
2015,3,9,1,EV,3828,N36915,STL,ORD,1127,1116,-11,15,1131,73,80,47,258,1218,18,1240,1236,-4,0,0,,,,,,
2015,9,19,6,MQ,3182,N941MQ,ORD,FNT,830,827,-3,15,842,70,59,40,223,1022,4,1040,1026,-14,0,0,,,,,,
2015,9,10,4,UA,792,N819UA,DEN,PIT,1956,1948,-8,12,2000,184,170,151,1290,31,7,100,38,-22,0,0,,,,,,
2015,1,22,4,WN,371,N460WN,PIT,DEN,930,924,-6,28,952,230,208,176,1290,1048,4,1120,1052,-28,0,0,,,,,,
2015,2,5,4,AS,414,N552AS,SEA,PDX,2230,2236,6,8,2244,45,45,34,129,2318,3,2315,2321,6,0,0,,,,,,
2015,5,9,6,AA,1037,N3CDAA,MIA,EWR,1400,1354,-6,14,1408,179,168,145,1085,1633,9,1659,1642,-17,0,0,,,,,,
2015,2,6,5,OO,4638,N455CA,MSP,CVG,750,746,-4,19,805,124,95,72,596,1017,4,1054,1021,-33,0,0,,,,,,
2015,11,19,4,MQ,3058,N3AEMQ,ORD,ABQ,1110,1121,11,13,1134,184,184,164,1118,1318,7,1314,1325,11,0,0,,,,,,
2015,11,3,2,AA,455,N808AW,PHX,SLC,830,829,-1,21,850,100,97,67,507,957,9,1010,1006,-4,0,0,,,,,,
2015,2,25,3,MQ,3194,N3AEMQ,OKC,ORD,558,554,-4,11,605,122,126,87,693,732,28,800,800,0,0,0,,,,,,
2015,2,12,4,US,1724,N958UW,PHL,BOS,715,712,-3,12,724,74,66,46,280,810,8,829,818,-11,0,0,,,,,,
2015,6,2,2,HA,234,N489HA,LIH,HNL,912,904,-8,6,910,32,32,20,102,930,6,944,936,-8,0,0,,,,,,
2015,8,8,6,NK,278,N529NK,FLL,MYR,705,700,-5,12,712,100,96,77,529,829,7,845,836,-9,0,0,,,,,,
2015,4,14,2,WN,777,N795SW,LGA,MDW,1350,1348,-2,9,1357,155,124,108,725,1445,7,1525,1452,-33,0,0,,,,,,
2015,10,27,2,WN,342,N387SW,12191,14193,1400,1358,-2,6,1404,85,73,64,488,1508,3,1525,1511,-14,0,0,,,,,,
2015,4,1,3,WN,4471,N8638A,MDW,RSW,720,717,-3,16,733,170,150,130,1105,1043,4,1110,1047,-23,0,0,,,,,,
2015,11,18,3,MQ,3597,N516MQ,EWR,ORD,1049,1724,395,39,1803,170,159,110,719,1853,10,1239,1903,384,0,0,,322,0,0,62,0
2015,2,26,4,WN,3745,N215WN,CMH,ATL,1630,1754,84,17,1811,100,102,76,447,1927,9,1810,1936,86,0,0,,10,0,0,76,0
2015,12,10,4,WN,9,N520SW,DAL,HOU,900,854,-6,12,906,65,58,40,239,946,6,1005,952,-13,0,0,,,,,,
2015,5,4,1,F9,736,N921FR,DEN,CVG,30,26,-4,7,33,154,149,134,1069,447,8,504,455,-9,0,0,,,,,,
2015,3,30,1,EV,5585,N713EV,IAH,MSP,620,618,-2,9,627,166,160,144,1034,851,7,906,858,-8,0,0,,,,,,
2015,1,7,3,WN,2773,N744SW,IND,DCA,635,637,2,25,702,100,94,63,500,805,6,815,811,-4,0,0,,,,,,
2015,11,18,3,MQ,3180,N505MQ,MSN,ORD,515,507,-8,13,520,64,115,95,108,655,7,619,702,43,0,0,,43,0,0,0,0
2015,6,2,2,DL,2513,N937AT,VPS,ATL,1145,1138,-7,18,1156,86,71,42,250,1338,11,1411,1349,-22,0,0,,,,,,
2015,8,24,1,DL,2803,N951AT,ECP,ATL,1900,1915,15,11,1926,77,77,45,240,2111,21,2117,2132,15,0,0,,0,0,0,15,0
2015,2,15,7,UA,1666,N12218,FLL,CLE,1041,1040,-1,17,1057,176,176,155,1062,1332,4,1337,1336,-1,0,0,,,,,,
2015,9,29,2,EV,5989,N17138,IAH,HSV,1555,1849,174,13,1902,109,98,81,595,2023,4,1744,2027,163,0,0,,163,0,0,0,0
2015,3,18,3,WN,903,N708SW,MCI,DAL,1520,1533,13,9,1542,90,86,74,460,1656,3,1650,1659,9,0,0,,,,,,
2015,2,24,2,EV,5789,N14991,JAN,ORD,1446,1516,30,11,1527,133,139,116,677,1723,12,1659,1735,36,0,0,,6,0,6,17,7
2015,10,12,1,EV,5804,N14105,11977,13930,1041,1120,39,14,1134,59,65,41,173,1215,10,1140,1225,45,0,0,,6,0,0,39,0
2015,2,24,2,UA,1177,N23708,ORD,DEN,2035,2028,-7,19,2047,162,157,131,888,2158,7,2217,2205,-12,0,0,,,,,,
2015,4,27,1,WN,245,N207WN,AUS,MDW,550,549,-1,13,602,155,136,119,972,801,4,825,805,-20,0,0,,,,,,
2015,5,18,1,AA,1094,N3FFAA,SEA,DFW,510,502,-8,13,515,235,233,208,1660,1043,12,1105,1055,-10,0,0,,,,,,
2015,10,25,7,OO,6308,N758SK,11292,13244,1725,1719,-6,19,1738,132,139,112,872,2030,8,2037,2038,1,0,0,,,,,,
2015,6,15,1,B6,669,N796JB,JFK,SJC,1830,1840,10,29,1909,405,380,349,2569,2158,2,2215,2200,-15,0,0,,,,,,
2015,7,1,3,WN,1756,N916WN,TPA,MCI,915,912,-3,12,924,165,166,151,1048,1055,3,1100,1058,-2,0,0,,,,,,
2015,8,11,2,DL,1499,N974DL,MEM,ATL,600,558,-2,12,610,75,70,50,332,800,8,815,808,-7,0,0,,,,,,
2015,12,17,4,AA,435,N822AW,PHX,SEA,1125,1121,-4,26,1147,192,210,175,1107,1342,9,1337,1351,14,0,0,,,,,,
2015,9,22,2,AA,1113,N3HLAA,LAX,ORD,59,56,-3,15,111,247,234,204,1744,635,15,706,650,-16,0,0,,,,,,
2015,5,18,1,B6,1013,N505JB,JFK,LGB,1801,1758,-3,39,1837,389,392,349,2465,2126,4,2130,2130,0,0,0,,,,,,
2015,6,14,7,DL,2189,N971DL,JFK,ATL,1921,1920,-1,10,1930,174,234,220,760,2310,4,2215,2314,59,0,0,,59,0,0,0,0
2015,6,12,5,F9,909,N926FR,TTN,DTW,1403,1448,45,16,1504,104,107,83,464,1627,8,1547,1635,48,0,0,,3,0,31,14,0
2015,8,19,3,AA,938,N3KDAA,JFK,SJU,2015,2008,-7,28,2036,252,228,195,1598,2351,5,27,2356,-31,0,0,,,,,,
2015,4,23,4,F9,739,N925FR,CVG,DEN,1345,1345,0,13,1358,182,191,165,1069,1443,13,1447,1456,9,0,0,,,,,,
2015,7,8,3,WN,658,N7818L,CMH,TPA,600,600,0,9,609,130,120,104,829,753,7,810,800,-10,0,0,,,,,,
2015,6,2,2,MQ,3604,N906MQ,CMH,ORD,619,614,-5,15,629,81,78,58,296,627,5,640,632,-8,0,0,,,,,,
2015,5,1,5,B6,1639,N633JB,LGA,RSW,930,925,-5,29,954,186,196,162,1080,1236,5,1236,1241,5,0,0,,,,,,
2015,10,27,2,WN,494,N7707C,10423,12191,1830,1831,1,6,1837,55,54,45,148,1922,3,1925,1925,0,0,0,,,,,,
2015,4,13,1,WN,615,N8633A,BUF,LAS,1640,1635,-5,10,1645,290,296,278,1986,1823,8,1830,1831,1,0,0,,,,,,
2015,8,5,3,DL,1998,N956DL,DCA,ATL,1059,1158,59,14,1212,112,99,78,547,1330,7,1251,1337,46,0,0,,0,0,5,41,0
2015,8,18,2,WN,155,N922WN,BHM,TPA,955,951,-4,6,957,85,72,62,459,1159,4,1220,1203,-17,0,0,,,,,,
2015,5,28,4,AA,2263,N480AA,CMH,DFW,1109,1102,-7,12,1114,169,171,148,926,1242,11,1258,1253,-5,0,0,,,,,,
2015,4,10,5,WN,869,N734SA,DEN,MDW,645,641,-4,10,651,140,125,108,895,939,7,1005,946,-19,0,0,,,,,,
2015,12,22,2,OO,7367,N498CA,APN,DTW,1733,1715,-18,7,1722,66,51,37,198,1759,7,1839,1806,-33,0,0,,,,,,
2015,1,4,7,WN,2511,N427WN,MCI,BNA,1425,1437,12,6,1443,85,77,66,491,1549,5,1550,1554,4,0,0,,,,,,
2015,7,21,2,EV,5188,N744EV,EWR,DTW,1100,1057,-3,13,1110,113,107,90,488,1240,4,1253,1244,-9,0,0,,,,,,
2015,6,8,1,EV,4516,N14905,MEM,IAH,1820,1915,55,9,1924,100,92,75,468,2039,8,2000,2047,47,0,0,,0,0,0,47,0
2015,9,8,2,DL,1277,N906DE,MSY,ATL,1715,1712,-3,16,1728,93,91,60,425,1928,15,1948,1943,-5,0,0,,,,,,
2015,6,11,4,DL,1805,N375DA,CVG,LAS,1615,1606,-9,14,1620,244,243,222,1678,1702,7,1719,1709,-10,0,0,,,,,,
2015,6,29,1,AA,113,N858AA,MIA,MCO,1845,2006,81,27,2033,68,74,39,192,2112,8,1953,2120,87,0,0,,6,0,0,31,50
2015,10,26,1,UA,1182,N35204,12892,13830,1800,1750,-10,15,1805,353,342,322,2486,2027,5,2053,2032,-21,0,0,,,,,,
2015,5,28,4,DL,1367,N893AT,GRR,ATL,1100,1055,-5,8,1103,125,107,90,640,1233,9,1305,1242,-23,0,0,,,,,,
2015,9,29,2,NK,317,N642NK,ORD,ATL,2020,2009,-11,19,2028,114,117,83,606,2251,15,2314,2306,-8,0,0,,,,,,
2015,3,12,4,DL,1089,N359NW,SFO,CVG,2245,2245,0,17,2302,264,263,239,2036,601,7,609,608,-1,0,0,,,,,,
2015,4,24,5,WN,1371,N366SW,BWI,MCO,1035,1040,5,11,1051,135,128,111,787,1242,6,1250,1248,-2,0,0,,,,,,
2015,2,27,5,WN,2346,N201LV,LAS,SNA,1240,1253,13,9,1302,65,56,41,226,1343,6,1345,1349,4,0,0,,,,,,
2015,2,21,6,WN,4324,N415WN,ATL,AUS,1910,1907,-3,16,1923,160,154,132,813,2035,6,2050,2041,-9,0,0,,,,,,
2015,9,23,3,UA,887,N854UA,SFO,LAX,2233,2228,-5,22,2250,84,77,50,337,2340,5,2357,2345,-12,0,0,,,,,,
2015,4,26,7,DL,1469,N6709,ATL,MCO,2055,2053,-2,21,2114,89,86,58,404,2212,7,2224,2219,-5,0,0,,,,,,
2015,6,10,3,F9,822,N924FR,DEN,MCI,1930,1935,5,12,1947,93,94,73,533,2200,9,2203,2209,6,0,0,,,,,,
2015,12,23,3,DL,2186,N974DL,ATL,LGA,1945,2354,249,11,5,134,118,91,762,136,16,2159,152,233,0,0,,0,0,0,223,10
2015,6,25,4,OO,4986,N709SK,IAH,MFE,1132,1125,-7,16,1141,75,77,52,316,1233,9,1247,1242,-5,0,0,,,,,,
2015,9,13,7,WN,136,N760SW,MCO,MDW,1520,1516,-4,12,1528,170,158,141,990,1649,5,1710,1654,-16,0,0,,,,,,
2015,4,18,6,MQ,3195,N692MQ,SJT,DFW,1630,1625,-5,7,1632,64,60,46,229,1718,7,1734,1725,-9,0,0,,,,,,
2015,3,12,4,AA,1184,N4XUAA,ABQ,DFW,714,708,-6,11,719,101,96,79,569,938,6,955,944,-11,0,0,,,,,,
2015,6,22,1,AA,1054,N480AA,DFW,IAH,855,855,0,12,907,73,59,43,224,950,4,1008,954,-14,0,0,,,,,,
2015,6,25,4,AS,512,N613AS,SEA,SNA,1405,1401,-4,23,1424,164,175,141,978,1645,11,1649,1656,7,0,0,,,,,,
2015,7,27,1,UA,677,N402UA,SFO,RNO,1129,1122,-7,36,1158,70,76,34,192,1232,6,1239,1238,-1,0,0,,,,,,
2015,4,23,4,DL,2228,N594NW,DTW,MCO,725,725,0,16,741,149,137,115,957,936,6,954,942,-12,0,0,,,,,,
2015,4,23,4,HA,205,N487HA,OGG,HNL,609,605,-4,6,611,32,32,21,100,632,5,641,637,-4,0,0,,,,,,
2015,7,30,4,DL,2012,N961DN,ORD,ATL,900,903,3,21,924,119,104,79,606,1143,4,1159,1147,-12,0,0,,,,,,
2015,1,26,1,US,2178,N949UW,DCA,LGA,1200,1219,19,25,1244,75,72,42,214,1326,5,1315,1331,16,0,0,,0,0,0,16,0
2015,8,27,4,EV,4507,N13566,IAH,MEM,747,740,-7,20,800,99,106,77,468,917,9,926,926,0,0,0,,,,,,
2015,11,16,1,DL,1885,N365NW,LGA,MCO,910,909,-1,24,933,190,157,127,950,1140,6,1220,1146,-34,0,0,,,,,,
2015,1,18,7,WN,197,N374SW,BWI,HOU,1645,1707,22,12,1719,225,197,178,1246,1917,7,1930,1924,-6,0,0,,,,,,
2015,1,26,1,WN,525,N449WN,BHM,MDW,1825,1822,-3,9,1831,115,112,95,570,2006,8,2020,2014,-6,0,0,,,,,,
2015,3,12,4,WN,1278,N295WN,HOU,BOS,845,850,5,12,902,215,199,182,1609,1304,5,1320,1309,-11,0,0,,,,,,
2015,8,15,6,B6,207,N236JB,PWM,JFK,1337,1407,30,12,1419,82,69,48,273,1507,9,1459,1516,17,0,0,,0,0,8,9,0
2015,9,3,4,WN,2345,N8310C,TUS,MDW,655,653,-2,11,704,200,182,167,1440,1151,4,1215,1155,-20,0,0,,,,,,
2015,3,15,7,WN,393,N444WN,MDW,TPA,1550,1636,46,9,1645,145,138,124,997,1949,5,1915,1954,39,0,0,,0,0,39,0,0
2015,8,23,7,WN,319,N705SW,SMF,ONT,945,944,-1,13,957,75,71,54,390,1051,4,1100,1055,-5,0,0,,,,,,
2015,5,10,7,WN,2162,N340LV,LAS,OMA,1425,1431,6,21,1452,155,162,138,1099,1910,3,1900,1913,13,0,0,,,,,,
2015,2,25,3,WN,1701,N632SW,DEN,ATL,1505,,,,,165,,,1199,,,1950,,,0,1,B,,,,,
2015,4,20,1,EV,4187,N13997,EWR,ORF,820,841,21,23,904,103,93,57,284,1001,13,1003,1014,11,0,0,,,,,,
2015,5,11,1,OO,5177,N705SK,ATL,IAH,625,627,2,16,643,137,119,98,689,721,5,742,726,-16,0,0,,,,,,
2015,1,13,2,US,403,N624AW,IND,PHX,545,547,2,36,623,243,245,206,1488,749,3,748,752,4,0,0,,,,,,
2015,3,3,2,WN,880,N455WN,MDW,OMA,1245,,,,,90,,,423,,,1415,,,0,1,B,,,,,
2015,3,28,6,DL,1990,N607AT,ATL,SAV,940,938,-2,18,956,63,61,39,214,1035,4,1043,1039,-4,0,0,,,,,,
2015,3,9,1,NK,711,N633NK,LGA,DTW,1647,1650,3,17,1707,128,112,85,502,1832,10,1855,1842,-13,0,0,,,,,,
2015,2,9,1,DL,1208,N3741S,PDX,SLC,1330,1327,-3,10,1337,103,97,80,630,1557,7,1613,1604,-9,0,0,,,,,,
2015,7,21,2,UA,1742,N38417,ORD,SFO,600,600,0,13,613,275,276,249,1846,822,14,835,836,1,0,0,,,,,,
2015,12,1,2,OO,7379,N418SW,SLC,CDC,820,810,-10,18,828,50,53,32,221,900,3,910,903,-7,0,0,,,,,,
2015,12,31,4,B6,1479,N192JB,DCA,FLL,1033,1044,11,16,1100,161,158,136,899,1316,6,1314,1322,8,0,0,,,,,,
2015,10,14,3,AS,677,N549AS,11292,14747,1545,1624,39,11,1635,165,162,145,1024,1800,6,1730,1806,36,0,0,,0,0,0,36,0
2015,9,24,4,AS,493,N469AS,SAN,SEA,800,755,-5,13,808,163,157,134,1050,1022,10,1043,1032,-11,0,0,,,,,,
2015,6,29,1,OO,6408,N963SW,EUG,DEN,1526,1601,35,13,1614,160,155,129,996,1923,13,1906,1936,30,0,0,,0,0,0,30,0
2015,3,13,5,DL,1507,N533US,ATL,SLC,1215,1209,-6,15,1224,253,220,192,1590,1336,13,1428,1349,-39,0,0,,,,,,
2015,6,8,1,OO,2793,N896SK,ELP,PHX,1223,1216,-7,10,1226,82,81,58,347,1224,13,1245,1237,-8,0,0,,,,,,
2015,8,31,1,OO,4591,N817SK,SLC,SEA,2008,2106,58,16,2122,120,130,109,689,2211,5,2108,2216,68,0,0,,10,0,58,0,0
2015,4,12,7,WN,891,N609SW,AUS,ELP,1405,1405,0,9,1414,95,89,76,528,1430,4,1440,1434,-6,0,0,,,,,,
2015,4,27,1,DL,2122,N659DL,RSW,ATL,1313,1306,-7,14,1320,112,104,85,515,1445,5,1505,1450,-15,0,0,,,,,,
2015,5,12,2,DL,1484,N916DN,GEG,MSP,1328,1335,7,15,1350,171,159,140,1175,1810,4,1819,1814,-5,0,0,,,,,,
2015,11,15,7,AA,1381,N4WNAA,DFW,CMH,1820,1848,28,12,1900,142,135,117,926,2157,6,2142,2203,21,0,0,,0,0,0,0,21
2015,8,14,5,MQ,3576,N522MQ,LGA,BNA,1201,1156,-5,36,1232,143,143,102,764,1314,5,1324,1319,-5,0,0,,,,,,
2015,2,18,3,UA,641,N768UA,LAX,HNL,840,852,12,33,925,353,347,310,2556,1235,4,1233,1239,6,0,0,,,,,,
2015,3,7,6,WN,3541,N707SA,SFO,STL,1055,1054,-1,11,1105,230,218,203,1735,1628,4,1645,1632,-13,0,0,,,,,,
2015,2,5,4,AA,41,N3EXAA,ORD,SEA,2050,2047,-3,17,2104,275,289,265,1721,2329,7,2325,2336,11,0,0,,,,,,
2015,8,4,2,WN,858,N567WN,DEN,SEA,2220,2304,44,9,2313,165,175,150,1024,43,16,5,59,54,0,0,,10,0,0,44,0
2015,11,5,4,WN,259,N400WN,MDW,SJC,1935,1942,7,10,1952,290,290,275,1838,2227,5,2225,2232,7,0,0,,,,,,
2015,3,2,1,WN,4661,N947WN,SAT,BWI,1605,1603,-2,9,1612,185,176,164,1407,1956,3,2010,1959,-11,0,0,,,,,,
2015,7,4,6,WN,2563,N204WN,EWR,MDW,1755,1753,-2,12,1805,165,132,103,711,1848,17,1940,1905,-35,0,0,,,,,,
2015,11,3,2,OO,4630,N601XJ,COS,SLC,825,816,-9,20,836,110,106,80,411,956,6,1015,1002,-13,0,0,,,,,,
2015,2,14,6,US,1770,N825AW,SLC,PHL,2359,2347,-12,14,1,238,237,211,1927,532,12,557,544,-13,0,0,,,,,,
2015,3,3,2,EV,5247,N867AS,ATL,BTR,2149,29,160,13,42,95,106,88,448,110,5,2224,115,171,0,0,,11,0,160,0,0
2015,8,9,7,AA,2511,N436AA,ABQ,DFW,1435,1427,-8,71,1538,106,161,82,569,1800,8,1721,1808,47,0,0,,47,0,0,0,0
2015,7,16,4,AA,407,N927UW,ORD,PHX,1055,1049,-6,16,1105,219,217,195,1440,1220,6,1234,1226,-8,0,0,,,,,,
2015,4,1,3,OO,6266,N710SK,ORF,IAH,1734,1739,5,14,1753,205,197,174,1201,1947,9,1959,1956,-3,0,0,,,,,,
2015,5,19,2,EV,3948,N15572,ORD,LAN,1751,1856,65,20,1916,60,55,31,179,2047,4,1951,2051,60,0,0,,0,0,60,0,0
2015,10,20,2,AA,551,N182UW,14908,14107,1240,1336,56,11,1347,73,71,56,338,1443,4,1353,1447,54,0,0,,54,0,0,0,0
2015,8,14,5,UA,1092,N17730,DEN,TUL,1729,1723,-6,12,1735,99,87,71,541,1946,4,2008,1950,-18,0,0,,,,,,
2015,5,1,5,B6,626,N183JB,BWI,BOS,1020,1029,9,10,1039,79,69,56,369,1135,3,1139,1138,-1,0,0,,,,,,
2015,5,11,1,WN,798,N777QC,PHX,ABQ,645,645,0,8,653,60,57,46,328,839,3,845,842,-3,0,0,,,,,,
2015,7,23,4,WN,828,N792SW,MSP,MDW,1930,1943,13,11,1954,95,79,59,349,2053,9,2105,2102,-3,0,0,,,,,,
2015,1,24,6,EV,4424,N12175,RDU,IAH,826,816,-10,9,825,199,199,173,1042,1018,17,1045,1035,-10,0,0,,,,,,
2015,4,6,1,AA,1399,N565AA,DFW,STL,1510,1515,5,15,1530,108,97,74,550,1644,8,1658,1652,-6,0,0,,,,,,
2015,7,24,5,AA,1006,N3HXAA,MIA,BOS,935,1008,33,16,1024,199,180,159,1258,1303,5,1254,1308,14,0,0,,,,,,
2015,7,26,7,WN,874,N930WN,PHX,AUS,1305,1307,2,7,1314,140,147,114,872,1708,26,1725,1734,9,0,0,,,,,,
2015,9,2,3,AS,110,N756AS,ANC,SEA,1235,1236,1,12,1248,204,196,177,1448,1645,7,1659,1652,-7,0,0,,,,,,
2015,6,2,2,WN,295,N448WN,DCA,TPA,1135,1249,74,24,1313,140,156,124,814,1517,8,1355,1525,90,0,0,,16,0,65,9,0
2015,4,14,2,US,1797,N808AW,CLT,MSY,1114,1109,-5,13,1122,113,128,110,651,1212,5,1207,1217,10,0,0,,,,,,
2015,7,15,3,F9,794,N910FR,PDX,DEN,1915,1910,-5,9,1919,144,141,125,991,2224,7,2239,2231,-8,0,0,,,,,,
2015,9,17,4,UA,1740,N39450,EWR,MCO,917,917,0,27,944,168,162,127,937,1151,8,1205,1159,-6,0,0,,,,,,
2015,11,15,7,OO,6471,N962SW,ABQ,LAX,1715,1706,-9,12,1718,130,141,107,677,1805,22,1825,1827,2,0,0,,,,,,
2015,4,12,7,UA,254,N821UA,LAX,DEN,1022,1019,-3,17,1036,142,140,115,862,1331,8,1344,1339,-5,0,0,,,,,,
2015,2,25,3,MQ,3498,N663MQ,OMA,ORD,1730,1757,27,10,1807,100,128,68,416,1915,50,1910,2005,55,0,0,,28,0,0,27,0
2015,11,6,5,WN,161,N217JC,BDL,MCO,1600,1640,40,9,1649,185,162,147,1050,1916,6,1905,1922,17,0,0,,0,0,0,17,0
2015,1,16,5,MQ,3044,N696MQ,JFK,BWI,1629,1632,3,24,1656,69,77,47,184,1743,6,1738,1749,11,0,0,,,,,,
2015,5,4,1,WN,2853,N7812G,SFO,DEN,1500,1521,21,14,1535,150,143,122,967,1837,7,1830,1844,14,0,0,,,,,,
2015,9,25,5,WN,2543,N390SW,AUS,PHX,1205,1201,-4,10,1211,145,136,122,872,1213,4,1230,1217,-13,0,0,,,,,,
2015,6,18,4,WN,1029,N655WN,MCO,BWI,605,600,-5,7,607,130,127,106,787,753,14,815,807,-8,0,0,,,,,,
2015,1,23,5,WN,535,N684WN,LAX,SMF,1515,1552,37,7,1559,80,75,64,373,1703,4,1635,1707,32,0,0,,0,0,2,30,0
2015,2,1,7,UA,394,N498UA,SFO,LAS,1041,1044,3,13,1057,95,84,65,414,1202,6,1216,1208,-8,0,0,,,,,,
2015,9,25,5,OO,6322,N110SY,LAX,SAN,610,605,-5,28,633,55,60,28,109,701,4,705,705,0,0,0,,,,,,
2015,3,9,1,UA,1478,N36207,IAH,SEA,1821,1830,9,27,1857,296,282,246,1874,2103,9,2117,2112,-5,0,0,,,,,,
2015,12,1,2,OO,5400,N824AS,ONT,SFO,1242,1241,-1,13,1254,87,79,62,363,1356,4,1409,1400,-9,0,0,,,,,,
2015,3,30,1,NK,945,N621NK,ACY,RSW,1740,1731,-9,8,1739,161,154,142,982,2001,4,2021,2005,-16,0,0,,,,,,
2015,4,19,7,VX,236,N361VA,LAX,ORD,1645,1642,-3,12,1654,235,234,213,1744,2227,9,2240,2236,-4,0,0,,,,,,
2015,3,13,5,OO,6261,N703SK,LAS,SFO,1523,1559,36,20,1619,97,96,73,414,1732,3,1700,1735,35,0,0,,0,0,0,35,0
2015,8,5,3,AA,1500,N3LFAA,BOS,ORD,500,456,-4,13,509,164,160,139,867,628,8,644,636,-8,0,0,,,,,,
2015,4,22,3,WN,931,N474WN,BWI,RDU,955,951,-4,15,1006,65,70,50,255,1056,5,1100,1101,1,0,0,,,,,,
2015,12,1,2,DL,2652,N933AT,TPA,JFK,1959,2019,20,15,2034,167,150,125,1005,2239,10,2246,2249,3,0,0,,,,,,
2015,12,19,6,WN,3736,N7735A,IND,ATL,800,756,-4,11,807,100,83,65,432,912,7,940,919,-21,0,0,,,,,,
2015,10,7,3,B6,199,N556JB,12953,13204,930,930,0,37,1007,174,165,125,950,1212,3,1224,1215,-9,0,0,,,,,,
2015,2,6,5,OO,5366,N941SW,DVL,JMS,652,641,-11,23,704,38,43,16,83,720,4,730,724,-6,0,0,,,,,,
2015,1,25,7,WN,251,N7735A,LAX,OAK,1050,1045,-5,7,1052,75,63,51,337,1143,5,1205,1148,-17,0,0,,,,,,
2015,11,20,5,DL,1629,N920AT,CLT,DTW,1245,1245,0,13,1258,108,102,81,500,1419,8,1433,1427,-6,0,0,,,,,,
2015,7,27,1,MQ,3457,N524MQ,LGA,RDU,1315,1418,63,31,1449,101,107,69,431,1558,7,1456,1605,69,0,0,,6,0,5,58,0
2015,5,22,5,UA,277,N807UA,IAH,PHL,1259,1338,39,15,1353,206,183,165,1325,1738,3,1725,1741,16,0,0,,0,0,9,7,0
2015,8,6,4,DL,2360,N3752,SLC,DCA,1700,1721,21,18,1739,239,227,206,1851,2305,3,2259,2308,9,0,0,,,,,,
2015,4,9,4,WN,1087,N370SW,BNA,BWI,1935,1959,24,11,2010,105,99,84,587,2234,4,2220,2238,18,0,0,,0,0,0,18,0
2015,3,11,3,OO,6320,N702SK,DEN,SLC,2156,2155,-1,19,2214,92,85,61,391,2315,5,2328,2320,-8,0,0,,,,,,
2015,10,6,2,WN,338,N745SW,12892,14831,1800,1757,-3,6,1803,65,60,51,308,1854,3,1905,1857,-8,0,0,,,,,,
2015,5,10,7,DL,1991,N6707A,MSP,ATL,520,514,-6,10,524,148,137,118,907,822,9,848,831,-17,0,0,,,,,,
2015,2,4,3,WN,43,N492WN,MDW,ROC,2140,2159,19,11,2210,90,81,63,523,13,7,10,20,10,0,0,,,,,,
2015,7,14,2,AA,2057,N192UW,CLT,LAX,945,952,7,26,1018,315,305,274,2125,1152,5,1200,1157,-3,0,0,,,,,,
2015,6,14,7,AS,540,N612AS,PDX,SNA,640,633,-7,15,648,145,146,124,859,852,7,905,859,-6,0,0,,,,,,
2015,11,29,7,UA,301,N68821,DEN,LAS,1123,1128,5,16,1144,118,111,90,628,1214,5,1221,1219,-2,0,0,,,,,,
2015,12,27,7,OO,2920,N955SW,CHO,ORD,501,452,-9,8,500,133,105,89,566,529,8,614,537,-37,0,0,,,,,,
2015,6,28,7,US,2129,N832AW,BOS,DCA,1300,1252,-8,17,1309,96,96,73,399,1422,6,1436,1428,-8,0,0,,,,,,
2015,7,29,3,WN,4017,N436WN,MDW,BNA,1800,1839,39,13,1852,80,79,61,395,1953,5,1920,1958,38,0,0,,0,0,33,5,0
2015,11,27,5,WN,4172,N8313F,MDW,BDL,1335,1335,0,16,1351,120,111,89,777,1620,6,1635,1626,-9,0,0,,,,,,
2015,3,19,4,UA,1283,N26226,EWR,RSW,1325,1325,0,24,1349,197,172,144,1068,1613,4,1642,1617,-25,0,0,,,,,,
2015,9,16,3,AA,1874,N815AW,DCA,MCO,1459,1456,-3,20,1516,145,137,112,759,1708,5,1724,1713,-11,0,0,,,,,,
2015,12,3,4,WN,848,N7704B,SEA,PHX,1605,1605,0,13,1618,165,174,157,1107,1955,4,1950,1959,9,0,0,,,,,,
2015,4,11,6,WN,2059,N743SW,HOU,LGA,1800,1813,13,13,1826,210,198,170,1428,2216,15,2230,2231,1,0,0,,,,,,
2015,3,16,1,WN,450,N958WN,BOS,MKE,600,558,-2,29,627,170,166,132,860,739,5,750,744,-6,0,0,,,,,,
2015,3,28,6,AA,2378,N3LTAA,SFO,LAX,1250,1255,5,10,1305,92,80,61,337,1406,9,1422,1415,-7,0,0,,,,,,
2015,3,16,1,OO,6384,N912SW,SFO,TUS,1135,1129,-6,21,1150,124,135,108,751,1338,6,1339,1344,5,0,0,,,,,,
2015,5,10,7,DL,1463,N910DE,ATL,CHS,1050,1050,0,18,1108,75,67,44,259,1152,5,1205,1157,-8,0,0,,,,,,
2015,4,15,3,OO,2895,N955SW,LAX,SAN,1705,1704,-1,11,1715,46,47,32,109,1747,4,1751,1751,0,0,0,,,,,,
2015,3,24,2,HA,367,N483HA,KOA,HNL,940,942,2,8,950,43,47,30,163,1020,9,1023,1029,6,0,0,,,,,,
2015,12,20,7,EV,5332,N722EV,DTW,TUL,1544,1539,-5,19,1558,146,144,123,789,1701,2,1710,1703,-7,0,0,,,,,,
2015,4,21,2,AS,674,N568AS,SEA,DEN,640,638,-2,15,653,151,152,128,1024,1001,9,1011,1010,-1,0,0,,,,,,
2015,7,3,5,EV,4282,N13123,ORD,BTV,1348,1344,-4,16,1400,133,118,98,763,1638,4,1701,1642,-19,0,0,,,,,,
2015,6,11,4,DL,2556,N921AT,ABE,ATL,615,609,-6,11,620,119,116,94,692,754,11,814,805,-9,0,0,,,,,,
2015,3,3,2,US,495,N583UW,PHX,LAX,1115,1113,-2,11,1124,93,72,54,370,1118,7,1148,1125,-23,0,0,,,,,,
2015,6,13,6,EV,4392,N14174,MKE,IAH,745,821,36,17,838,170,172,146,984,1104,9,1035,1113,38,0,0,,2,0,36,0,0
2015,12,14,1,AA,1171,N3FRAA,ORD,PHX,500,456,-4,16,512,235,234,211,1440,743,7,755,750,-5,0,0,,,,,,
2015,8,27,4,EV,2714,N673AE,VPS,DFW,1905,1902,-3,10,1912,128,123,97,641,2049,16,2113,2105,-8,0,0,,,,,,
2015,7,2,4,WN,4022,N767SW,PDX,PHX,1600,1630,30,7,1637,155,149,137,1009,1854,5,1835,1859,24,0,0,,0,0,17,7,0
2015,4,16,4,EV,4398,N21129,CLE,DCA,2109,2102,-7,5,2107,82,65,51,310,2158,9,2231,2207,-24,0,0,,,,,,
2015,10,19,1,OO,6242,N109SY,13930,11298,1735,1735,0,28,1803,155,161,115,802,1958,18,2010,2016,6,0,0,,,,,,
2015,5,26,2,EV,5996,N14162,ORD,FNT,1415,1410,-5,22,1432,70,66,39,223,1611,5,1625,1616,-9,0,0,,,,,,
2015,5,12,2,AA,2255,N3JXAA,MCO,DFW,1129,1131,2,11,1142,176,155,132,985,1254,12,1325,1306,-19,0,0,,,,,,
2015,7,22,3,MQ,3273,N539MQ,ORD,BUF,1834,1838,4,36,1914,103,108,63,473,2117,9,2117,2126,9,0,0,,,,,,
2015,10,19,1,EV,5261,N844AS,10397,14814,2040,2043,3,8,2051,107,88,76,551,2107,4,2127,2111,-16,0,0,,,,,,
2015,8,5,3,DL,1177,N967DL,ATL,RDU,1005,1000,-5,25,1025,85,88,55,356,1120,8,1130,1128,-2,0,0,,,,,,
2015,2,27,5,WN,4905,N624SW,DSM,MDW,600,605,5,21,626,75,85,58,306,724,6,715,730,15,0,0,,15,0,0,0,0
2015,11,18,3,DL,1685,N840DN,LGA,MCO,1115,1113,-2,27,1140,185,160,128,950,1348,5,1420,1353,-27,0,0,,,,,,
2015,1,26,1,WN,4386,N7702A,ROC,BWI,630,627,-3,11,638,85,69,55,277,733,3,755,736,-19,0,0,,,,,,
2015,4,7,2,EV,5452,N604QX,DTW,ELM,2000,1959,-1,18,2017,80,69,48,332,2105,3,2120,2108,-12,0,0,,,,,,
2015,8,21,5,AS,691,N705AS,GEG,SEA,1415,1459,44,15,1514,60,65,43,224,1557,7,1515,1604,49,0,0,,16,0,0,33,0
2015,3,2,1,WN,557,N238WN,STL,OMA,2100,2124,24,12,2136,75,78,63,342,2239,3,2215,2242,27,0,0,,3,0,0,24,0
2015,3,11,3,AA,23,N391AA,SFO,DFW,1053,1049,-4,16,1105,202,193,173,1464,1558,4,1615,1602,-13,0,0,,,,,,
2015,3,23,1,OO,4709,N603QX,GEG,SEA,1247,1418,91,17,1435,68,66,43,224,1518,6,1355,1524,89,0,0,,0,0,0,89,0
2015,2,2,1,DL,1893,N338NW,DTW,ATL,845,1127,162,15,1142,138,110,88,594,1310,7,1103,1317,134,0,0,,0,0,0,120,14
2015,10,4,7,AA,1081,N3KNAA,13930,12892,845,842,-3,14,856,280,265,240,1744,1056,11,1125,1107,-18,0,0,,,,,,
2015,3,14,6,UA,1271,N39423,EWR,SJU,855,854,-1,16,910,230,225,202,1608,1232,7,1245,1239,-6,0,0,,,,,,
2015,10,14,3,NK,231,N606NK,10397,11697,705,702,-3,12,714,105,108,89,581,843,7,850,850,0,0,0,,,,,,
2015,10,21,3,EV,5472,N868AS,14814,10397,738,732,-6,14,746,102,102,76,551,1002,12,1020,1014,-6,0,0,,,,,,
2015,6,29,1,AA,1349,N3ESAA,RDU,DFW,755,752,-3,10,802,178,174,148,1061,930,16,953,946,-7,0,0,,,,,,
2015,8,10,1,WN,731,N962WN,LAX,TUS,2225,2251,26,30,2321,80,104,67,451,28,7,2345,35,50,0,0,,24,0,0,26,0
2015,6,22,1,DL,2495,N357NB,JAC,SLC,700,654,-6,10,704,61,55,40,205,744,5,801,749,-12,0,0,,,,,,
2015,3,8,7,DL,1178,N916DN,ATL,RIC,1418,1418,0,12,1430,94,78,63,481,1533,3,1552,1536,-16,0,0,,,,,,
2015,11,13,5,OO,5649,N471CA,DEN,BUR,1851,1847,-4,23,1910,155,144,117,850,2007,4,2026,2011,-15,0,0,,,,,,
2015,9,17,4,WN,2834,N797MX,PHX,CLE,1210,1208,-2,6,1214,230,217,206,1737,1840,5,1900,1845,-15,0,0,,,,,,
2015,12,15,2,EV,3263,N12167,XNA,IAH,1623,1617,-6,10,1627,105,111,89,438,1756,12,1808,1808,0,0,0,,,,,,
2015,4,26,7,OO,2849,N864AS,SJC,LAX,1705,1700,-5,13,1713,80,75,51,308,1804,11,1825,1815,-10,0,0,,,,,,
2015,10,22,4,AA,2428,N4UCAA,14492,11298,559,555,-4,16,611,187,179,154,1061,745,9,806,754,-12,0,0,,,,,,
2015,8,13,4,WN,1126,N397SW,DAL,IND,1345,1345,0,9,1354,125,123,108,755,1642,6,1650,1648,-2,0,0,,,,,,
2015,7,22,3,DL,1742,N963AT,ATL,FAY,2101,2303,122,15,2318,81,70,50,331,8,5,2222,13,111,0,0,,0,0,31,80,0
2015,3,3,2,MQ,3234,N697MQ,CHA,DFW,1809,1854,45,9,1903,141,151,129,695,2012,13,1930,2025,55,0,0,,10,0,14,31,0
2015,6,7,7,WN,1002,N497WN,ABQ,LAX,1725,1735,10,23,1758,115,125,96,677,1834,6,1820,1840,20,0,0,,10,0,7,3,0
2015,8,8,6,AA,383,N486AA,DFW,AUS,1625,1621,-4,12,1633,56,50,33,190,1706,5,1721,1711,-10,0,0,,,,,,
2015,12,5,6,B6,278,N793JB,SFO,FLL,2245,2312,27,10,2322,315,307,293,2584,715,4,700,719,19,0,0,,0,0,19,0,0
2015,8,1,6,B6,577,N529JB,FLL,SFO,1041,1036,-5,15,1051,359,356,316,2584,1307,25,1340,1332,-8,0,0,,,,,,
2015,9,4,5,WN,2404,N8321D,PHX,MKE,1115,1140,25,9,1149,205,179,165,1460,1634,5,1640,1639,-1,0,0,,,,,,
2015,9,23,3,WN,2437,N292WN,OKC,STL,615,612,-3,8,620,80,73,62,462,722,3,735,725,-10,0,0,,,,,,
2015,6,7,7,UA,1166,N17244,LAX,EWR,2348,2359,11,25,24,320,334,303,2454,827,6,808,833,25,0,0,,25,0,0,0,0
2015,1,11,7,AA,2312,N373AA,MCO,MIA,1900,,,,,71,,,192,,,2011,,,0,1,A,,,,,
2015,8,2,7,DL,2438,N942DL,ATL,DCA,920,914,-6,11,925,103,87,71,547,1036,5,1103,1041,-22,0,0,,,,,,
2015,11,13,5,AS,6,N586AS,LAX,DCA,1300,1259,-1,14,1313,297,274,257,2311,2030,3,2057,2033,-24,0,0,,,,,,
2015,10,19,1,UA,1144,N39463,12264,14679,1744,1743,-1,41,1824,334,337,293,2253,2017,3,2018,2020,2,0,0,,,,,,
2015,2,7,6,EV,5987,N15572,TYS,ORD,830,825,-5,22,847,102,119,88,475,915,9,912,924,12,0,0,,,,,,
2015,1,3,6,OO,5618,N719SK,HDN,LAX,1633,1803,90,23,1826,132,137,101,763,1907,13,1745,1920,95,0,0,,5,0,5,85,0
2015,4,19,7,WN,1799,N8639B,LAS,MCI,905,918,13,13,931,170,153,136,1139,1347,4,1355,1351,-4,0,0,,,,,,
2015,6,16,2,DL,1592,N833DN,SAN,ATL,615,616,1,20,636,270,247,223,1892,1319,4,1345,1323,-22,0,0,,,,,,
2015,4,29,3,DL,2543,N891AT,PHL,ATL,545,542,-3,12,554,129,125,105,666,739,8,754,747,-7,0,0,,,,,,
2015,9,20,7,UA,778,N440UA,IAD,MCO,1235,1232,-3,18,1250,136,129,104,758,1434,7,1451,1441,-10,0,0,,,,,,
2015,4,11,6,AA,1029,N3EMAA,LGA,MIA,1815,1811,-4,26,1837,197,195,164,1096,2121,5,2132,2126,-6,0,0,,,,,,
2015,8,16,7,AA,2425,N3JXAA,DFW,LAX,1050,1047,-3,15,1102,206,212,156,1235,1138,41,1216,1219,3,0,0,,,,,,
2015,1,8,4,EV,5029,N838AS,MOB,ATL,615,613,-2,10,623,69,64,48,302,811,6,824,817,-7,0,0,,,,,,
2015,1,3,6,WN,1854,N282WN,FNT,MCO,1310,1325,15,7,1332,165,158,146,1011,1558,5,1555,1603,8,0,0,,,,,,
2015,9,11,5,WN,747,N570WN,BWI,ORF,1350,1350,0,11,1401,55,47,32,159,1433,4,1445,1437,-8,0,0,,,,,,
2015,8,28,5,B6,157,N178JB,BOS,IAD,810,806,-4,24,830,96,98,70,413,940,4,946,944,-2,0,0,,,,,,
2015,1,11,7,DL,582,N398DA,DTW,BOS,2008,2002,-6,62,2104,121,144,76,632,2220,6,2209,2226,17,0,0,,17,0,0,0,0
2015,3,16,1,WN,3771,N226WN,DTW,BWI,1535,1531,-4,16,1547,90,81,61,409,1648,4,1705,1652,-13,0,0,,,,,,
2015,9,29,2,WN,2437,N799SW,OKC,STL,615,610,-5,10,620,80,79,63,462,723,6,735,729,-6,0,0,,,,,,
2015,12,5,6,UA,685,N412UA,DEN,ICT,1005,954,-11,17,1011,80,77,57,420,1208,3,1225,1211,-14,0,0,,,,,,
2015,8,27,4,AA,1314,N565AA,TUL,DFW,810,806,-4,15,821,74,73,40,237,901,18,924,919,-5,0,0,,,,,,
2015,1,14,3,AA,345,N3HCAA,LGA,ORD,1709,1707,-2,41,1748,171,165,109,733,1837,15,1900,1852,-8,0,0,,,,,,
2015,10,31,6,DL,801,N905DE,14635,10397,1025,1020,-5,14,1034,102,96,76,515,1150,6,1207,1156,-11,0,0,,,,,,
2015,11,29,7,UA,1819,N853UA,IAH,PIT,715,714,-1,46,800,176,184,133,1117,1113,5,1111,1118,7,0,0,,,,,,
2015,9,1,2,OO,4475,N430SW,ISN,MSP,1650,1806,76,15,1821,107,95,76,546,1937,4,1837,1941,64,0,0,,0,0,0,64,0
2015,6,26,5,DL,1376,N921DL,ATL,OMA,2115,2118,3,21,2139,150,135,111,821,2230,3,2245,2233,-12,0,0,,,,,,
2015,4,9,4,WN,3403,N240WN,ATL,DCA,1315,1312,-3,16,1328,100,109,89,547,1457,4,1455,1501,6,0,0,,,,,,
2015,4,23,4,AS,659,N795AS,PHX,PDX,1330,1324,-6,17,1341,163,169,147,1009,1608,5,1613,1613,0,0,0,,,,,,
2015,11,15,7,AA,1897,N554UW,BOS,CLT,1910,1923,13,18,1941,150,127,104,728,2125,5,2140,2130,-10,0,0,,,,,,
2015,9,3,4,DL,1368,N936DN,ATL,STL,1505,1506,1,73,1619,107,150,74,484,1633,3,1552,1636,44,0,0,,44,0,0,0,0
2015,3,1,7,WN,648,N264LV,BWI,PVD,2210,,,,,70,,,327,,,2320,,,0,1,B,,,,,
2015,6,22,1,AS,506,N597AS,SEA,SNA,740,802,22,18,820,165,162,138,978,1038,6,1025,1044,19,0,0,,0,0,19,0,0
2015,10,13,2,WN,2164,N260WN,13204,10693,1040,1051,11,6,1057,115,104,92,616,1129,6,1135,1135,0,0,0,,,,,,
2015,5,27,3,WN,3301,N7740A,ABQ,BWI,1540,1553,13,10,1603,225,218,196,1670,2119,12,2125,2131,6,0,0,,,,,,
2015,6,27,6,OO,4576,N457SW,RAP,MSP,1006,957,-9,14,1011,93,103,75,489,1226,14,1239,1240,1,0,0,,,,,,
2015,12,14,1,WN,2461,N754SW,SJC,SNA,645,646,1,10,656,75,77,54,342,750,13,800,803,3,0,0,,,,,,
2015,11,28,6,AA,2053,N581UW,IAH,CLT,710,703,-7,19,722,147,152,118,912,1020,15,1037,1035,-2,0,0,,,,,,
2015,9,15,2,MQ,3043,N922MQ,ORD,HSV,1500,1458,-2,22,1520,114,98,72,510,1632,4,1654,1636,-18,0,0,,,,,,
2015,12,16,3,AA,1018,N3BYAA,BWI,DFW,1513,1516,3,14,1530,222,226,205,1217,1755,7,1755,1802,7,0,0,,,,,,
2015,5,28,4,EV,4133,N13992,ROC,EWR,1256,1258,2,29,1327,75,90,50,246,1417,11,1411,1428,17,0,0,,15,0,2,0,0
2015,12,30,3,DL,2321,N844DN,MSP,LAX,1924,2139,135,10,2149,243,229,205,1535,2314,14,2127,2328,121,0,0,,0,0,0,121,0
2015,6,26,5,DL,968,N811DZ,SEA,ATL,622,637,15,11,648,288,267,251,2182,1359,5,1410,1404,-6,0,0,,,,,,
2015,3,4,3,EV,4696,N14570,SAT,IAH,1858,1901,3,11,1912,67,60,42,191,1954,7,2005,2001,-4,0,0,,,,,,
2015,3,9,1,AA,127,N3CHAA,IAD,DFW,625,617,-8,14,631,209,219,191,1172,842,14,854,856,2,0,0,,,,,,
2015,10,25,7,WN,3126,N796SW,13232,14492,1335,1442,67,18,1500,110,102,79,632,1719,5,1625,1724,59,0,0,,0,0,2,57,0
2015,1,5,1,OO,6323,N579SW,LAX,SAN,840,850,10,19,909,60,60,36,109,945,5,940,950,10,0,0,,,,,,
2015,6,9,2,WN,633,N936WN,LGA,MDW,1525,1529,4,27,1556,160,143,109,725,1645,7,1705,1652,-13,0,0,,,,,,
2015,2,19,4,OO,2590,N466SW,LAX,SAN,1855,1851,-4,14,1905,46,47,29,109,1934,4,1941,1938,-3,0,0,,,,,,
2015,9,4,5,DL,326,N3757D,SJU,JFK,700,700,0,23,723,225,232,198,1598,1041,11,1045,1052,7,0,0,,,,,,
2015,3,6,5,WN,1108,N7714B,SMF,SAN,1055,1103,8,7,1110,85,81,72,480,1222,2,1220,1224,4,0,0,,,,,,
2015,6,13,6,OO,5318,N948SW,CMX,ORD,530,,,,,85,,,359,,,555,,,0,1,C,,,,,
2015,7,18,6,VX,440,N522VA,AUS,DAL,710,727,17,8,735,60,52,38,189,813,6,810,819,9,0,0,,,,,,
2015,10,31,6,AA,445,N918US,11057,11292,929,1008,39,17,1025,215,222,197,1337,1142,8,1104,1150,46,0,0,,7,0,39,0,0
2015,6,25,4,B6,63,N570JB,JFK,SEA,912,909,-3,35,944,367,389,348,2422,1232,6,1219,1238,19,0,0,,19,0,0,0,0
2015,7,10,5,DL,1497,N917DN,PHL,MSP,830,826,-4,13,839,166,160,139,980,958,8,1016,1006,-10,0,0,,,,,,
2015,4,29,3,WN,782,N900WN,ATL,MDW,1725,1740,15,11,1751,115,103,88,591,1819,4,1820,1823,3,0,0,,,,,,
2015,10,22,4,WN,207,N286WN,11259,15016,1410,1413,3,13,1426,95,88,72,546,1538,3,1545,1541,-4,0,0,,,,,,
2015,12,29,2,OO,3456,N216AG,PDX,BUR,635,634,-1,10,644,131,110,98,817,822,2,846,824,-22,0,0,,,,,,
2015,8,5,3,MQ,3525,N505MQ,XNA,ORD,1914,1918,4,19,1937,106,97,70,522,2047,8,2100,2055,-5,0,0,,,,,,
2015,1,13,2,US,1718,N201UU,MCO,CLT,640,633,-7,13,646,97,90,70,468,756,7,817,803,-14,0,0,,,,,,
2015,1,6,2,EV,5461,N882AS,DTW,MBS,1222,1214,-8,14,1228,56,46,27,98,1255,5,1318,1300,-18,0,0,,,,,,
2015,10,26,1,EV,5114,N920EV,11433,11977,1942,1939,-3,15,1954,80,73,53,287,1947,5,2002,1952,-10,0,0,,,,,,
2015,5,2,6,OO,5199,N103SY,AUS,SFO,600,600,0,18,618,249,244,222,1504,800,4,809,804,-5,0,0,,,,,,
2015,6,11,4,MQ,3148,N683MQ,BWI,ORD,1507,1504,-3,29,1533,143,154,111,622,1624,14,1630,1638,8,0,0,,,,,,
2015,12,5,6,DL,2605,N998AT,MSN,ATL,1400,1357,-3,10,1407,126,113,95,707,1642,8,1706,1650,-16,0,0,,,,,,
2015,9,20,7,DL,2510,N360NW,SLC,SJC,2150,2146,-4,14,2200,117,103,87,584,2227,2,2247,2229,-18,0,0,,,,,,
2015,8,16,7,AA,2029,N507AY,CLT,SFO,1635,1700,25,12,1712,330,311,290,2296,1902,9,1905,1911,6,0,0,,,,,,
2015,10,24,6,WN,2413,N789SW,14679,12889,1630,1627,-3,11,1638,70,67,50,258,1728,6,1740,1734,-6,0,0,,,,,,
2015,1,7,3,MQ,3226,N650MQ,ORD,TYS,2040,2059,19,32,2131,90,95,59,475,2330,4,2310,2334,24,0,0,,5,0,0,0,19
2015,6,1,1,F9,766,N938FR,LAS,DEN,1255,1251,-4,13,1304,109,106,84,628,1528,9,1544,1537,-7,0,0,,,,,,
2015,7,17,5,UA,1060,N39450,RDU,SFO,703,702,-1,9,711,346,324,301,2400,912,14,949,926,-23,0,0,,,,,,
2015,7,8,3,EV,5074,N708EV,LGA,BHM,1359,1353,-6,26,1419,157,138,108,866,1507,4,1536,1511,-25,0,0,,,,,,
2015,10,28,3,B6,232,N648JB,12954,14869,836,835,-1,9,844,102,95,82,588,1106,4,1118,1110,-8,0,0,,,,,,
2015,7,11,6,OO,5260,N791SK,SFO,ACV,917,1029,72,11,1040,77,57,40,250,1120,6,1034,1126,52,0,0,,0,0,52,0,0
2015,6,11,4,WN,4277,N743SW,LAS,ATL,1415,1526,71,8,1534,250,219,205,1747,2159,6,2125,2205,40,0,0,,0,0,8,32,0
2015,4,13,1,NK,313,N618NK,DTW,DFW,751,742,-9,14,756,175,176,148,986,924,14,946,938,-8,0,0,,,,,,
2015,10,2,5,EV,4930,N882AS,10397,14574,1208,1208,0,13,1221,83,72,55,357,1316,4,1331,1320,-11,0,0,,,,,,
2015,7,3,5,DL,1127,N3754A,ATL,CMH,905,904,-1,58,1002,88,127,66,447,1108,3,1033,1111,38,0,0,,38,0,0,0,0
2015,10,2,5,AA,1203,N3AVAA,12892,14771,1215,1212,-3,19,1231,83,86,62,337,1333,5,1338,1338,0,0,0,,,,,,
2015,5,7,4,WN,1429,N565WN,AUS,SAN,1105,1101,-4,11,1112,185,185,171,1164,1203,3,1210,1206,-4,0,0,,,,,,
2015,6,27,6,EV,4202,N16178,EWR,STL,1900,2217,197,19,2236,166,156,125,872,2341,12,2046,2353,187,0,0,,0,0,184,3,0
2015,1,26,1,AS,583,N588AS,SNA,PDX,1440,1447,7,18,1505,147,136,112,859,1657,6,1707,1703,-4,0,0,,,,,,
2015,1,21,3,WN,2170,N552WN,TUS,DEN,700,656,-4,6,702,120,99,81,639,823,12,900,835,-25,0,0,,,,,,
2015,12,14,1,DL,2069,N672DL,ATL,MCO,1000,956,-4,35,1031,92,106,65,404,1136,6,1132,1142,10,0,0,,,,,,
2015,3,24,2,OO,6323,N563SW,LAX,SAN,855,855,0,22,917,65,53,28,109,945,3,1000,948,-12,0,0,,,,,,
2015,8,19,3,AA,29,N5FKAA,MIA,BOS,1215,1214,-1,15,1229,194,208,183,1258,1532,10,1529,1542,13,0,0,,,,,,
2015,4,18,6,US,1852,N711UW,CLT,BWI,800,1029,149,21,1050,89,84,58,361,1148,5,929,1153,144,0,0,,0,0,144,0,0
2015,10,6,2,DL,1489,N355NB,10397,12266,1400,1357,-3,21,1418,136,123,99,689,1457,3,1516,1500,-16,0,0,,,,,,
2015,9,22,2,AA,873,N579UW,EWR,CLT,1030,1024,-6,15,1039,111,108,88,529,1207,5,1221,1212,-9,0,0,,,,,,
2015,6,29,1,EV,5012,N839AS,ATL,TYS,1736,1818,42,11,1829,58,42,29,152,1858,2,1834,1900,26,0,0,,0,0,0,26,0
2015,6,30,2,UA,1585,N37422,ORD,TPA,1819,1832,13,40,1912,162,170,123,1012,2215,7,2201,2222,21,0,0,,8,0,13,0,0
2015,8,4,2,WN,1369,N749SW,PHX,STL,1935,1934,-1,8,1942,175,157,145,1262,7,4,30,11,-19,0,0,,,,,,
2015,7,5,7,EV,6037,N11140,IAH,AMA,1430,1427,-3,11,1438,102,91,73,517,1551,7,1612,1558,-14,0,0,,,,,,
2015,4,15,3,DL,955,N961AT,ATL,GSP,850,919,29,25,944,51,60,32,153,1016,3,941,1019,38,0,0,,9,0,29,0,0
2015,6,14,7,WN,1321,N784SW,ATL,HOU,720,717,-3,10,727,120,116,101,696,808,5,820,813,-7,0,0,,,,,,
2015,4,14,2,WN,4117,N426WN,MCO,ATL,2005,2001,-4,22,2023,90,97,64,404,2127,11,2135,2138,3,0,0,,,,,,
2015,7,28,2,OO,5389,N918SW,SBP,LAX,1019,1014,-5,7,1021,65,55,35,156,1056,13,1124,1109,-15,0,0,,,,,,
2015,7,25,6,UA,1222,N57439,DEN,IAD,1845,1850,5,18,1908,196,187,164,1452,2352,5,1,2357,-4,0,0,,,,,,
2015,6,19,5,AS,635,N589AS,DFW,PDX,800,757,-3,25,822,239,254,221,1616,1003,8,959,1011,12,0,0,,,,,,
2015,4,6,1,EV,6079,N27200,ATW,ORD,1902,1849,-13,15,1904,68,74,44,160,1948,15,2010,2003,-7,0,0,,,,,,
2015,12,6,7,AA,5,N4UCAA,OKC,DFW,740,737,-3,11,748,68,57,38,175,826,8,848,834,-14,0,0,,,,,,
2015,9,13,7,EV,4914,N919EV,ATL,FSM,1352,1347,-5,13,1400,113,120,103,579,1443,4,1445,1447,2,0,0,,,,,,
2015,6,15,1,EV,4098,N12135,AEX,IAH,1716,1747,31,17,1804,63,70,42,190,1846,11,1819,1857,38,0,0,,7,0,3,28,0
2015,5,23,6,DL,1602,N368NW,LAS,MSP,700,656,-4,9,705,186,168,151,1299,1136,8,1206,1144,-22,0,0,,,,,,
2015,10,22,4,AA,1499,N3AYAA,11298,12889,705,701,-4,13,714,176,181,162,1055,756,6,801,802,1,0,0,,,,,,
2015,1,17,6,WN,2608,N8316H,STL,PHX,1625,1637,12,6,1643,210,199,186,1262,1849,7,1855,1856,1,0,0,,,,,,
2015,1,19,1,WN,1973,N777QC,LAS,LAX,1400,1409,9,23,1432,70,72,44,236,1516,5,1510,1521,11,0,0,,,,,,
2015,12,4,5,B6,2202,N353JB,JFK,BUF,1555,1547,-8,42,1629,91,100,56,301,1725,2,1726,1727,1,0,0,,,,,,
2015,8,19,3,B6,1492,N184JB,ACK,JFK,914,916,2,10,926,68,58,38,199,1004,10,1022,1014,-8,0,0,,,,,,
2015,1,31,6,AA,1104,N3JHAA,LGA,DFW,1151,1150,-1,11,1201,254,223,203,1389,1424,9,1505,1433,-32,0,0,,,,,,
2015,2,8,7,UA,1210,N54241,SEA,IAH,830,822,-8,14,836,258,227,209,1874,1405,4,1448,1409,-39,0,0,,,,,,
2015,7,24,5,OO,4676,N813SK,PSC,MSP,715,709,-6,12,721,173,158,143,1254,1144,3,1208,1147,-21,0,0,,,,,,
2015,11,29,7,B6,469,N529JB,BOS,FLL,2140,2130,-10,22,2152,201,206,177,1237,49,7,101,56,-5,0,0,,,,,,
2015,12,27,7,WN,382,N611SW,SJC,PDX,1805,1854,49,8,1902,105,96,84,569,2026,4,1950,2030,40,0,0,,0,0,16,24,0
2015,12,3,4,AA,127,N586AA,IAD,DFW,705,700,-5,14,714,224,204,176,1172,910,14,949,924,-25,0,0,,,,,,
2015,7,10,5,WN,3313,N553WN,LAS,LIT,1205,1201,-4,10,1211,180,165,150,1294,1641,5,1705,1646,-19,0,0,,,,,,
2015,11,20,5,AA,1492,N479AA,DFW,AUS,2155,2153,-2,11,2204,62,50,33,190,2237,6,2257,2243,-14,0,0,,,,,,
2015,6,21,7,WN,4140,N317WN,TUL,DAL,1135,1137,2,10,1147,60,61,47,237,1234,4,1235,1238,3,0,0,,,,,,
2015,4,2,4,WN,1363,N444WN,SJC,LAX,1425,1430,5,10,1440,65,67,50,308,1530,7,1530,1537,7,0,0,,,,,,
2015,12,27,7,DL,2030,N990AT,MDW,ATL,600,603,3,13,616,117,113,94,591,850,6,857,856,-1,0,0,,,,,,
2015,12,1,2,WN,842,N202WN,LAS,SLC,1910,1912,2,11,1923,75,71,56,368,2119,4,2125,2123,-2,0,0,,,,,,
2015,11,21,6,AA,1974,N973UY,PHL,FLL,1725,1726,1,12,1738,169,159,141,992,1959,6,2014,2005,-9,0,0,,,,,,
2015,12,21,1,WN,1537,N925WN,ABQ,PHX,1115,1115,0,6,1121,75,71,60,328,1221,5,1230,1226,-4,0,0,,,,,,
2015,8,8,6,AA,1336,N565AA,TPA,ORD,705,659,-6,11,710,173,191,149,1012,839,31,858,910,12,0,0,,,,,,
2015,2,11,3,AA,1336,N3GTAA,PHX,DFW,610,606,-4,14,620,133,131,105,868,905,12,923,917,-6,0,0,,,,,,
2015,8,23,7,DL,759,N692DL,MSP,GEG,2150,2211,21,12,2223,184,172,156,1175,2259,4,2254,2303,9,0,0,,,,,,
2015,7,2,4,AA,2083,N805AW,STL,PHX,2045,2043,-2,11,2054,193,199,183,1262,2157,5,2158,2202,4,0,0,,,,,,
2015,7,22,3,OO,4717,N426SW,DAY,DTW,1730,1721,-9,17,1738,67,70,44,166,1822,9,1837,1831,-6,0,0,,,,,,
2015,4,20,1,WN,1880,N266WN,DEN,PHX,600,555,-5,11,606,115,106,90,602,636,5,655,641,-14,0,0,,,,,,
2015,8,19,3,WN,3147,N933WN,LAS,SAN,725,719,-6,15,734,65,61,43,258,817,3,830,820,-10,0,0,,,,,,
2015,7,17,5,AA,1905,N176UW,CLT,MCO,925,922,-3,27,949,94,96,65,468,1054,4,1059,1058,-1,0,0,,,,,,
2015,11,9,1,AA,2503,N467AA,ORD,BOS,1325,1319,-6,18,1337,133,132,108,867,1625,6,1638,1631,-7,0,0,,,,,,
2015,8,14,5,DL,2394,N923DL,ATL,PHL,1750,1803,13,14,1817,135,118,99,666,1956,5,2005,2001,-4,0,0,,,,,,
2015,10,18,7,DL,844,N3754A,14869,11298,1510,1510,0,15,1525,146,146,124,989,1829,7,1836,1836,0,0,0,,,,,,
2015,8,7,5,OO,6387,N127SY,LAS,SFO,1730,1729,-1,24,1753,99,99,67,414,1900,8,1909,1908,-1,0,0,,,,,,
2015,4,7,2,NK,360,N504NK,OAK,LAS,1402,1353,-9,7,1400,83,77,64,407,1504,6,1525,1510,-15,0,0,,,,,,
2015,5,22,5,UA,1042,N24202,LGA,DEN,1750,1752,2,15,1807,268,263,239,1620,2006,9,2018,2015,-3,0,0,,,,,,
2015,5,8,5,AA,7,N361AA,DFW,OGG,905,900,-5,32,932,502,509,467,3711,1219,10,1227,1229,2,0,0,,,,,,
2015,6,14,7,DL,903,N928DN,ATL,BOS,2043,2046,3,16,2102,163,154,133,946,2315,5,2326,2320,-6,0,0,,,,,,
2015,1,30,5,WN,3754,N7750A,LAX,DEN,600,559,-1,23,622,145,137,108,862,910,6,925,916,-9,0,0,,,,,,
2015,9,9,3,AA,1815,N745VJ,LGA,CLT,840,836,-4,16,852,128,105,82,544,1014,7,1048,1021,-27,0,0,,,,,,
2015,8,25,2,EV,4873,N724EV,ATL,AGS,905,902,-3,16,918,55,48,29,143,947,3,1000,950,-10,0,0,,,,,,
2015,4,5,7,EV,2507,N879AS,DFW,BTR,849,946,57,13,959,80,73,57,383,1056,3,1009,1059,50,0,0,,0,0,0,50,0
2015,11,23,1,DL,2823,N959DN,GRR,ATL,600,555,-5,14,609,134,106,87,640,736,5,814,741,-33,0,0,,,,,,
2015,10,26,1,DL,2315,N3750D,11193,10397,710,706,-4,51,757,93,123,66,373,903,6,843,909,26,0,0,,26,0,0,0,0
2015,1,29,4,EV,3949,N13908,MCI,ORD,1037,1037,0,13,1050,93,90,67,403,1157,10,1210,1207,-3,0,0,,,,,,
2015,6,19,5,AA,2262,N5CKAA,DFW,SEA,1025,1022,-3,15,1037,255,251,229,1660,1226,7,1240,1233,-7,0,0,,,,,,
2015,12,18,5,DL,2452,N617DL,ATL,RIC,948,949,1,19,1008,90,81,58,481,1106,4,1118,1110,-8,0,0,,,,,,
2015,6,30,2,MQ,3113,N694MQ,ORD,RIC,805,801,-4,21,822,119,117,92,642,1054,4,1104,1058,-6,0,0,,,,,,
2015,8,24,1,WN,317,N744SW,OAK,SEA,545,543,-2,9,552,120,103,87,672,719,7,745,726,-19,0,0,,,,,,
2015,2,25,3,OO,4739,N460SW,IAD,DTW,945,942,-3,17,959,100,111,87,383,1126,7,1125,1133,8,0,0,,,,,,
2015,9,4,5,UA,1673,N36469,SFO,MCO,1443,1443,0,26,1509,317,306,274,2446,2243,6,2300,2249,-11,0,0,,,,,,
2015,7,20,1,OO,4581,N607SK,SEA,BOI,1526,1713,107,18,1731,84,80,57,399,1928,5,1750,1933,103,0,0,,0,0,69,34,0
2015,2,4,3,EV,5084,N713EV,ATL,TUL,825,821,-4,16,837,131,123,103,674,920,4,936,924,-12,0,0,,,,,,
2015,7,23,4,B6,27,N595JB,EWR,MCO,600,550,-10,15,605,150,142,121,937,806,6,830,812,-18,0,0,,,,,,
2015,8,12,3,VX,878,N521VA,LAX,DAL,1225,1227,2,16,1243,185,199,164,1246,1727,19,1730,1746,16,0,0,,0,0,0,2,14
2015,3,9,1,EV,4345,N16525,IAH,CRP,742,741,-1,24,805,63,,,201,,,845,,,0,1,B,,,,,
2015,7,7,2,B6,1189,N296JB,BOS,DCA,2055,2053,-2,29,2122,92,99,67,399,2229,3,2227,2232,5,0,0,,,,,,
2015,10,14,3,AS,519,N609AS,14908,14747,700,651,-9,27,718,175,175,141,978,939,7,955,946,-9,0,0,,,,,,
2015,7,26,7,AS,66,N613AS,JNU,SEA,2005,1957,-8,27,2024,142,139,106,909,2310,6,2327,2316,-11,0,0,,,,,,
2015,4,30,4,OO,4652,N779CA,BDL,CLE,710,702,-8,15,717,101,117,97,476,854,5,851,859,8,0,0,,,,,,
2015,3,19,4,AA,96,N574AA,DFW,STL,820,844,24,34,918,97,115,76,550,1034,5,957,1039,42,0,0,,18,0,24,0,0
2015,9,17,4,EV,5147,N723EV,LGA,BUF,659,654,-5,29,723,86,82,51,292,814,2,825,816,-9,0,0,,,,,,
2015,1,10,6,US,422,N660AW,ATL,CLT,1040,1042,2,15,1057,78,57,34,226,1131,8,1158,1139,-19,0,0,,,,,,
2015,7,6,1,EV,2710,N629AE,MLU,DFW,1355,1513,78,10,1523,82,76,55,293,1618,11,1517,1629,72,0,0,,0,0,41,31,0
2015,5,11,1,DL,1066,N908DL,ATL,BNA,950,948,-2,19,1007,68,64,38,214,945,7,958,952,-6,0,0,,,,,,
2015,2,8,7,DL,1508,N3754A,FLL,JFK,1320,1320,0,20,1340,176,168,142,1069,1602,6,1616,1608,-8,0,0,,,,,,
2015,8,15,6,DL,86,N840DN,SAN,DTW,1118,1118,0,14,1132,267,274,254,1956,1846,6,1845,1852,7,0,0,,,,,,
2015,3,18,3,UA,1226,N75428,SEA,ORD,2254,2255,1,14,2309,241,219,195,1721,424,10,455,434,-21,0,0,,,,,,
2015,7,10,5,EV,5674,N14902,ORF,ORD,645,649,4,8,657,135,121,107,717,744,6,800,750,-10,0,0,,,,,,
2015,6,15,1,WN,825,N600WN,SJC,PHX,2245,2301,16,10,2311,115,102,86,621,37,6,40,43,3,0,0,,,,,,
2015,9,27,7,B6,615,N929JB,JFK,SFO,1130,1125,-5,39,1204,378,401,352,2586,1456,10,1448,1506,18,0,0,,18,0,0,0,0
2015,5,9,6,AA,2381,N859AA,LAX,MCO,800,754,-6,18,812,291,282,255,2218,1527,9,1551,1536,-15,0,0,,,,,,
2015,3,30,1,AS,751,N612AS,STL,SEA,1830,1814,-16,9,1823,265,251,237,1709,2020,5,2055,2025,-30,0,0,,,,,,
2015,1,22,4,WN,4744,N900WN,HOU,DCA,1505,1502,-3,9,1511,170,165,151,1218,1842,5,1855,1847,-8,0,0,,,,,,
2015,2,19,4,DL,1767,N993DL,ATL,FNT,931,930,-1,10,940,114,117,103,645,1123,4,1125,1127,2,0,0,,,,,,
2015,4,23,4,OO,6503,N138SY,MSP,ORD,1649,1652,3,13,1705,90,77,49,334,1754,15,1819,1809,-10,0,0,,,,,,
2015,9,3,4,WN,474,N563WN,BNA,BWI,625,621,-4,9,630,105,100,89,587,859,2,910,901,-9,0,0,,,,,,
2015,11,17,2,F9,865,N912FR,DEN,MSO,1755,1750,-5,9,1759,126,156,140,679,2019,7,2001,2026,25,0,0,,25,0,0,0,0
2015,1,2,5,WN,594,N724SW,MDW,DTW,800,755,-5,19,814,65,69,39,228,953,11,1005,1004,-1,0,0,,,,,,
2015,4,27,1,OO,4727,N608SK,SEA,SJC,1050,1045,-5,16,1101,123,122,102,697,1243,4,1253,1247,-6,0,0,,,,,,
2015,4,3,5,DL,1405,N6714Q,DTW,MCO,2015,2012,-3,18,2030,154,148,121,957,2231,9,2249,2240,-9,0,0,,,,,,
2015,2,17,2,DL,1214,N332NB,DFW,MSP,645,646,1,11,657,137,125,111,852,848,3,902,851,-11,0,0,,,,,,
2015,6,8,1,WN,282,N8621A,SJU,MCO,1845,1839,-6,11,1850,180,179,160,1189,2130,8,2145,2138,-7,0,0,,,,,,
2015,6,8,1,B6,117,N294JB,BOS,JFK,1140,1140,0,52,,,,,,,,,,,,,,,,,,
